task_id,persona,primary_dimension,secondary_dimension,sort_mode,hotel_id,hotel_name,n_respondents,n_shown,n_chosen,share,share_pct,rank_in_group,mean_neg_log_position,spatial,accessibility,facility,economic,disruption,price_lkr,rating,star,distance_km
t1,Evening walker,spatial,economic,distance,lp102b02,Marino Beach Colombo,68,68,0,0.0,0.0,18,-2.9444,0.406,0.344,0.9047,0.469,0.625,30177,4.6,5,3.2
t1,Evening walker,spatial,economic,distance,lp6557c6e0,Granbell Hotel Colombo,68,68,0,0.0,0.0,30,-2.7081,0.531,0.625,0.5422,0.5,0.35,28807,4.6,4,2.3
t1,Evening walker,spatial,economic,distance,lp741c5,Cinnamon Red Colombo,68,68,0,0.0,0.0,29,-2.7726,0.5,0.5,0.6266,0.375,0.35,36530,4.5,4,1.9
t1,Evening walker,spatial,economic,distance,lp9855f,Fairway Colombo - Sri Lanka's First Hotel With Robot Technology,68,68,0,0.0,0.0,28,-1.7918,0.781,0.688,0.525,0.531,0.5,28429,4.2,4,2.1
t1,Evening walker,spatial,economic,distance,lp655a9e91,Zest Metropole,68,68,0,0.0,0.0,27,-1.9459,0.75,0.781,0.5375,0.656,0.5,21223,4.3,4,2.0
t1,Evening walker,spatial,economic,distance,lp656d3aa9,Sofia Colombo City Hotel,68,68,0,0.0,0.0,26,-2.8904,0.438,0.594,0.5922,0.594,0.35,23620,4.3,4,2.4
t1,Evening walker,spatial,economic,distance,lp803e1,Galle Face Hotel,68,68,0,0.0,0.0,25,-2.0794,0.719,0.875,0.8141,0.281,0.4,38531,4.5,5,1.8
t1,Evening walker,spatial,economic,distance,lpb1537,Shangri-La Colombo,68,68,36,0.529412,52.94,1,0.0,0.969,0.969,0.9281,0.031,0.4,68781,4.7,5,1.9
t1,Evening walker,spatial,economic,distance,lp3e58e,The Kingsbury Colombo,68,68,23,0.338235,33.82,2,-0.6931,0.938,0.906,0.8766,0.312,0.55,37025,4.2,5,2.2
t1,Evening walker,spatial,economic,distance,lp30277,Hilton Colombo Residence,68,68,0,0.0,0.0,24,-2.3026,0.688,0.469,0.9062,0.188,0.55,43133,4.4,5,0.9
t1,Evening walker,spatial,economic,distance,lp67708,Supun Arcade Residency,68,68,0,0.0,0.0,23,-3.3673,0.094,0.156,0.4906,0.719,0.725,20768,3.8,4,5.7
t1,Evening walker,spatial,economic,distance,lp7c172,Mirage Colombo,68,68,0,0.0,0.0,22,-3.434,0.031,0.062,0.6328,0.75,0.8,20482,3.8,4,6.3
t1,Evening walker,spatial,economic,distance,lp33ddb,"Taj Samudra, Colombo",68,68,7,0.102941,10.29,3,-1.0986,0.875,0.812,0.9016,0.156,0.55,43993,4.5,5,1.7
t1,Evening walker,spatial,economic,distance,lpa0a8a,NH Collection Colombo,68,68,1,0.014706,1.47,4,-2.4849,0.562,0.531,0.9594,0.344,0.325,36981,4.6,5,2.0
t1,Evening walker,spatial,economic,distance,lp1bc0d,Hilton Colombo Hotel,68,68,0,0.0,0.0,21,-1.3863,0.906,0.562,0.8547,0.125,0.475,47767,4.2,5,1.9
t1,Evening walker,spatial,economic,distance,lp71118,CityRest Fort,68,68,1,0.014706,1.47,5,-2.1972,0.812,0.844,0.1922,0.969,0.45,11502,3.5,3,2.0
t1,Evening walker,spatial,economic,distance,lp43673,Pegasus Reef - A Beach Resort in Colombo,68,68,0,0.0,0.0,19,-3.4657,0.0,0.0,0.5859,0.781,0.95,20121,4.0,4,8.1
t1,Evening walker,spatial,economic,distance,lpc0df6,Fern Colombo,68,68,0,0.0,0.0,31,-3.0445,0.344,0.188,0.1422,0.844,0.75,16245,4.0,3,1.8
t1,Evening walker,spatial,economic,distance,lp6574b103,"Amari Colombo, Sri Lanka",68,68,0,0.0,0.0,17,-2.5649,0.594,0.719,0.8687,0.219,0.4,42203,4.5,5,2.2
t1,Evening walker,spatial,economic,distance,lp81760,The Steuart by Citrus,68,68,0,0.0,0.0,9,-1.6094,0.844,0.938,0.4266,0.625,0.5,22604,4.2,4,2.2
t1,Evening walker,spatial,economic,distance,lp67286,Colombo Court Hotel & Spa,68,68,0,0.0,0.0,15,-3.091,0.281,0.375,0.5938,0.094,0.725,52144,4.5,4,3.3
t1,Evening walker,spatial,economic,distance,lpc08f9,Morven Hotel Colombo,68,68,0,0.0,0.0,12,-2.3979,0.656,0.75,0.6703,0.688,0.2,21054,4.5,4,2.1
t1,Evening walker,spatial,economic,distance,lp857b8,Zylan Colombo,68,68,0,0.0,0.0,11,-3.2189,0.219,0.125,0.6047,0.438,0.8,34557,4.5,4,2.0
t1,Evening walker,spatial,economic,distance,lp72a36,Best Western Elyon Colombo,68,68,0,0.0,0.0,10,-3.4012,0.062,0.031,0.5687,0.812,0.875,19568,4.2,4,5.1
t1,Evening walker,spatial,economic,distance,lp800a1,Nyne Hotels Lake Lodge - Colombo,68,68,0,0.0,0.0,7,-2.6391,0.625,0.438,0.5094,0.25,0.2,39335,4.6,4,1.5
t1,Evening walker,spatial,economic,distance,lp656d40c7,Sheraton Colombo Hotel,68,68,0,0.0,0.0,6,-2.8332,0.469,0.656,0.7312,0.062,0.4,56627,4.7,5,2.2
t1,Evening walker,spatial,economic,distance,lp40d3f,Global Towers Hotel & Apartments,68,68,0,0.0,0.0,16,-3.3322,0.125,0.219,0.5375,0.875,0.725,16041,3.5,4,5.6
t1,Evening walker,spatial,economic,distance,lp5f0e5,Paradise Road Tintagel Colombo,68,68,0,0.0,0.0,8,-2.9957,0.375,0.25,0.8687,0.0,0.85,96633,4.5,5,1.7
t1,Evening walker,spatial,economic,distance,lp6e625,Hotel Janaki,68,68,0,0.0,0.0,13,-3.2581,0.188,0.094,0.2188,0.906,0.825,15319,4.0,3,4.2
t1,Evening walker,spatial,economic,distance,lp76eba,Radisson Hotel Colombo,68,68,0,0.0,0.0,14,-3.2958,0.156,0.281,0.4703,0.562,0.8,27402,4.2,4,5.0
t1,Evening walker,spatial,economic,distance,lp65589ffb,MaRadha Colombo,68,68,0,0.0,0.0,20,-3.1781,0.25,0.312,0.325,0.406,0.675,35408,4.8,3,3.6
t1,Evening walker,spatial,economic,distance,lp6f007,Clock Inn Colombo,68,68,0,0.0,0.0,32,-3.1355,0.312,0.406,0.0563,0.938,0.625,13715,3.8,2,3.4
t1,Evening walker,spatial,economic,price_asc,lp102b02,Marino Beach Colombo,64,63,0,0.0,0.0,32,-2.8332,0.406,0.344,0.9047,0.469,0.625,30177,4.6,5,3.2
t1,Evening walker,spatial,economic,price_asc,lp6557c6e0,Granbell Hotel Colombo,64,63,0,0.0,0.0,6,-2.7726,0.531,0.625,0.5422,0.5,0.35,28807,4.6,4,2.3
t1,Evening walker,spatial,economic,price_asc,lp741c5,Cinnamon Red Colombo,64,63,0,0.0,0.0,17,-2.9957,0.5,0.5,0.6266,0.375,0.35,36530,4.5,4,1.9
t1,Evening walker,spatial,economic,price_asc,lp9855f,Fairway Colombo - Sri Lanka's First Hotel With Robot Technology,64,63,0,0.0,0.0,4,-2.7081,0.781,0.688,0.525,0.531,0.5,28429,4.2,4,2.1
t1,Evening walker,spatial,economic,price_asc,lp655a9e91,Zest Metropole,64,63,0,0.0,0.0,30,-2.3979,0.75,0.781,0.5375,0.656,0.5,21223,4.3,4,2.0
t1,Evening walker,spatial,economic,price_asc,lp656d3aa9,Sofia Colombo City Hotel,64,63,0,0.0,0.0,29,-2.5649,0.438,0.594,0.5922,0.594,0.35,23620,4.3,4,2.4
t1,Evening walker,spatial,economic,price_asc,lp803e1,Galle Face Hotel,64,63,0,0.0,0.0,28,-3.1355,0.719,0.875,0.8141,0.281,0.4,38531,4.5,5,1.8
t1,Evening walker,spatial,economic,price_asc,lpb1537,Shangri-La Colombo,64,63,0,0.0,0.0,27,-3.434,0.969,0.969,0.9281,0.031,0.4,68781,4.7,5,1.9
t1,Evening walker,spatial,economic,price_asc,lp3e58e,The Kingsbury Colombo,64,63,0,0.0,0.0,26,-3.091,0.938,0.906,0.8766,0.312,0.55,37025,4.2,5,2.2
t1,Evening walker,spatial,economic,price_asc,lp30277,Hilton Colombo Residence,64,63,0,0.0,0.0,25,-3.2581,0.688,0.469,0.9062,0.188,0.55,43133,4.4,5,0.9
t1,Evening walker,spatial,economic,price_asc,lp67708,Supun Arcade Residency,64,63,0,0.0,0.0,24,-2.1972,0.094,0.156,0.4906,0.719,0.725,20768,3.8,4,5.7
t1,Evening walker,spatial,economic,price_asc,lp7c172,Mirage Colombo,64,63,0,0.0,0.0,23,-2.0794,0.031,0.062,0.6328,0.75,0.8,20482,3.8,4,6.3
t1,Evening walker,spatial,economic,price_asc,lp33ddb,"Taj Samudra, Colombo",64,63,0,0.0,0.0,22,-3.2958,0.875,0.812,0.9016,0.156,0.55,43993,4.5,5,1.7
t1,Evening walker,spatial,economic,price_asc,lpa0a8a,NH Collection Colombo,64,63,0,0.0,0.0,21,-3.0445,0.562,0.531,0.9594,0.344,0.325,36981,4.6,5,2.0
t1,Evening walker,spatial,economic,price_asc,lp1bc0d,Hilton Colombo Hotel,64,63,0,0.0,0.0,20,-3.3322,0.906,0.562,0.8547,0.125,0.475,47767,4.2,5,1.9
t1,Evening walker,spatial,economic,price_asc,lp71118,CityRest Fort,64,64,35,0.546875,54.69,1,0.0,0.812,0.844,0.1922,0.969,0.45,11502,3.5,3,2.0
t1,Evening walker,spatial,economic,price_asc,lp43673,Pegasus Reef - A Beach Resort in Colombo,64,63,0,0.0,0.0,31,-1.9459,0.0,0.0,0.5859,0.781,0.95,20121,4.0,4,8.1
t1,Evening walker,spatial,economic,price_asc,lpc0df6,Fern Colombo,64,64,0,0.0,0.0,18,-1.6094,0.344,0.188,0.1422,0.844,0.75,16245,4.0,3,1.8
t1,Evening walker,spatial,economic,price_asc,lp6574b103,"Amari Colombo, Sri Lanka",64,63,0,0.0,0.0,16,-3.2189,0.594,0.719,0.8687,0.219,0.4,42203,4.5,5,2.2
t1,Evening walker,spatial,economic,price_asc,lp81760,The Steuart by Citrus,64,63,0,0.0,0.0,15,-2.4849,0.844,0.938,0.4266,0.625,0.5,22604,4.2,4,2.2
t1,Evening walker,spatial,economic,price_asc,lp67286,Colombo Court Hotel & Spa,64,63,0,0.0,0.0,14,-3.3673,0.281,0.375,0.5938,0.094,0.725,52144,4.5,4,3.3
t1,Evening walker,spatial,economic,price_asc,lpc08f9,Morven Hotel Colombo,64,63,0,0.0,0.0,13,-2.3026,0.656,0.75,0.6703,0.688,0.2,21054,4.5,4,2.1
t1,Evening walker,spatial,economic,price_asc,lp857b8,Zylan Colombo,64,63,0,0.0,0.0,12,-2.8904,0.219,0.125,0.6047,0.438,0.8,34557,4.5,4,2.0
t1,Evening walker,spatial,economic,price_asc,lp72a36,Best Western Elyon Colombo,64,64,0,0.0,0.0,11,-1.7918,0.062,0.031,0.5687,0.812,0.875,19568,4.2,4,5.1
t1,Evening walker,spatial,economic,price_asc,lp800a1,Nyne Hotels Lake Lodge - Colombo,64,63,0,0.0,0.0,10,-3.1781,0.625,0.438,0.5094,0.25,0.2,39335,4.6,4,1.5
t1,Evening walker,spatial,economic,price_asc,lp656d40c7,Sheraton Colombo Hotel,64,63,0,0.0,0.0,9,-3.4012,0.469,0.656,0.7312,0.062,0.4,56627,4.7,5,2.2
t1,Evening walker,spatial,economic,price_asc,lp40d3f,Global Towers Hotel & Apartments,64,64,0,0.0,0.0,8,-1.3863,0.125,0.219,0.5375,0.875,0.725,16041,3.5,4,5.6
t1,Evening walker,spatial,economic,price_asc,lp5f0e5,Paradise Road Tintagel Colombo,64,63,0,0.0,0.0,7,-3.4657,0.375,0.25,0.8687,0.0,0.85,96633,4.5,5,1.7
t1,Evening walker,spatial,economic,price_asc,lp6e625,Hotel Janaki,64,64,15,0.234375,23.44,2,-1.0986,0.188,0.094,0.2188,0.906,0.825,15319,4.0,3,4.2
t1,Evening walker,spatial,economic,price_asc,lp76eba,Radisson Hotel Colombo,64,63,0,0.0,0.0,5,-2.6391,0.156,0.281,0.4703,0.562,0.8,27402,4.2,4,5.0
t1,Evening walker,spatial,economic,price_asc,lp65589ffb,MaRadha Colombo,64,63,0,0.0,0.0,19,-2.9444,0.25,0.312,0.325,0.406,0.675,35408,4.8,3,3.6
t1,Evening walker,spatial,economic,price_asc,lp6f007,Clock Inn Colombo,64,64,14,0.21875,21.88,3,-0.6931,0.312,0.406,0.0563,0.938,0.625,13715,3.8,2,3.4
t1,Evening walker,spatial,economic,price_desc,lp102b02,Marino Beach Colombo,10,10,0,0.0,0.0,4,-2.7726,0.406,0.344,0.9047,0.469,0.625,30177,4.6,5,3.2
t1,Evening walker,spatial,economic,price_desc,lp6557c6e0,Granbell Hotel Colombo,10,10,0,0.0,0.0,30,-2.8332,0.531,0.625,0.5422,0.5,0.35,28807,4.6,4,2.3
t1,Evening walker,spatial,economic,price_desc,lp741c5,Cinnamon Red Colombo,10,10,0,0.0,0.0,29,-2.5649,0.5,0.5,0.6266,0.375,0.35,36530,4.5,4,1.9
t1,Evening walker,spatial,economic,price_desc,lp9855f,Fairway Colombo - Sri Lanka's First Hotel With Robot Technology,10,10,0,0.0,0.0,28,-2.8904,0.781,0.688,0.525,0.531,0.5,28429,4.2,4,2.1
t1,Evening walker,spatial,economic,price_desc,lp655a9e91,Zest Metropole,10,10,0,0.0,0.0,27,-3.091,0.75,0.781,0.5375,0.656,0.5,21223,4.3,4,2.0
t1,Evening walker,spatial,economic,price_desc,lp656d3aa9,Sofia Colombo City Hotel,10,10,0,0.0,0.0,26,-2.9957,0.438,0.594,0.5922,0.594,0.35,23620,4.3,4,2.4
t1,Evening walker,spatial,economic,price_desc,lp803e1,Galle Face Hotel,10,10,0,0.0,0.0,25,-2.3026,0.719,0.875,0.8141,0.281,0.4,38531,4.5,5,1.8
t1,Evening walker,spatial,economic,price_desc,lpb1537,Shangri-La Colombo,10,10,3,0.3,30.0,2,-0.6931,0.969,0.969,0.9281,0.031,0.4,68781,4.7,5,1.9
t1,Evening walker,spatial,economic,price_desc,lp3e58e,The Kingsbury Colombo,10,10,0,0.0,0.0,24,-2.3979,0.938,0.906,0.8766,0.312,0.55,37025,4.2,5,2.2
t1,Evening walker,spatial,economic,price_desc,lp30277,Hilton Colombo Residence,10,10,0,0.0,0.0,23,-1.9459,0.688,0.469,0.9062,0.188,0.55,43133,4.4,5,0.9
t1,Evening walker,spatial,economic,price_desc,lp67708,Supun Arcade Residency,10,10,0,0.0,0.0,22,-3.1781,0.094,0.156,0.4906,0.719,0.725,20768,3.8,4,5.7
t1,Evening walker,spatial,economic,price_desc,lp7c172,Mirage Colombo,10,10,0,0.0,0.0,21,-3.2189,0.031,0.062,0.6328,0.75,0.8,20482,3.8,4,6.3
t1,Evening walker,spatial,economic,price_desc,lp33ddb,"Taj Samudra, Colombo",10,10,0,0.0,0.0,20,-1.7918,0.875,0.812,0.9016,0.156,0.55,43993,4.5,5,1.7
t1,Evening walker,spatial,economic,price_desc,lpa0a8a,NH Collection Colombo,10,10,0,0.0,0.0,19,-2.4849,0.562,0.531,0.9594,0.344,0.325,36981,4.6,5,2.0
t1,Evening walker,spatial,economic,price_desc,lp1bc0d,Hilton Colombo Hotel,10,10,0,0.0,0.0,18,-1.6094,0.906,0.562,0.8547,0.125,0.475,47767,4.2,5,1.9
t1,Evening walker,spatial,economic,price_desc,lp71118,CityRest Fort,10,10,0,0.0,0.0,17,-3.4657,0.812,0.844,0.1922,0.969,0.45,11502,3.5,3,2.0
t1,Evening walker,spatial,economic,price_desc,lp43673,Pegasus Reef - A Beach Resort in Colombo,10,10,0,0.0,0.0,16,-3.2581,0.0,0.0,0.5859,0.781,0.95,20121,4.0,4,8.1
t1,Evening walker,spatial,economic,price_desc,lpc0df6,Fern Colombo,10,10,0,0.0,0.0,15,-3.3322,0.344,0.188,0.1422,0.844,0.75,16245,4.0,3,1.8
t1,Evening walker,spatial,economic,price_desc,lp6574b103,"Amari Colombo, Sri Lanka",10,10,0,0.0,0.0,14,-2.0794,0.594,0.719,0.8687,0.219,0.4,42203,4.5,5,2.2
t1,Evening walker,spatial,economic,price_desc,lp81760,The Steuart by Citrus,10,10,0,0.0,0.0,13,-3.0445,0.844,0.938,0.4266,0.625,0.5,22604,4.2,4,2.2
t1,Evening walker,spatial,economic,price_desc,lp67286,Colombo Court Hotel & Spa,10,10,0,0.0,0.0,12,-1.3863,0.281,0.375,0.5938,0.094,0.725,52144,4.5,4,3.3
t1,Evening walker,spatial,economic,price_desc,lpc08f9,Morven Hotel Colombo,10,10,0,0.0,0.0,11,-3.1355,0.656,0.75,0.6703,0.688,0.2,21054,4.5,4,2.1
t1,Evening walker,spatial,economic,price_desc,lp857b8,Zylan Colombo,10,10,0,0.0,0.0,10,-2.7081,0.219,0.125,0.6047,0.438,0.8,34557,4.5,4,2.0
t1,Evening walker,spatial,economic,price_desc,lp72a36,Best Western Elyon Colombo,10,10,0,0.0,0.0,9,-3.2958,0.062,0.031,0.5687,0.812,0.875,19568,4.2,4,5.1
t1,Evening walker,spatial,economic,price_desc,lp800a1,Nyne Hotels Lake Lodge - Colombo,10,10,0,0.0,0.0,8,-2.1972,0.625,0.438,0.5094,0.25,0.2,39335,4.6,4,1.5
t1,Evening walker,spatial,economic,price_desc,lp656d40c7,Sheraton Colombo Hotel,10,10,1,0.1,10.0,3,-1.0986,0.469,0.656,0.7312,0.062,0.4,56627,4.7,5,2.2
t1,Evening walker,spatial,economic,price_desc,lp40d3f,Global Towers Hotel & Apartments,10,10,0,0.0,0.0,7,-3.3673,0.125,0.219,0.5375,0.875,0.725,16041,3.5,4,5.6
t1,Evening walker,spatial,economic,price_desc,lp5f0e5,Paradise Road Tintagel Colombo,10,10,6,0.6,60.0,1,0.0,0.375,0.25,0.8687,0.0,0.85,96633,4.5,5,1.7
t1,Evening walker,spatial,economic,price_desc,lp6e625,Hotel Janaki,10,10,0,0.0,0.0,6,-3.4012,0.188,0.094,0.2188,0.906,0.825,15319,4.0,3,4.2
t1,Evening walker,spatial,economic,price_desc,lp76eba,Radisson Hotel Colombo,10,10,0,0.0,0.0,5,-2.9444,0.156,0.281,0.4703,0.562,0.8,27402,4.2,4,5.0
t1,Evening walker,spatial,economic,price_desc,lp65589ffb,MaRadha Colombo,10,10,0,0.0,0.0,31,-2.6391,0.25,0.312,0.325,0.406,0.675,35408,4.8,3,3.6
t1,Evening walker,spatial,economic,price_desc,lp6f007,Clock Inn Colombo,10,10,0,0.0,0.0,32,-3.434,0.312,0.406,0.0563,0.938,0.625,13715,3.8,2,3.4
t1,Evening walker,spatial,economic,rating,lp102b02,Marino Beach Colombo,33,33,0,0.0,0.0,4,-1.9459,0.406,0.344,0.9047,0.469,0.625,30177,4.6,5,3.2
t1,Evening walker,spatial,economic,rating,lp6557c6e0,Granbell Hotel Colombo,33,33,0,0.0,0.0,30,-1.7918,0.531,0.625,0.5422,0.5,0.35,28807,4.6,4,2.3
t1,Evening walker,spatial,economic,rating,lp741c5,Cinnamon Red Colombo,33,33,0,0.0,0.0,29,-2.4849,0.5,0.5,0.6266,0.375,0.35,36530,4.5,4,1.9
t1,Evening walker,spatial,economic,rating,lp9855f,Fairway Colombo - Sri Lanka's First Hotel With Robot Technology,33,33,0,0.0,0.0,28,-3.091,0.781,0.688,0.525,0.531,0.5,28429,4.2,4,2.1
t1,Evening walker,spatial,economic,rating,lp655a9e91,Zest Metropole,33,33,0,0.0,0.0,27,-2.8332,0.75,0.781,0.5375,0.656,0.5,21223,4.3,4,2.0
t1,Evening walker,spatial,economic,rating,lp656d3aa9,Sofia Colombo City Hotel,33,33,0,0.0,0.0,26,-2.8904,0.438,0.594,0.5922,0.594,0.35,23620,4.3,4,2.4
t1,Evening walker,spatial,economic,rating,lp803e1,Galle Face Hotel,33,33,0,0.0,0.0,25,-2.1972,0.719,0.875,0.8141,0.281,0.4,38531,4.5,5,1.8
t1,Evening walker,spatial,economic,rating,lpb1537,Shangri-La Colombo,33,33,9,0.272727,27.27,3,-0.6931,0.969,0.969,0.9281,0.031,0.4,68781,4.7,5,1.9
t1,Evening walker,spatial,economic,rating,lp3e58e,The Kingsbury Colombo,33,33,0,0.0,0.0,24,-2.9444,0.938,0.906,0.8766,0.312,0.55,37025,4.2,5,2.2
t1,Evening walker,spatial,economic,rating,lp30277,Hilton Colombo Residence,33,33,0,0.0,0.0,23,-2.7726,0.688,0.469,0.9062,0.188,0.55,43133,4.4,5,0.9
t1,Evening walker,spatial,economic,rating,lp67708,Supun Arcade Residency,33,33,0,0.0,0.0,22,-3.3673,0.094,0.156,0.4906,0.719,0.725,20768,3.8,4,5.7
t1,Evening walker,spatial,economic,rating,lp7c172,Mirage Colombo,33,33,0,0.0,0.0,21,-3.4012,0.031,0.062,0.6328,0.75,0.8,20482,3.8,4,6.3
t1,Evening walker,spatial,economic,rating,lp33ddb,"Taj Samudra, Colombo",33,33,0,0.0,0.0,20,-2.0794,0.875,0.812,0.9016,0.156,0.55,43993,4.5,5,1.7
t1,Evening walker,spatial,economic,rating,lpa0a8a,NH Collection Colombo,33,33,0,0.0,0.0,19,-1.3863,0.562,0.531,0.9594,0.344,0.325,36981,4.6,5,2.0
t1,Evening walker,spatial,economic,rating,lp1bc0d,Hilton Colombo Hotel,33,33,0,0.0,0.0,18,-2.9957,0.906,0.562,0.8547,0.125,0.475,47767,4.2,5,1.9
t1,Evening walker,spatial,economic,rating,lp71118,CityRest Fort,33,33,0,0.0,0.0,17,-3.434,0.812,0.844,0.1922,0.969,0.45,11502,3.5,3,2.0
t1,Evening walker,spatial,economic,rating,lp43673,Pegasus Reef - A Beach Resort in Colombo,33,33,0,0.0,0.0,31,-3.2958,0.0,0.0,0.5859,0.781,0.95,20121,4.0,4,8.1
t1,Evening walker,spatial,economic,rating,lpc0df6,Fern Colombo,33,33,0,0.0,0.0,16,-3.2189,0.344,0.188,0.1422,0.844,0.75,16245,4.0,3,1.8
t1,Evening walker,spatial,economic,rating,lp6574b103,"Amari Colombo, Sri Lanka",33,33,0,0.0,0.0,15,-2.3979,0.594,0.719,0.8687,0.219,0.4,42203,4.5,5,2.2
t1,Evening walker,spatial,economic,rating,lp81760,The Steuart by Citrus,33,33,0,0.0,0.0,14,-3.0445,0.844,0.938,0.4266,0.625,0.5,22604,4.2,4,2.2
t1,Evening walker,spatial,economic,rating,lp67286,Colombo Court Hotel & Spa,33,33,0,0.0,0.0,13,-2.6391,0.281,0.375,0.5938,0.094,0.725,52144,4.5,4,3.3
t1,Evening walker,spatial,economic,rating,lpc08f9,Morven Hotel Colombo,33,33,0,0.0,0.0,12,-2.3026,0.656,0.75,0.6703,0.688,0.2,21054,4.5,4,2.1
t1,Evening walker,spatial,economic,rating,lp857b8,Zylan Colombo,33,33,0,0.0,0.0,11,-2.7081,0.219,0.125,0.6047,0.438,0.8,34557,4.5,4,2.0
t1,Evening walker,spatial,economic,rating,lp72a36,Best Western Elyon Colombo,33,33,0,0.0,0.0,10,-3.1781,0.062,0.031,0.5687,0.812,0.875,19568,4.2,4,5.1
t1,Evening walker,spatial,economic,rating,lp800a1,Nyne Hotels Lake Lodge - Colombo,33,33,0,0.0,0.0,9,-1.6094,0.625,0.438,0.5094,0.25,0.2,39335,4.6,4,1.5
t1,Evening walker,spatial,economic,rating,lp656d40c7,Sheraton Colombo Hotel,33,33,9,0.272727,27.27,2,-1.0986,0.469,0.656,0.7312,0.062,0.4,56627,4.7,5,2.2
t1,Evening walker,spatial,economic,rating,lp40d3f,Global Towers Hotel & Apartments,33,33,0,0.0,0.0,8,-3.4657,0.125,0.219,0.5375,0.875,0.725,16041,3.5,4,5.6
t1,Evening walker,spatial,economic,rating,lp5f0e5,Paradise Road Tintagel Colombo,33,33,0,0.0,0.0,7,-2.5649,0.375,0.25,0.8687,0.0,0.85,96633,4.5,5,1.7
t1,Evening walker,spatial,economic,rating,lp6e625,Hotel Janaki,33,33,0,0.0,0.0,6,-3.2581,0.188,0.094,0.2188,0.906,0.825,15319,4.0,3,4.2
t1,Evening walker,spatial,economic,rating,lp76eba,Radisson Hotel Colombo,33,33,0,0.0,0.0,5,-3.1355,0.156,0.281,0.4703,0.562,0.8,27402,4.2,4,5.0
t1,Evening walker,spatial,economic,rating,lp65589ffb,MaRadha Colombo,33,33,15,0.454545,45.45,1,0.0,0.25,0.312,0.325,0.406,0.675,35408,4.8,3,3.6
t1,Evening walker,spatial,economic,rating,lp6f007,Clock Inn Colombo,33,33,0,0.0,0.0,32,-3.3322,0.312,0.406,0.0563,0.938,0.625,13715,3.8,2,3.4
t1,Evening walker,spatial,economic,travel,lp102b02,Marino Beach Colombo,66,66,0,0.0,0.0,4,-2.9957,0.406,0.344,0.9047,0.469,0.625,30177,4.6,5,3.2
t1,Evening walker,spatial,economic,travel,lp6557c6e0,Granbell Hotel Colombo,66,66,0,0.0,0.0,30,-2.4849,0.531,0.625,0.5422,0.5,0.35,28807,4.6,4,2.3
t1,Evening walker,spatial,economic,travel,lp741c5,Cinnamon Red Colombo,66,66,0,0.0,0.0,29,-2.8332,0.5,0.5,0.6266,0.375,0.35,36530,4.5,4,1.9
t1,Evening walker,spatial,economic,travel,lp9855f,Fairway Colombo - Sri Lanka's First Hotel With Robot Technology,66,66,0,0.0,0.0,28,-2.3979,0.781,0.688,0.525,0.531,0.5,28429,4.2,4,2.1
t1,Evening walker,spatial,economic,travel,lp655a9e91,Zest Metropole,66,66,0,0.0,0.0,27,-1.7918,0.75,0.781,0.5375,0.656,0.5,21223,4.3,4,2.0
t1,Evening walker,spatial,economic,travel,lp656d3aa9,Sofia Colombo City Hotel,66,66,0,0.0,0.0,26,-2.6391,0.438,0.594,0.5922,0.594,0.35,23620,4.3,4,2.4
t1,Evening walker,spatial,economic,travel,lp803e1,Galle Face Hotel,66,66,0,0.0,0.0,25,-1.3863,0.719,0.875,0.8141,0.281,0.4,38531,4.5,5,1.8
t1,Evening walker,spatial,economic,travel,lpb1537,Shangri-La Colombo,66,66,29,0.439394,43.94,1,0.0,0.969,0.969,0.9281,0.031,0.4,68781,4.7,5,1.9
t1,Evening walker,spatial,economic,travel,lp3e58e,The Kingsbury Colombo,66,66,29,0.439394,43.94,2,-0.6931,0.938,0.906,0.8766,0.312,0.55,37025,4.2,5,2.2
t1,Evening walker,spatial,economic,travel,lp30277,Hilton Colombo Residence,66,66,0,0.0,0.0,24,-2.7081,0.688,0.469,0.9062,0.188,0.55,43133,4.4,5,0.9
t1,Evening walker,spatial,economic,travel,lp67708,Supun Arcade Residency,66,66,0,0.0,0.0,23,-3.3322,0.094,0.156,0.4906,0.719,0.725,20768,3.8,4,5.7
t1,Evening walker,spatial,economic,travel,lp7c172,Mirage Colombo,66,66,0,0.0,0.0,22,-3.4012,0.031,0.062,0.6328,0.75,0.8,20482,3.8,4,6.3
t1,Evening walker,spatial,economic,travel,lp33ddb,"Taj Samudra, Colombo",66,66,0,0.0,0.0,21,-1.6094,0.875,0.812,0.9016,0.156,0.55,43993,4.5,5,1.7
t1,Evening walker,spatial,economic,travel,lpa0a8a,NH Collection Colombo,66,66,0,0.0,0.0,20,-2.7726,0.562,0.531,0.9594,0.344,0.325,36981,4.6,5,2.0
t1,Evening walker,spatial,economic,travel,lp1bc0d,Hilton Colombo Hotel,66,66,0,0.0,0.0,19,-2.3026,0.906,0.562,0.8547,0.125,0.475,47767,4.2,5,1.9
t1,Evening walker,spatial,economic,travel,lp71118,CityRest Fort,66,66,0,0.0,0.0,17,-1.9459,0.812,0.844,0.1922,0.969,0.45,11502,3.5,3,2.0
t1,Evening walker,spatial,economic,travel,lp43673,Pegasus Reef - A Beach Resort in Colombo,66,66,0,0.0,0.0,31,-3.4657,0.0,0.0,0.5859,0.781,0.95,20121,4.0,4,8.1
t1,Evening walker,spatial,economic,travel,lpc0df6,Fern Colombo,66,66,0,0.0,0.0,16,-3.2189,0.344,0.188,0.1422,0.844,0.75,16245,4.0,3,1.8
t1,Evening walker,spatial,economic,travel,lp6574b103,"Amari Colombo, Sri Lanka",66,66,0,0.0,0.0,15,-2.1972,0.594,0.719,0.8687,0.219,0.4,42203,4.5,5,2.2
t1,Evening walker,spatial,economic,travel,lp81760,The Steuart by Citrus,66,66,8,0.121212,12.12,3,-1.0986,0.844,0.938,0.4266,0.625,0.5,22604,4.2,4,2.2
t1,Evening walker,spatial,economic,travel,lp67286,Colombo Court Hotel & Spa,66,66,0,0.0,0.0,14,-3.0445,0.281,0.375,0.5938,0.094,0.725,52144,4.5,4,3.3
t1,Evening walker,spatial,economic,travel,lpc08f9,Morven Hotel Colombo,66,66,0,0.0,0.0,13,-2.0794,0.656,0.75,0.6703,0.688,0.2,21054,4.5,4,2.1
t1,Evening walker,spatial,economic,travel,lp857b8,Zylan Colombo,66,66,0,0.0,0.0,12,-3.2581,0.219,0.125,0.6047,0.438,0.8,34557,4.5,4,2.0
t1,Evening walker,spatial,economic,travel,lp72a36,Best Western Elyon Colombo,66,66,0,0.0,0.0,11,-3.434,0.062,0.031,0.5687,0.812,0.875,19568,4.2,4,5.1
t1,Evening walker,spatial,economic,travel,lp800a1,Nyne Hotels Lake Lodge - Colombo,66,66,0,0.0,0.0,10,-2.8904,0.625,0.438,0.5094,0.25,0.2,39335,4.6,4,1.5
t1,Evening walker,spatial,economic,travel,lp656d40c7,Sheraton Colombo Hotel,66,66,0,0.0,0.0,9,-2.5649,0.469,0.656,0.7312,0.062,0.4,56627,4.7,5,2.2
t1,Evening walker,spatial,economic,travel,lp40d3f,Global Towers Hotel & Apartments,66,66,0,0.0,0.0,8,-3.2958,0.125,0.219,0.5375,0.875,0.725,16041,3.5,4,5.6
t1,Evening walker,spatial,economic,travel,lp5f0e5,Paradise Road Tintagel Colombo,66,66,0,0.0,0.0,7,-3.1355,0.375,0.25,0.8687,0.0,0.85,96633,4.5,5,1.7
t1,Evening walker,spatial,economic,travel,lp6e625,Hotel Janaki,66,66,0,0.0,0.0,6,-3.3673,0.188,0.094,0.2188,0.906,0.825,15319,4.0,3,4.2
t1,Evening walker,spatial,economic,travel,lp76eba,Radisson Hotel Colombo,66,66,0,0.0,0.0,5,-3.1781,0.156,0.281,0.4703,0.562,0.8,27402,4.2,4,5.0
t1,Evening walker,spatial,economic,travel,lp65589ffb,MaRadha Colombo,66,66,0,0.0,0.0,18,-3.091,0.25,0.312,0.325,0.406,0.675,35408,4.8,3,3.6
t1,Evening walker,spatial,economic,travel,lp6f007,Clock Inn Colombo,66,66,0,0.0,0.0,32,-2.9444,0.312,0.406,0.0563,0.938,0.625,13715,3.8,2,3.4
t2,Business traveller,accessibility,facility,distance,lp102b02,Marino Beach Colombo,114,113,0,0.0,0.0,7,-2.6391,0.5,0.469,0.9047,0.469,0.625,30177,4.6,5,3.2
t2,Business traveller,accessibility,facility,distance,lp6557c6e0,Granbell Hotel Colombo,114,113,0,0.0,0.0,30,-2.9957,0.312,0.594,0.5422,0.5,0.35,28807,4.6,4,2.3
t2,Business traveller,accessibility,facility,distance,lp741c5,Cinnamon Red Colombo,114,113,0,0.0,0.0,29,-2.7081,0.531,0.781,0.6266,0.375,0.35,36530,4.5,4,1.9
t2,Business traveller,accessibility,facility,distance,lp9855f,Fairway Colombo - Sri Lanka's First Hotel With Robot Technology,114,113,0,0.0,0.0,28,-3.2958,0.094,0.125,0.525,0.531,0.5,28429,4.2,4,2.1
t2,Business traveller,accessibility,facility,distance,lp655a9e91,Zest Metropole,114,113,0,0.0,0.0,27,-3.3322,0.125,0.219,0.5375,0.656,0.5,21223,4.3,4,2.0
t2,Business traveller,accessibility,facility,distance,lp656d3aa9,Sofia Colombo City Hotel,114,113,0,0.0,0.0,26,-2.8332,0.469,0.531,0.5922,0.594,0.35,23620,4.3,4,2.4
t2,Business traveller,accessibility,facility,distance,lp803e1,Galle Face Hotel,114,113,0,0.0,0.0,25,-3.1355,0.25,0.406,0.8141,0.281,0.4,38531,4.5,5,1.8
t2,Business traveller,accessibility,facility,distance,lpb1537,Shangri-La Colombo,114,113,1,0.00885,0.88,4,-3.2189,0.219,0.188,0.9281,0.031,0.4,68781,4.7,5,1.9
t2,Business traveller,accessibility,facility,distance,lp3e58e,The Kingsbury Colombo,114,113,0,0.0,0.0,24,-3.4012,0.062,0.062,0.8766,0.312,0.55,37025,4.2,5,2.2
t2,Business traveller,accessibility,facility,distance,lp30277,Hilton Colombo Residence,114,113,0,0.0,0.0,23,-2.3979,0.656,0.719,0.9062,0.188,0.55,43133,4.4,5,0.9
t2,Business traveller,accessibility,facility,distance,lp67708,Supun Arcade Residency,114,113,0,0.0,0.0,22,-1.7918,0.781,0.344,0.4906,0.719,0.725,20768,3.8,4,5.7
t2,Business traveller,accessibility,facility,distance,lp7c172,Mirage Colombo,114,113,0,0.0,0.0,21,-2.7726,0.562,0.156,0.6328,0.75,0.8,20482,3.8,4,6.3
t2,Business traveller,accessibility,facility,distance,lp33ddb,"Taj Samudra, Colombo",114,113,0,0.0,0.0,20,-3.1781,0.281,0.312,0.9016,0.156,0.55,43993,4.5,5,1.7
t2,Business traveller,accessibility,facility,distance,lpa0a8a,NH Collection Colombo,114,113,0,0.0,0.0,19,-2.8904,0.438,0.812,0.9594,0.344,0.325,36981,4.6,5,2.0
t2,Business traveller,accessibility,facility,distance,lp1bc0d,Hilton Colombo Hotel,114,113,0,0.0,0.0,18,-3.2581,0.188,0.031,0.8547,0.125,0.475,47767,4.2,5,1.9
t2,Business traveller,accessibility,facility,distance,lp71118,CityRest Fort,114,114,0,0.0,0.0,17,-3.3535,0.156,0.25,0.1922,0.969,0.45,11502,3.5,3,2.0
t2,Business traveller,accessibility,facility,distance,lp43673,Pegasus Reef - A Beach Resort in Colombo,114,113,0,0.0,0.0,16,-3.4657,0.0,0.0,0.5859,0.781,0.95,20121,4.0,4,8.1
t2,Business traveller,accessibility,facility,distance,lpc0df6,Fern Colombo,114,114,29,0.254386,25.44,3,-1.0951,0.875,0.938,0.1422,0.844,0.75,16245,4.0,3,1.8
t2,Business traveller,accessibility,facility,distance,lp6574b103,"Amari Colombo, Sri Lanka",114,113,0,0.0,0.0,15,-3.0445,0.375,0.688,0.8687,0.219,0.4,42203,4.5,5,2.2
t2,Business traveller,accessibility,facility,distance,lp81760,The Steuart by Citrus,114,113,0,0.0,0.0,14,-3.434,0.031,0.094,0.4266,0.625,0.5,22604,4.2,4,2.2
t2,Business traveller,accessibility,facility,distance,lp67286,Colombo Court Hotel & Spa,114,113,1,0.00885,0.88,5,-1.9459,0.812,0.844,0.5938,0.094,0.725,52144,4.5,4,3.3
t2,Business traveller,accessibility,facility,distance,lpc08f9,Morven Hotel Colombo,114,113,0,0.0,0.0,13,-3.091,0.344,0.5,0.6703,0.688,0.2,21054,4.5,4,2.1
t2,Business traveller,accessibility,facility,distance,lp857b8,Zylan Colombo,114,113,36,0.318584,31.86,2,-0.6931,0.938,0.969,0.6047,0.438,0.8,34557,4.5,4,2.0
t2,Business traveller,accessibility,facility,distance,lp72a36,Best Western Elyon Colombo,114,114,46,0.403509,40.35,1,0.0,0.969,0.75,0.5687,0.812,0.875,19568,4.2,4,5.1
t2,Business traveller,accessibility,facility,distance,lp800a1,Nyne Hotels Lake Lodge - Colombo,114,113,0,0.0,0.0,12,-2.4849,0.594,0.625,0.5094,0.25,0.2,39335,4.6,4,1.5
t2,Business traveller,accessibility,facility,distance,lp656d40c7,Sheraton Colombo Hotel,114,113,0,0.0,0.0,11,-2.9444,0.406,0.656,0.7312,0.062,0.4,56627,4.7,5,2.2
t2,Business traveller,accessibility,facility,distance,lp40d3f,Global Towers Hotel & Apartments,114,114,1,0.008772,0.88,6,-2.1921,0.688,0.281,0.5375,0.875,0.725,16041,3.5,4,5.6
t2,Business traveller,accessibility,facility,distance,lp5f0e5,Paradise Road Tintagel Colombo,114,113,0,0.0,0.0,10,-1.6094,0.844,0.906,0.8687,0.0,0.85,96633,4.5,5,1.7
t2,Business traveller,accessibility,facility,distance,lp6e625,Hotel Janaki,114,114,0,0.0,0.0,9,-1.3838,0.906,0.875,0.2188,0.906,0.825,15319,4.0,3,4.2
t2,Business traveller,accessibility,facility,distance,lp76eba,Radisson Hotel Colombo,114,113,0,0.0,0.0,8,-2.3026,0.719,0.375,0.4703,0.562,0.8,27402,4.2,4,5.0
t2,Business traveller,accessibility,facility,distance,lp65589ffb,MaRadha Colombo,114,113,0,0.0,0.0,31,-2.5649,0.625,0.438,0.325,0.406,0.675,35408,4.8,3,3.6
t2,Business traveller,accessibility,facility,distance,lp6f007,Clock Inn Colombo,114,114,0,0.0,0.0,32,-2.0734,0.75,0.562,0.0563,0.938,0.625,13715,3.8,2,3.4
t2,Business traveller,accessibility,facility,price_asc,lp102b02,Marino Beach Colombo,11,11,0,0.0,0.0,32,-2.8332,0.5,0.469,0.9047,0.469,0.625,30177,4.6,5,3.2
t2,Business traveller,accessibility,facility,price_asc,lp6557c6e0,Granbell Hotel Colombo,11,11,0,0.0,0.0,31,-2.7726,0.312,0.594,0.5422,0.5,0.35,28807,4.6,4,2.3
t2,Business traveller,accessibility,facility,price_asc,lp741c5,Cinnamon Red Colombo,11,11,0,0.0,0.0,4,-2.9957,0.531,0.781,0.6266,0.375,0.35,36530,4.5,4,1.9
t2,Business traveller,accessibility,facility,price_asc,lp9855f,Fairway Colombo - Sri Lanka's First Hotel With Robot Technology,11,11,0,0.0,0.0,30,-2.7081,0.094,0.125,0.525,0.531,0.5,28429,4.2,4,2.1
t2,Business traveller,accessibility,facility,price_asc,lp655a9e91,Zest Metropole,11,11,0,0.0,0.0,29,-2.3979,0.125,0.219,0.5375,0.656,0.5,21223,4.3,4,2.0
t2,Business traveller,accessibility,facility,price_asc,lp656d3aa9,Sofia Colombo City Hotel,11,11,0,0.0,0.0,28,-2.5649,0.469,0.531,0.5922,0.594,0.35,23620,4.3,4,2.4
t2,Business traveller,accessibility,facility,price_asc,lp803e1,Galle Face Hotel,11,11,0,0.0,0.0,27,-3.1355,0.25,0.406,0.8141,0.281,0.4,38531,4.5,5,1.8
t2,Business traveller,accessibility,facility,price_asc,lpb1537,Shangri-La Colombo,11,11,0,0.0,0.0,26,-3.434,0.219,0.188,0.9281,0.031,0.4,68781,4.7,5,1.9
t2,Business traveller,accessibility,facility,price_asc,lp3e58e,The Kingsbury Colombo,11,11,0,0.0,0.0,25,-3.091,0.062,0.062,0.8766,0.312,0.55,37025,4.2,5,2.2
t2,Business traveller,accessibility,facility,price_asc,lp30277,Hilton Colombo Residence,11,11,0,0.0,0.0,24,-3.2581,0.656,0.719,0.9062,0.188,0.55,43133,4.4,5,0.9
t2,Business traveller,accessibility,facility,price_asc,lp67708,Supun Arcade Residency,11,11,0,0.0,0.0,23,-2.1972,0.781,0.344,0.4906,0.719,0.725,20768,3.8,4,5.7
t2,Business traveller,accessibility,facility,price_asc,lp7c172,Mirage Colombo,11,11,0,0.0,0.0,22,-2.0794,0.562,0.156,0.6328,0.75,0.8,20482,3.8,4,6.3
t2,Business traveller,accessibility,facility,price_asc,lp33ddb,"Taj Samudra, Colombo",11,11,0,0.0,0.0,21,-3.2958,0.281,0.312,0.9016,0.156,0.55,43993,4.5,5,1.7
t2,Business traveller,accessibility,facility,price_asc,lpa0a8a,NH Collection Colombo,11,11,0,0.0,0.0,20,-3.0445,0.438,0.812,0.9594,0.344,0.325,36981,4.6,5,2.0
t2,Business traveller,accessibility,facility,price_asc,lp1bc0d,Hilton Colombo Hotel,11,11,0,0.0,0.0,19,-3.3322,0.188,0.031,0.8547,0.125,0.475,47767,4.2,5,1.9
t2,Business traveller,accessibility,facility,price_asc,lp71118,CityRest Fort,11,11,6,0.545455,54.55,1,0.0,0.156,0.25,0.1922,0.969,0.45,11502,3.5,3,2.0
t2,Business traveller,accessibility,facility,price_asc,lp43673,Pegasus Reef - A Beach Resort in Colombo,11,11,0,0.0,0.0,17,-1.9459,0.0,0.0,0.5859,0.781,0.95,20121,4.0,4,8.1
t2,Business traveller,accessibility,facility,price_asc,lpc0df6,Fern Colombo,11,11,0,0.0,0.0,16,-1.6094,0.875,0.938,0.1422,0.844,0.75,16245,4.0,3,1.8
t2,Business traveller,accessibility,facility,price_asc,lp6574b103,"Amari Colombo, Sri Lanka",11,11,0,0.0,0.0,15,-3.2189,0.375,0.688,0.8687,0.219,0.4,42203,4.5,5,2.2
t2,Business traveller,accessibility,facility,price_asc,lp81760,The Steuart by Citrus,11,11,0,0.0,0.0,14,-2.4849,0.031,0.094,0.4266,0.625,0.5,22604,4.2,4,2.2
t2,Business traveller,accessibility,facility,price_asc,lp67286,Colombo Court Hotel & Spa,11,11,0,0.0,0.0,13,-3.3673,0.812,0.844,0.5938,0.094,0.725,52144,4.5,4,3.3
t2,Business traveller,accessibility,facility,price_asc,lpc08f9,Morven Hotel Colombo,11,11,0,0.0,0.0,12,-2.3026,0.344,0.5,0.6703,0.688,0.2,21054,4.5,4,2.1
t2,Business traveller,accessibility,facility,price_asc,lp857b8,Zylan Colombo,11,11,0,0.0,0.0,11,-2.8904,0.938,0.969,0.6047,0.438,0.8,34557,4.5,4,2.0
t2,Business traveller,accessibility,facility,price_asc,lp72a36,Best Western Elyon Colombo,11,11,0,0.0,0.0,10,-1.7918,0.969,0.75,0.5687,0.812,0.875,19568,4.2,4,5.1
t2,Business traveller,accessibility,facility,price_asc,lp800a1,Nyne Hotels Lake Lodge - Colombo,11,11,0,0.0,0.0,9,-3.1781,0.594,0.625,0.5094,0.25,0.2,39335,4.6,4,1.5
t2,Business traveller,accessibility,facility,price_asc,lp656d40c7,Sheraton Colombo Hotel,11,11,0,0.0,0.0,8,-3.4012,0.406,0.656,0.7312,0.062,0.4,56627,4.7,5,2.2
t2,Business traveller,accessibility,facility,price_asc,lp40d3f,Global Towers Hotel & Apartments,11,11,0,0.0,0.0,7,-1.3863,0.688,0.281,0.5375,0.875,0.725,16041,3.5,4,5.6
t2,Business traveller,accessibility,facility,price_asc,lp5f0e5,Paradise Road Tintagel Colombo,11,11,0,0.0,0.0,6,-3.4657,0.844,0.906,0.8687,0.0,0.85,96633,4.5,5,1.7
t2,Business traveller,accessibility,facility,price_asc,lp6e625,Hotel Janaki,11,11,2,0.181818,18.18,3,-1.0986,0.906,0.875,0.2188,0.906,0.825,15319,4.0,3,4.2
t2,Business traveller,accessibility,facility,price_asc,lp76eba,Radisson Hotel Colombo,11,11,0,0.0,0.0,5,-2.6391,0.719,0.375,0.4703,0.562,0.8,27402,4.2,4,5.0
t2,Business traveller,accessibility,facility,price_asc,lp65589ffb,MaRadha Colombo,11,11,0,0.0,0.0,18,-2.9444,0.625,0.438,0.325,0.406,0.675,35408,4.8,3,3.6
t2,Business traveller,accessibility,facility,price_asc,lp6f007,Clock Inn Colombo,11,11,3,0.272727,27.27,2,-0.6931,0.75,0.562,0.0563,0.938,0.625,13715,3.8,2,3.4
t2,Business traveller,accessibility,facility,price_desc,lp102b02,Marino Beach Colombo,5,5,0,0.0,0.0,4,-2.7726,0.5,0.469,0.9047,0.469,0.625,30177,4.6,5,3.2
t2,Business traveller,accessibility,facility,price_desc,lp6557c6e0,Granbell Hotel Colombo,5,5,0,0.0,0.0,30,-2.8332,0.312,0.594,0.5422,0.5,0.35,28807,4.6,4,2.3
t2,Business traveller,accessibility,facility,price_desc,lp741c5,Cinnamon Red Colombo,5,5,0,0.0,0.0,29,-2.5649,0.531,0.781,0.6266,0.375,0.35,36530,4.5,4,1.9
t2,Business traveller,accessibility,facility,price_desc,lp9855f,Fairway Colombo - Sri Lanka's First Hotel With Robot Technology,5,5,0,0.0,0.0,28,-2.8904,0.094,0.125,0.525,0.531,0.5,28429,4.2,4,2.1
t2,Business traveller,accessibility,facility,price_desc,lp655a9e91,Zest Metropole,5,5,0,0.0,0.0,27,-3.091,0.125,0.219,0.5375,0.656,0.5,21223,4.3,4,2.0
t2,Business traveller,accessibility,facility,price_desc,lp656d3aa9,Sofia Colombo City Hotel,5,5,0,0.0,0.0,26,-2.9957,0.469,0.531,0.5922,0.594,0.35,23620,4.3,4,2.4
t2,Business traveller,accessibility,facility,price_desc,lp803e1,Galle Face Hotel,5,5,0,0.0,0.0,25,-2.3026,0.25,0.406,0.8141,0.281,0.4,38531,4.5,5,1.8
t2,Business traveller,accessibility,facility,price_desc,lpb1537,Shangri-La Colombo,5,5,2,0.4,40.0,2,-0.6931,0.219,0.188,0.9281,0.031,0.4,68781,4.7,5,1.9
t2,Business traveller,accessibility,facility,price_desc,lp3e58e,The Kingsbury Colombo,5,5,0,0.0,0.0,24,-2.3979,0.062,0.062,0.8766,0.312,0.55,37025,4.2,5,2.2
t2,Business traveller,accessibility,facility,price_desc,lp30277,Hilton Colombo Residence,5,5,0,0.0,0.0,23,-1.9459,0.656,0.719,0.9062,0.188,0.55,43133,4.4,5,0.9
t2,Business traveller,accessibility,facility,price_desc,lp67708,Supun Arcade Residency,5,5,0,0.0,0.0,22,-3.1781,0.781,0.344,0.4906,0.719,0.725,20768,3.8,4,5.7
t2,Business traveller,accessibility,facility,price_desc,lp7c172,Mirage Colombo,5,5,0,0.0,0.0,21,-3.2189,0.562,0.156,0.6328,0.75,0.8,20482,3.8,4,6.3
t2,Business traveller,accessibility,facility,price_desc,lp33ddb,"Taj Samudra, Colombo",5,5,0,0.0,0.0,20,-1.7918,0.281,0.312,0.9016,0.156,0.55,43993,4.5,5,1.7
t2,Business traveller,accessibility,facility,price_desc,lpa0a8a,NH Collection Colombo,5,5,0,0.0,0.0,19,-2.4849,0.438,0.812,0.9594,0.344,0.325,36981,4.6,5,2.0
t2,Business traveller,accessibility,facility,price_desc,lp1bc0d,Hilton Colombo Hotel,5,5,0,0.0,0.0,18,-1.6094,0.188,0.031,0.8547,0.125,0.475,47767,4.2,5,1.9
t2,Business traveller,accessibility,facility,price_desc,lp71118,CityRest Fort,5,5,0,0.0,0.0,17,-3.4657,0.156,0.25,0.1922,0.969,0.45,11502,3.5,3,2.0
t2,Business traveller,accessibility,facility,price_desc,lp43673,Pegasus Reef - A Beach Resort in Colombo,5,5,0,0.0,0.0,16,-3.2581,0.0,0.0,0.5859,0.781,0.95,20121,4.0,4,8.1
t2,Business traveller,accessibility,facility,price_desc,lpc0df6,Fern Colombo,5,5,0,0.0,0.0,15,-3.3322,0.875,0.938,0.1422,0.844,0.75,16245,4.0,3,1.8
t2,Business traveller,accessibility,facility,price_desc,lp6574b103,"Amari Colombo, Sri Lanka",5,5,0,0.0,0.0,14,-2.0794,0.375,0.688,0.8687,0.219,0.4,42203,4.5,5,2.2
t2,Business traveller,accessibility,facility,price_desc,lp81760,The Steuart by Citrus,5,5,0,0.0,0.0,13,-3.0445,0.031,0.094,0.4266,0.625,0.5,22604,4.2,4,2.2
t2,Business traveller,accessibility,facility,price_desc,lp67286,Colombo Court Hotel & Spa,5,5,0,0.0,0.0,12,-1.3863,0.812,0.844,0.5938,0.094,0.725,52144,4.5,4,3.3
t2,Business traveller,accessibility,facility,price_desc,lpc08f9,Morven Hotel Colombo,5,5,0,0.0,0.0,11,-3.1355,0.344,0.5,0.6703,0.688,0.2,21054,4.5,4,2.1
t2,Business traveller,accessibility,facility,price_desc,lp857b8,Zylan Colombo,5,5,0,0.0,0.0,10,-2.7081,0.938,0.969,0.6047,0.438,0.8,34557,4.5,4,2.0
t2,Business traveller,accessibility,facility,price_desc,lp72a36,Best Western Elyon Colombo,5,5,0,0.0,0.0,9,-3.2958,0.969,0.75,0.5687,0.812,0.875,19568,4.2,4,5.1
t2,Business traveller,accessibility,facility,price_desc,lp800a1,Nyne Hotels Lake Lodge - Colombo,5,5,0,0.0,0.0,8,-2.1972,0.594,0.625,0.5094,0.25,0.2,39335,4.6,4,1.5
t2,Business traveller,accessibility,facility,price_desc,lp656d40c7,Sheraton Colombo Hotel,5,5,1,0.2,20.0,3,-1.0986,0.406,0.656,0.7312,0.062,0.4,56627,4.7,5,2.2
t2,Business traveller,accessibility,facility,price_desc,lp40d3f,Global Towers Hotel & Apartments,5,5,0,0.0,0.0,7,-3.3673,0.688,0.281,0.5375,0.875,0.725,16041,3.5,4,5.6
t2,Business traveller,accessibility,facility,price_desc,lp5f0e5,Paradise Road Tintagel Colombo,5,5,2,0.4,40.0,1,0.0,0.844,0.906,0.8687,0.0,0.85,96633,4.5,5,1.7
t2,Business traveller,accessibility,facility,price_desc,lp6e625,Hotel Janaki,5,5,0,0.0,0.0,6,-3.4012,0.906,0.875,0.2188,0.906,0.825,15319,4.0,3,4.2
t2,Business traveller,accessibility,facility,price_desc,lp76eba,Radisson Hotel Colombo,5,5,0,0.0,0.0,5,-2.9444,0.719,0.375,0.4703,0.562,0.8,27402,4.2,4,5.0
t2,Business traveller,accessibility,facility,price_desc,lp65589ffb,MaRadha Colombo,5,5,0,0.0,0.0,31,-2.6391,0.625,0.438,0.325,0.406,0.675,35408,4.8,3,3.6
t2,Business traveller,accessibility,facility,price_desc,lp6f007,Clock Inn Colombo,5,5,0,0.0,0.0,32,-3.434,0.75,0.562,0.0563,0.938,0.625,13715,3.8,2,3.4
t2,Business traveller,accessibility,facility,rating,lp102b02,Marino Beach Colombo,25,25,0,0.0,0.0,4,-1.6094,0.5,0.469,0.9047,0.469,0.625,30177,4.6,5,3.2
t2,Business traveller,accessibility,facility,rating,lp6557c6e0,Granbell Hotel Colombo,25,25,0,0.0,0.0,30,-1.9459,0.312,0.594,0.5422,0.5,0.35,28807,4.6,4,2.3
t2,Business traveller,accessibility,facility,rating,lp741c5,Cinnamon Red Colombo,25,25,0,0.0,0.0,29,-2.3979,0.531,0.781,0.6266,0.375,0.35,36530,4.5,4,1.9
t2,Business traveller,accessibility,facility,rating,lp9855f,Fairway Colombo - Sri Lanka's First Hotel With Robot Technology,25,25,0,0.0,0.0,28,-3.091,0.094,0.125,0.525,0.531,0.5,28429,4.2,4,2.1
t2,Business traveller,accessibility,facility,rating,lp655a9e91,Zest Metropole,25,25,0,0.0,0.0,27,-2.8904,0.125,0.219,0.5375,0.656,0.5,21223,4.3,4,2.0
t2,Business traveller,accessibility,facility,rating,lp656d3aa9,Sofia Colombo City Hotel,25,25,0,0.0,0.0,26,-2.8332,0.469,0.531,0.5922,0.594,0.35,23620,4.3,4,2.4
t2,Business traveller,accessibility,facility,rating,lp803e1,Galle Face Hotel,25,25,0,0.0,0.0,25,-2.6391,0.25,0.406,0.8141,0.281,0.4,38531,4.5,5,1.8
t2,Business traveller,accessibility,facility,rating,lpb1537,Shangri-La Colombo,25,25,7,0.28,28.0,3,-1.0986,0.219,0.188,0.9281,0.031,0.4,68781,4.7,5,1.9
t2,Business traveller,accessibility,facility,rating,lp3e58e,The Kingsbury Colombo,25,25,0,0.0,0.0,24,-3.1355,0.062,0.062,0.8766,0.312,0.55,37025,4.2,5,2.2
t2,Business traveller,accessibility,facility,rating,lp30277,Hilton Colombo Residence,25,25,0,0.0,0.0,23,-2.7726,0.656,0.719,0.9062,0.188,0.55,43133,4.4,5,0.9
t2,Business traveller,accessibility,facility,rating,lp67708,Supun Arcade Residency,25,25,0,0.0,0.0,22,-3.3322,0.781,0.344,0.4906,0.719,0.725,20768,3.8,4,5.7
t2,Business traveller,accessibility,facility,rating,lp7c172,Mirage Colombo,25,25,0,0.0,0.0,21,-3.4012,0.562,0.156,0.6328,0.75,0.8,20482,3.8,4,6.3
t2,Business traveller,accessibility,facility,rating,lp33ddb,"Taj Samudra, Colombo",25,25,0,0.0,0.0,20,-2.7081,0.281,0.312,0.9016,0.156,0.55,43993,4.5,5,1.7
t2,Business traveller,accessibility,facility,rating,lpa0a8a,NH Collection Colombo,25,25,0,0.0,0.0,19,-1.7918,0.438,0.812,0.9594,0.344,0.325,36981,4.6,5,2.0
t2,Business traveller,accessibility,facility,rating,lp1bc0d,Hilton Colombo Hotel,25,25,0,0.0,0.0,18,-3.0445,0.188,0.031,0.8547,0.125,0.475,47767,4.2,5,1.9
t2,Business traveller,accessibility,facility,rating,lp71118,CityRest Fort,25,25,0,0.0,0.0,17,-3.4657,0.156,0.25,0.1922,0.969,0.45,11502,3.5,3,2.0
t2,Business traveller,accessibility,facility,rating,lp43673,Pegasus Reef - A Beach Resort in Colombo,25,25,0,0.0,0.0,31,-3.2958,0.0,0.0,0.5859,0.781,0.95,20121,4.0,4,8.1
t2,Business traveller,accessibility,facility,rating,lpc0df6,Fern Colombo,25,25,0,0.0,0.0,16,-3.2189,0.875,0.938,0.1422,0.844,0.75,16245,4.0,3,1.8
t2,Business traveller,accessibility,facility,rating,lp6574b103,"Amari Colombo, Sri Lanka",25,25,0,0.0,0.0,15,-2.4849,0.375,0.688,0.8687,0.219,0.4,42203,4.5,5,2.2
t2,Business traveller,accessibility,facility,rating,lp81760,The Steuart by Citrus,25,25,0,0.0,0.0,14,-3.1781,0.031,0.094,0.4266,0.625,0.5,22604,4.2,4,2.2
t2,Business traveller,accessibility,facility,rating,lp67286,Colombo Court Hotel & Spa,25,25,0,0.0,0.0,13,-2.3026,0.812,0.844,0.5938,0.094,0.725,52144,4.5,4,3.3
t2,Business traveller,accessibility,facility,rating,lpc08f9,Morven Hotel Colombo,25,25,0,0.0,0.0,12,-2.5649,0.344,0.5,0.6703,0.688,0.2,21054,4.5,4,2.1
t2,Business traveller,accessibility,facility,rating,lp857b8,Zylan Colombo,25,25,0,0.0,0.0,11,-2.0794,0.938,0.969,0.6047,0.438,0.8,34557,4.5,4,2.0
t2,Business traveller,accessibility,facility,rating,lp72a36,Best Western Elyon Colombo,25,25,0,0.0,0.0,10,-2.9444,0.969,0.75,0.5687,0.812,0.875,19568,4.2,4,5.1
t2,Business traveller,accessibility,facility,rating,lp800a1,Nyne Hotels Lake Lodge - Colombo,25,25,0,0.0,0.0,9,-1.3863,0.594,0.625,0.5094,0.25,0.2,39335,4.6,4,1.5
t2,Business traveller,accessibility,facility,rating,lp656d40c7,Sheraton Colombo Hotel,25,25,7,0.28,28.0,2,-0.6931,0.406,0.656,0.7312,0.062,0.4,56627,4.7,5,2.2
t2,Business traveller,accessibility,facility,rating,lp40d3f,Global Towers Hotel & Apartments,25,25,0,0.0,0.0,8,-3.434,0.688,0.281,0.5375,0.875,0.725,16041,3.5,4,5.6
t2,Business traveller,accessibility,facility,rating,lp5f0e5,Paradise Road Tintagel Colombo,25,25,0,0.0,0.0,7,-2.1972,0.844,0.906,0.8687,0.0,0.85,96633,4.5,5,1.7
t2,Business traveller,accessibility,facility,rating,lp6e625,Hotel Janaki,25,25,0,0.0,0.0,6,-3.2581,0.906,0.875,0.2188,0.906,0.825,15319,4.0,3,4.2
t2,Business traveller,accessibility,facility,rating,lp76eba,Radisson Hotel Colombo,25,25,0,0.0,0.0,5,-2.9957,0.719,0.375,0.4703,0.562,0.8,27402,4.2,4,5.0
t2,Business traveller,accessibility,facility,rating,lp65589ffb,MaRadha Colombo,25,25,11,0.44,44.0,1,0.0,0.625,0.438,0.325,0.406,0.675,35408,4.8,3,3.6
t2,Business traveller,accessibility,facility,rating,lp6f007,Clock Inn Colombo,25,25,0,0.0,0.0,32,-3.3673,0.75,0.562,0.0563,0.938,0.625,13715,3.8,2,3.4
t2,Business traveller,accessibility,facility,travel,lp102b02,Marino Beach Colombo,82,82,0,0.0,0.0,4,-2.8904,0.5,0.469,0.9047,0.469,0.625,30177,4.6,5,3.2
t2,Business traveller,accessibility,facility,travel,lp6557c6e0,Granbell Hotel Colombo,82,82,0,0.0,0.0,30,-2.4849,0.312,0.594,0.5422,0.5,0.35,28807,4.6,4,2.3
t2,Business traveller,accessibility,facility,travel,lp741c5,Cinnamon Red Colombo,82,82,0,0.0,0.0,29,-2.3026,0.531,0.781,0.6266,0.375,0.35,36530,4.5,4,1.9
t2,Business traveller,accessibility,facility,travel,lp9855f,Fairway Colombo - Sri Lanka's First Hotel With Robot Technology,82,82,0,0.0,0.0,28,-3.2581,0.094,0.125,0.525,0.531,0.5,28429,4.2,4,2.1
t2,Business traveller,accessibility,facility,travel,lp655a9e91,Zest Metropole,82,82,0,0.0,0.0,27,-3.2958,0.125,0.219,0.5375,0.656,0.5,21223,4.3,4,2.0
t2,Business traveller,accessibility,facility,travel,lp656d3aa9,Sofia Colombo City Hotel,82,82,0,0.0,0.0,26,-2.7081,0.469,0.531,0.5922,0.594,0.35,23620,4.3,4,2.4
t2,Business traveller,accessibility,facility,travel,lp803e1,Galle Face Hotel,82,82,0,0.0,0.0,25,-2.9444,0.25,0.406,0.8141,0.281,0.4,38531,4.5,5,1.8
t2,Business traveller,accessibility,facility,travel,lpb1537,Shangri-La Colombo,82,82,0,0.0,0.0,24,-3.2189,0.219,0.188,0.9281,0.031,0.4,68781,4.7,5,1.9
t2,Business traveller,accessibility,facility,travel,lp3e58e,The Kingsbury Colombo,82,82,0,0.0,0.0,23,-3.434,0.062,0.062,0.8766,0.312,0.55,37025,4.2,5,2.2
t2,Business traveller,accessibility,facility,travel,lp30277,Hilton Colombo Residence,82,82,0,0.0,0.0,22,-2.0794,0.656,0.719,0.9062,0.188,0.55,43133,4.4,5,0.9
t2,Business traveller,accessibility,facility,travel,lp67708,Supun Arcade Residency,82,82,0,0.0,0.0,21,-2.9957,0.781,0.344,0.4906,0.719,0.725,20768,3.8,4,5.7
t2,Business traveller,accessibility,facility,travel,lp7c172,Mirage Colombo,82,82,0,0.0,0.0,20,-3.1781,0.562,0.156,0.6328,0.75,0.8,20482,3.8,4,6.3
t2,Business traveller,accessibility,facility,travel,lp33ddb,"Taj Samudra, Colombo",82,82,0,0.0,0.0,19,-3.1355,0.281,0.312,0.9016,0.156,0.55,43993,4.5,5,1.7
t2,Business traveller,accessibility,facility,travel,lpa0a8a,NH Collection Colombo,82,82,0,0.0,0.0,18,-1.7918,0.438,0.812,0.9594,0.344,0.325,36981,4.6,5,2.0
t2,Business traveller,accessibility,facility,travel,lp1bc0d,Hilton Colombo Hotel,82,82,0,0.0,0.0,17,-3.4012,0.188,0.031,0.8547,0.125,0.475,47767,4.2,5,1.9
t2,Business traveller,accessibility,facility,travel,lp71118,CityRest Fort,82,82,0,0.0,0.0,16,-3.3322,0.156,0.25,0.1922,0.969,0.45,11502,3.5,3,2.0
t2,Business traveller,accessibility,facility,travel,lp43673,Pegasus Reef - A Beach Resort in Colombo,82,82,0,0.0,0.0,15,-3.4657,0.0,0.0,0.5859,0.781,0.95,20121,4.0,4,8.1
t2,Business traveller,accessibility,facility,travel,lpc0df6,Fern Colombo,82,82,33,0.402439,40.24,1,-0.6931,0.875,0.938,0.1422,0.844,0.75,16245,4.0,3,1.8
t2,Business traveller,accessibility,facility,travel,lp6574b103,"Amari Colombo, Sri Lanka",82,82,0,0.0,0.0,14,-2.5649,0.375,0.688,0.8687,0.219,0.4,42203,4.5,5,2.2
t2,Business traveller,accessibility,facility,travel,lp81760,The Steuart by Citrus,82,82,0,0.0,0.0,13,-3.3673,0.031,0.094,0.4266,0.625,0.5,22604,4.2,4,2.2
t2,Business traveller,accessibility,facility,travel,lp67286,Colombo Court Hotel & Spa,82,82,0,0.0,0.0,12,-1.6094,0.812,0.844,0.5938,0.094,0.725,52144,4.5,4,3.3
t2,Business traveller,accessibility,facility,travel,lpc08f9,Morven Hotel Colombo,82,82,0,0.0,0.0,11,-2.7726,0.344,0.5,0.6703,0.688,0.2,21054,4.5,4,2.1
t2,Business traveller,accessibility,facility,travel,lp857b8,Zylan Colombo,82,82,27,0.329268,32.93,2,0.0,0.938,0.969,0.6047,0.438,0.8,34557,4.5,4,2.0
t2,Business traveller,accessibility,facility,travel,lp72a36,Best Western Elyon Colombo,82,82,0,0.0,0.0,10,-1.9459,0.969,0.75,0.5687,0.812,0.875,19568,4.2,4,5.1
t2,Business traveller,accessibility,facility,travel,lp800a1,Nyne Hotels Lake Lodge - Colombo,82,82,0,0.0,0.0,9,-2.1972,0.594,0.625,0.5094,0.25,0.2,39335,4.6,4,1.5
t2,Business traveller,accessibility,facility,travel,lp656d40c7,Sheraton Colombo Hotel,82,82,0,0.0,0.0,8,-2.3979,0.406,0.656,0.7312,0.062,0.4,56627,4.7,5,2.2
t2,Business traveller,accessibility,facility,travel,lp40d3f,Global Towers Hotel & Apartments,82,82,0,0.0,0.0,7,-3.0445,0.688,0.281,0.5375,0.875,0.725,16041,3.5,4,5.6
t2,Business traveller,accessibility,facility,travel,lp5f0e5,Paradise Road Tintagel Colombo,82,82,22,0.268293,26.83,3,-1.0986,0.844,0.906,0.8687,0.0,0.85,96633,4.5,5,1.7
t2,Business traveller,accessibility,facility,travel,lp6e625,Hotel Janaki,82,82,0,0.0,0.0,6,-1.3863,0.906,0.875,0.2188,0.906,0.825,15319,4.0,3,4.2
t2,Business traveller,accessibility,facility,travel,lp76eba,Radisson Hotel Colombo,82,82,0,0.0,0.0,5,-3.091,0.719,0.375,0.4703,0.562,0.8,27402,4.2,4,5.0
t2,Business traveller,accessibility,facility,travel,lp65589ffb,MaRadha Colombo,82,82,0,0.0,0.0,31,-2.8332,0.625,0.438,0.325,0.406,0.675,35408,4.8,3,3.6
t2,Business traveller,accessibility,facility,travel,lp6f007,Clock Inn Colombo,82,82,0,0.0,0.0,32,-2.6391,0.75,0.562,0.0563,0.938,0.625,13715,3.8,2,3.4
t3,Self-funded worker,economic,accessibility,distance,lp102b02,Marino Beach Colombo,102,102,0,0.0,0.0,10,-3.0445,0.344,0.344,0.9047,0.469,0.625,30177,4.6,5,3.2
t3,Self-funded worker,economic,accessibility,distance,lp6557c6e0,Granbell Hotel Colombo,102,102,0,0.0,0.0,30,-2.5649,0.5,0.594,0.5422,0.5,0.35,28807,4.6,4,2.3
t3,Self-funded worker,economic,accessibility,distance,lp741c5,Cinnamon Red Colombo,102,102,0,0.0,0.0,29,-2.6391,0.531,0.469,0.6266,0.375,0.35,36530,4.5,4,1.9
t3,Self-funded worker,economic,accessibility,distance,lp9855f,Fairway Colombo - Sri Lanka's First Hotel With Robot Technology,102,102,40,0.392157,39.22,1,0.0,0.969,0.781,0.525,0.531,0.5,28429,4.2,4,2.1
t3,Self-funded worker,economic,accessibility,distance,lp655a9e91,Zest Metropole,102,102,29,0.284314,28.43,3,-1.0986,0.906,0.844,0.5375,0.656,0.5,21223,4.3,4,2.0
t3,Self-funded worker,economic,accessibility,distance,lp656d3aa9,Sofia Colombo City Hotel,102,102,0,0.0,0.0,28,-2.8904,0.438,0.562,0.5922,0.594,0.35,23620,4.3,4,2.4
t3,Self-funded worker,economic,accessibility,distance,lp803e1,Galle Face Hotel,102,102,0,0.0,0.0,27,-2.1972,0.719,0.812,0.8141,0.281,0.4,38531,4.5,5,1.8
t3,Self-funded worker,economic,accessibility,distance,lpb1537,Shangri-La Colombo,102,102,0,0.0,0.0,26,-1.9459,0.781,0.906,0.9281,0.031,0.4,68781,4.7,5,1.9
t3,Self-funded worker,economic,accessibility,distance,lp3e58e,The Kingsbury Colombo,102,102,1,0.009804,0.98,4,-1.3863,0.844,0.938,0.8766,0.312,0.55,37025,4.2,5,2.2
t3,Self-funded worker,economic,accessibility,distance,lp30277,Hilton Colombo Residence,102,102,0,0.0,0.0,25,-2.3026,0.688,0.5,0.9062,0.188,0.55,43133,4.4,5,0.9
t3,Self-funded worker,economic,accessibility,distance,lp67708,Supun Arcade Residency,102,102,0,0.0,0.0,24,-3.3673,0.062,0.125,0.4906,0.719,0.725,20768,3.8,4,5.7
t3,Self-funded worker,economic,accessibility,distance,lp7c172,Mirage Colombo,102,102,0,0.0,0.0,23,-3.434,0.031,0.062,0.6328,0.75,0.8,20482,3.8,4,6.3
t3,Self-funded worker,economic,accessibility,distance,lp33ddb,"Taj Samudra, Colombo",102,102,0,0.0,0.0,22,-2.0794,0.75,0.719,0.9016,0.156,0.55,43993,4.5,5,1.7
t3,Self-funded worker,economic,accessibility,distance,lpa0a8a,NH Collection Colombo,102,102,0,0.0,0.0,21,-2.7081,0.594,0.531,0.9594,0.344,0.325,36981,4.6,5,2.0
t3,Self-funded worker,economic,accessibility,distance,lp1bc0d,Hilton Colombo Hotel,102,102,0,0.0,0.0,20,-1.7918,0.812,0.75,0.8547,0.125,0.475,47767,4.2,5,1.9
t3,Self-funded worker,economic,accessibility,distance,lp71118,CityRest Fort,102,102,0,0.0,0.0,18,-1.6094,0.875,0.875,0.1922,0.969,0.45,11502,3.5,3,2.0
t3,Self-funded worker,economic,accessibility,distance,lp43673,Pegasus Reef - A Beach Resort in Colombo,102,102,0,0.0,0.0,31,-3.4657,0.0,0.0,0.5859,0.781,0.95,20121,4.0,4,8.1
t3,Self-funded worker,economic,accessibility,distance,lpc0df6,Fern Colombo,102,102,0,0.0,0.0,17,-2.9957,0.375,0.25,0.1422,0.844,0.75,16245,4.0,3,1.8
t3,Self-funded worker,economic,accessibility,distance,lp6574b103,"Amari Colombo, Sri Lanka",102,102,0,0.0,0.0,16,-2.7726,0.562,0.656,0.8687,0.219,0.4,42203,4.5,5,2.2
t3,Self-funded worker,economic,accessibility,distance,lp81760,The Steuart by Citrus,102,102,32,0.313725,31.37,2,-0.6931,0.938,0.969,0.4266,0.625,0.5,22604,4.2,4,2.2
t3,Self-funded worker,economic,accessibility,distance,lp67286,Colombo Court Hotel & Spa,102,102,0,0.0,0.0,5,-3.1355,0.281,0.375,0.5938,0.094,0.725,52144,4.5,4,3.3
t3,Self-funded worker,economic,accessibility,distance,lpc08f9,Morven Hotel Colombo,102,102,0,0.0,0.0,6,-2.3979,0.625,0.688,0.6703,0.688,0.2,21054,4.5,4,2.1
t3,Self-funded worker,economic,accessibility,distance,lp857b8,Zylan Colombo,102,102,0,0.0,0.0,7,-3.091,0.312,0.188,0.6047,0.438,0.8,34557,4.5,4,2.0
t3,Self-funded worker,economic,accessibility,distance,lp72a36,Best Western Elyon Colombo,102,102,0,0.0,0.0,8,-3.4012,0.094,0.031,0.5687,0.812,0.875,19568,4.2,4,5.1
t3,Self-funded worker,economic,accessibility,distance,lp800a1,Nyne Hotels Lake Lodge - Colombo,102,102,0,0.0,0.0,9,-2.4849,0.656,0.438,0.5094,0.25,0.2,39335,4.6,4,1.5
t3,Self-funded worker,economic,accessibility,distance,lp656d40c7,Sheraton Colombo Hotel,102,102,0,0.0,0.0,11,-2.8332,0.469,0.625,0.7312,0.062,0.4,56627,4.7,5,2.2
t3,Self-funded worker,economic,accessibility,distance,lp40d3f,Global Towers Hotel & Apartments,102,102,0,0.0,0.0,12,-3.3322,0.125,0.156,0.5375,0.875,0.725,16041,3.5,4,5.6
t3,Self-funded worker,economic,accessibility,distance,lp5f0e5,Paradise Road Tintagel Colombo,102,102,0,0.0,0.0,13,-2.9444,0.406,0.281,0.8687,0.0,0.85,96633,4.5,5,1.7
t3,Self-funded worker,economic,accessibility,distance,lp6e625,Hotel Janaki,102,102,0,0.0,0.0,14,-3.2581,0.188,0.094,0.2188,0.906,0.825,15319,4.0,3,4.2
t3,Self-funded worker,economic,accessibility,distance,lp76eba,Radisson Hotel Colombo,102,102,0,0.0,0.0,15,-3.2958,0.156,0.219,0.4703,0.562,0.8,27402,4.2,4,5.0
t3,Self-funded worker,economic,accessibility,distance,lp65589ffb,MaRadha Colombo,102,102,0,0.0,0.0,19,-3.2189,0.219,0.312,0.325,0.406,0.675,35408,4.8,3,3.6
t3,Self-funded worker,economic,accessibility,distance,lp6f007,Clock Inn Colombo,102,102,0,0.0,0.0,32,-3.1781,0.25,0.406,0.0563,0.938,0.625,13715,3.8,2,3.4
t3,Self-funded worker,economic,accessibility,price_asc,lp102b02,Marino Beach Colombo,50,49,0,0.0,0.0,32,-2.8332,0.344,0.344,0.9047,0.469,0.625,30177,4.6,5,3.2
t3,Self-funded worker,economic,accessibility,price_asc,lp6557c6e0,Granbell Hotel Colombo,50,49,0,0.0,0.0,31,-2.7726,0.5,0.594,0.5422,0.5,0.35,28807,4.6,4,2.3
t3,Self-funded worker,economic,accessibility,price_asc,lp741c5,Cinnamon Red Colombo,50,49,0,0.0,0.0,4,-2.9957,0.531,0.469,0.6266,0.375,0.35,36530,4.5,4,1.9
t3,Self-funded worker,economic,accessibility,price_asc,lp9855f,Fairway Colombo - Sri Lanka's First Hotel With Robot Technology,50,49,0,0.0,0.0,30,-2.7081,0.969,0.781,0.525,0.531,0.5,28429,4.2,4,2.1
t3,Self-funded worker,economic,accessibility,price_asc,lp655a9e91,Zest Metropole,50,49,0,0.0,0.0,29,-2.3979,0.906,0.844,0.5375,0.656,0.5,21223,4.3,4,2.0
t3,Self-funded worker,economic,accessibility,price_asc,lp656d3aa9,Sofia Colombo City Hotel,50,49,0,0.0,0.0,28,-2.5649,0.438,0.562,0.5922,0.594,0.35,23620,4.3,4,2.4
t3,Self-funded worker,economic,accessibility,price_asc,lp803e1,Galle Face Hotel,50,49,0,0.0,0.0,27,-3.1355,0.719,0.812,0.8141,0.281,0.4,38531,4.5,5,1.8
t3,Self-funded worker,economic,accessibility,price_asc,lpb1537,Shangri-La Colombo,50,49,0,0.0,0.0,26,-3.434,0.781,0.906,0.9281,0.031,0.4,68781,4.7,5,1.9
t3,Self-funded worker,economic,accessibility,price_asc,lp3e58e,The Kingsbury Colombo,50,49,0,0.0,0.0,25,-3.091,0.844,0.938,0.8766,0.312,0.55,37025,4.2,5,2.2
t3,Self-funded worker,economic,accessibility,price_asc,lp30277,Hilton Colombo Residence,50,49,0,0.0,0.0,24,-3.2581,0.688,0.5,0.9062,0.188,0.55,43133,4.4,5,0.9
t3,Self-funded worker,economic,accessibility,price_asc,lp67708,Supun Arcade Residency,50,49,0,0.0,0.0,23,-2.1972,0.062,0.125,0.4906,0.719,0.725,20768,3.8,4,5.7
t3,Self-funded worker,economic,accessibility,price_asc,lp7c172,Mirage Colombo,50,49,0,0.0,0.0,22,-2.0794,0.031,0.062,0.6328,0.75,0.8,20482,3.8,4,6.3
t3,Self-funded worker,economic,accessibility,price_asc,lp33ddb,"Taj Samudra, Colombo",50,49,0,0.0,0.0,21,-3.2958,0.75,0.719,0.9016,0.156,0.55,43993,4.5,5,1.7
t3,Self-funded worker,economic,accessibility,price_asc,lpa0a8a,NH Collection Colombo,50,49,0,0.0,0.0,20,-3.0445,0.594,0.531,0.9594,0.344,0.325,36981,4.6,5,2.0
t3,Self-funded worker,economic,accessibility,price_asc,lp1bc0d,Hilton Colombo Hotel,50,49,0,0.0,0.0,19,-3.3322,0.812,0.75,0.8547,0.125,0.475,47767,4.2,5,1.9
t3,Self-funded worker,economic,accessibility,price_asc,lp71118,CityRest Fort,50,50,33,0.66,66.0,1,0.0,0.875,0.875,0.1922,0.969,0.45,11502,3.5,3,2.0
t3,Self-funded worker,economic,accessibility,price_asc,lp43673,Pegasus Reef - A Beach Resort in Colombo,50,49,0,0.0,0.0,17,-1.9459,0.0,0.0,0.5859,0.781,0.95,20121,4.0,4,8.1
t3,Self-funded worker,economic,accessibility,price_asc,lpc0df6,Fern Colombo,50,50,0,0.0,0.0,16,-1.6094,0.375,0.25,0.1422,0.844,0.75,16245,4.0,3,1.8
t3,Self-funded worker,economic,accessibility,price_asc,lp6574b103,"Amari Colombo, Sri Lanka",50,49,0,0.0,0.0,15,-3.2189,0.562,0.656,0.8687,0.219,0.4,42203,4.5,5,2.2
t3,Self-funded worker,economic,accessibility,price_asc,lp81760,The Steuart by Citrus,50,49,0,0.0,0.0,14,-2.4849,0.938,0.969,0.4266,0.625,0.5,22604,4.2,4,2.2
t3,Self-funded worker,economic,accessibility,price_asc,lp67286,Colombo Court Hotel & Spa,50,49,0,0.0,0.0,13,-3.3673,0.281,0.375,0.5938,0.094,0.725,52144,4.5,4,3.3
t3,Self-funded worker,economic,accessibility,price_asc,lpc08f9,Morven Hotel Colombo,50,49,0,0.0,0.0,12,-2.3026,0.625,0.688,0.6703,0.688,0.2,21054,4.5,4,2.1
t3,Self-funded worker,economic,accessibility,price_asc,lp857b8,Zylan Colombo,50,49,0,0.0,0.0,11,-2.8904,0.312,0.188,0.6047,0.438,0.8,34557,4.5,4,2.0
t3,Self-funded worker,economic,accessibility,price_asc,lp72a36,Best Western Elyon Colombo,50,50,0,0.0,0.0,10,-1.7918,0.094,0.031,0.5687,0.812,0.875,19568,4.2,4,5.1
t3,Self-funded worker,economic,accessibility,price_asc,lp800a1,Nyne Hotels Lake Lodge - Colombo,50,49,0,0.0,0.0,9,-3.1781,0.656,0.438,0.5094,0.25,0.2,39335,4.6,4,1.5
t3,Self-funded worker,economic,accessibility,price_asc,lp656d40c7,Sheraton Colombo Hotel,50,49,0,0.0,0.0,8,-3.4012,0.469,0.625,0.7312,0.062,0.4,56627,4.7,5,2.2
t3,Self-funded worker,economic,accessibility,price_asc,lp40d3f,Global Towers Hotel & Apartments,50,50,0,0.0,0.0,7,-1.3863,0.125,0.156,0.5375,0.875,0.725,16041,3.5,4,5.6
t3,Self-funded worker,economic,accessibility,price_asc,lp5f0e5,Paradise Road Tintagel Colombo,50,49,0,0.0,0.0,6,-3.4657,0.406,0.281,0.8687,0.0,0.85,96633,4.5,5,1.7
t3,Self-funded worker,economic,accessibility,price_asc,lp6e625,Hotel Janaki,50,50,3,0.06,6.0,3,-1.0986,0.188,0.094,0.2188,0.906,0.825,15319,4.0,3,4.2
t3,Self-funded worker,economic,accessibility,price_asc,lp76eba,Radisson Hotel Colombo,50,49,0,0.0,0.0,5,-2.6391,0.156,0.219,0.4703,0.562,0.8,27402,4.2,4,5.0
t3,Self-funded worker,economic,accessibility,price_asc,lp65589ffb,MaRadha Colombo,50,49,0,0.0,0.0,18,-2.9444,0.219,0.312,0.325,0.406,0.675,35408,4.8,3,3.6
t3,Self-funded worker,economic,accessibility,price_asc,lp6f007,Clock Inn Colombo,50,50,14,0.28,28.0,2,-0.6931,0.25,0.406,0.0563,0.938,0.625,13715,3.8,2,3.4
t3,Self-funded worker,economic,accessibility,price_desc,lp102b02,Marino Beach Colombo,4,4,0,0.0,0.0,3,-2.7726,0.344,0.344,0.9047,0.469,0.625,30177,4.6,5,3.2
t3,Self-funded worker,economic,accessibility,price_desc,lp6557c6e0,Granbell Hotel Colombo,4,4,0,0.0,0.0,30,-2.8332,0.5,0.594,0.5422,0.5,0.35,28807,4.6,4,2.3
t3,Self-funded worker,economic,accessibility,price_desc,lp741c5,Cinnamon Red Colombo,4,4,0,0.0,0.0,29,-2.5649,0.531,0.469,0.6266,0.375,0.35,36530,4.5,4,1.9
t3,Self-funded worker,economic,accessibility,price_desc,lp9855f,Fairway Colombo - Sri Lanka's First Hotel With Robot Technology,4,4,0,0.0,0.0,28,-2.8904,0.969,0.781,0.525,0.531,0.5,28429,4.2,4,2.1
t3,Self-funded worker,economic,accessibility,price_desc,lp655a9e91,Zest Metropole,4,4,0,0.0,0.0,27,-3.091,0.906,0.844,0.5375,0.656,0.5,21223,4.3,4,2.0
t3,Self-funded worker,economic,accessibility,price_desc,lp656d3aa9,Sofia Colombo City Hotel,4,4,0,0.0,0.0,26,-2.9957,0.438,0.562,0.5922,0.594,0.35,23620,4.3,4,2.4
t3,Self-funded worker,economic,accessibility,price_desc,lp803e1,Galle Face Hotel,4,4,0,0.0,0.0,25,-2.3026,0.719,0.812,0.8141,0.281,0.4,38531,4.5,5,1.8
t3,Self-funded worker,economic,accessibility,price_desc,lpb1537,Shangri-La Colombo,4,4,3,0.75,75.0,1,-0.6931,0.781,0.906,0.9281,0.031,0.4,68781,4.7,5,1.9
t3,Self-funded worker,economic,accessibility,price_desc,lp3e58e,The Kingsbury Colombo,4,4,0,0.0,0.0,24,-2.3979,0.844,0.938,0.8766,0.312,0.55,37025,4.2,5,2.2
t3,Self-funded worker,economic,accessibility,price_desc,lp30277,Hilton Colombo Residence,4,4,0,0.0,0.0,23,-1.9459,0.688,0.5,0.9062,0.188,0.55,43133,4.4,5,0.9
t3,Self-funded worker,economic,accessibility,price_desc,lp67708,Supun Arcade Residency,4,4,0,0.0,0.0,22,-3.1781,0.062,0.125,0.4906,0.719,0.725,20768,3.8,4,5.7
t3,Self-funded worker,economic,accessibility,price_desc,lp7c172,Mirage Colombo,4,4,0,0.0,0.0,21,-3.2189,0.031,0.062,0.6328,0.75,0.8,20482,3.8,4,6.3
t3,Self-funded worker,economic,accessibility,price_desc,lp33ddb,"Taj Samudra, Colombo",4,4,0,0.0,0.0,20,-1.7918,0.75,0.719,0.9016,0.156,0.55,43993,4.5,5,1.7
t3,Self-funded worker,economic,accessibility,price_desc,lpa0a8a,NH Collection Colombo,4,4,0,0.0,0.0,19,-2.4849,0.594,0.531,0.9594,0.344,0.325,36981,4.6,5,2.0
t3,Self-funded worker,economic,accessibility,price_desc,lp1bc0d,Hilton Colombo Hotel,4,4,0,0.0,0.0,18,-1.6094,0.812,0.75,0.8547,0.125,0.475,47767,4.2,5,1.9
t3,Self-funded worker,economic,accessibility,price_desc,lp71118,CityRest Fort,4,4,0,0.0,0.0,17,-3.4657,0.875,0.875,0.1922,0.969,0.45,11502,3.5,3,2.0
t3,Self-funded worker,economic,accessibility,price_desc,lp43673,Pegasus Reef - A Beach Resort in Colombo,4,4,0,0.0,0.0,16,-3.2581,0.0,0.0,0.5859,0.781,0.95,20121,4.0,4,8.1
t3,Self-funded worker,economic,accessibility,price_desc,lpc0df6,Fern Colombo,4,4,0,0.0,0.0,15,-3.3322,0.375,0.25,0.1422,0.844,0.75,16245,4.0,3,1.8
t3,Self-funded worker,economic,accessibility,price_desc,lp6574b103,"Amari Colombo, Sri Lanka",4,4,0,0.0,0.0,14,-2.0794,0.562,0.656,0.8687,0.219,0.4,42203,4.5,5,2.2
t3,Self-funded worker,economic,accessibility,price_desc,lp81760,The Steuart by Citrus,4,4,0,0.0,0.0,13,-3.0445,0.938,0.969,0.4266,0.625,0.5,22604,4.2,4,2.2
t3,Self-funded worker,economic,accessibility,price_desc,lp67286,Colombo Court Hotel & Spa,4,4,0,0.0,0.0,12,-1.3863,0.281,0.375,0.5938,0.094,0.725,52144,4.5,4,3.3
t3,Self-funded worker,economic,accessibility,price_desc,lpc08f9,Morven Hotel Colombo,4,4,0,0.0,0.0,11,-3.1355,0.625,0.688,0.6703,0.688,0.2,21054,4.5,4,2.1
t3,Self-funded worker,economic,accessibility,price_desc,lp857b8,Zylan Colombo,4,4,0,0.0,0.0,10,-2.7081,0.312,0.188,0.6047,0.438,0.8,34557,4.5,4,2.0
t3,Self-funded worker,economic,accessibility,price_desc,lp72a36,Best Western Elyon Colombo,4,4,0,0.0,0.0,9,-3.2958,0.094,0.031,0.5687,0.812,0.875,19568,4.2,4,5.1
t3,Self-funded worker,economic,accessibility,price_desc,lp800a1,Nyne Hotels Lake Lodge - Colombo,4,4,0,0.0,0.0,8,-2.1972,0.656,0.438,0.5094,0.25,0.2,39335,4.6,4,1.5
t3,Self-funded worker,economic,accessibility,price_desc,lp656d40c7,Sheraton Colombo Hotel,4,4,0,0.0,0.0,7,-1.0986,0.469,0.625,0.7312,0.062,0.4,56627,4.7,5,2.2
t3,Self-funded worker,economic,accessibility,price_desc,lp40d3f,Global Towers Hotel & Apartments,4,4,0,0.0,0.0,6,-3.3673,0.125,0.156,0.5375,0.875,0.725,16041,3.5,4,5.6
t3,Self-funded worker,economic,accessibility,price_desc,lp5f0e5,Paradise Road Tintagel Colombo,4,4,1,0.25,25.0,2,0.0,0.406,0.281,0.8687,0.0,0.85,96633,4.5,5,1.7
t3,Self-funded worker,economic,accessibility,price_desc,lp6e625,Hotel Janaki,4,4,0,0.0,0.0,5,-3.4012,0.188,0.094,0.2188,0.906,0.825,15319,4.0,3,4.2
t3,Self-funded worker,economic,accessibility,price_desc,lp76eba,Radisson Hotel Colombo,4,4,0,0.0,0.0,4,-2.9444,0.156,0.219,0.4703,0.562,0.8,27402,4.2,4,5.0
t3,Self-funded worker,economic,accessibility,price_desc,lp65589ffb,MaRadha Colombo,4,4,0,0.0,0.0,31,-2.6391,0.219,0.312,0.325,0.406,0.675,35408,4.8,3,3.6
t3,Self-funded worker,economic,accessibility,price_desc,lp6f007,Clock Inn Colombo,4,4,0,0.0,0.0,32,-3.434,0.25,0.406,0.0563,0.938,0.625,13715,3.8,2,3.4
t3,Self-funded worker,economic,accessibility,rating,lp102b02,Marino Beach Colombo,30,30,0,0.0,0.0,4,-1.9459,0.344,0.344,0.9047,0.469,0.625,30177,4.6,5,3.2
t3,Self-funded worker,economic,accessibility,rating,lp6557c6e0,Granbell Hotel Colombo,30,30,0,0.0,0.0,30,-1.6094,0.5,0.594,0.5422,0.5,0.35,28807,4.6,4,2.3
t3,Self-funded worker,economic,accessibility,rating,lp741c5,Cinnamon Red Colombo,30,30,0,0.0,0.0,29,-2.3979,0.531,0.469,0.6266,0.375,0.35,36530,4.5,4,1.9
t3,Self-funded worker,economic,accessibility,rating,lp9855f,Fairway Colombo - Sri Lanka's First Hotel With Robot Technology,30,30,0,0.0,0.0,28,-2.9444,0.969,0.781,0.525,0.531,0.5,28429,4.2,4,2.1
t3,Self-funded worker,economic,accessibility,rating,lp655a9e91,Zest Metropole,30,30,0,0.0,0.0,27,-2.8332,0.906,0.844,0.5375,0.656,0.5,21223,4.3,4,2.0
t3,Self-funded worker,economic,accessibility,rating,lp656d3aa9,Sofia Colombo City Hotel,30,30,0,0.0,0.0,26,-2.8904,0.438,0.562,0.5922,0.594,0.35,23620,4.3,4,2.4
t3,Self-funded worker,economic,accessibility,rating,lp803e1,Galle Face Hotel,30,30,0,0.0,0.0,25,-2.1972,0.719,0.812,0.8141,0.281,0.4,38531,4.5,5,1.8
t3,Self-funded worker,economic,accessibility,rating,lpb1537,Shangri-La Colombo,30,30,8,0.266667,26.67,2,-0.6931,0.781,0.906,0.9281,0.031,0.4,68781,4.7,5,1.9
t3,Self-funded worker,economic,accessibility,rating,lp3e58e,The Kingsbury Colombo,30,30,0,0.0,0.0,24,-3.0445,0.844,0.938,0.8766,0.312,0.55,37025,4.2,5,2.2
t3,Self-funded worker,economic,accessibility,rating,lp30277,Hilton Colombo Residence,30,30,0,0.0,0.0,23,-2.7726,0.688,0.5,0.9062,0.188,0.55,43133,4.4,5,0.9
t3,Self-funded worker,economic,accessibility,rating,lp67708,Supun Arcade Residency,30,30,0,0.0,0.0,22,-3.3673,0.062,0.125,0.4906,0.719,0.725,20768,3.8,4,5.7
t3,Self-funded worker,economic,accessibility,rating,lp7c172,Mirage Colombo,30,30,0,0.0,0.0,21,-3.4012,0.031,0.062,0.6328,0.75,0.8,20482,3.8,4,6.3
t3,Self-funded worker,economic,accessibility,rating,lp33ddb,"Taj Samudra, Colombo",30,30,0,0.0,0.0,20,-2.0794,0.75,0.719,0.9016,0.156,0.55,43993,4.5,5,1.7
t3,Self-funded worker,economic,accessibility,rating,lpa0a8a,NH Collection Colombo,30,30,0,0.0,0.0,19,-1.7918,0.594,0.531,0.9594,0.344,0.325,36981,4.6,5,2.0
t3,Self-funded worker,economic,accessibility,rating,lp1bc0d,Hilton Colombo Hotel,30,30,0,0.0,0.0,18,-3.091,0.812,0.75,0.8547,0.125,0.475,47767,4.2,5,1.9
t3,Self-funded worker,economic,accessibility,rating,lp71118,CityRest Fort,30,30,0,0.0,0.0,17,-3.434,0.875,0.875,0.1922,0.969,0.45,11502,3.5,3,2.0
t3,Self-funded worker,economic,accessibility,rating,lp43673,Pegasus Reef - A Beach Resort in Colombo,30,30,0,0.0,0.0,31,-3.2958,0.0,0.0,0.5859,0.781,0.95,20121,4.0,4,8.1
t3,Self-funded worker,economic,accessibility,rating,lpc0df6,Fern Colombo,30,30,0,0.0,0.0,16,-3.2189,0.375,0.25,0.1422,0.844,0.75,16245,4.0,3,1.8
t3,Self-funded worker,economic,accessibility,rating,lp6574b103,"Amari Colombo, Sri Lanka",30,30,0,0.0,0.0,15,-2.4849,0.562,0.656,0.8687,0.219,0.4,42203,4.5,5,2.2
t3,Self-funded worker,economic,accessibility,rating,lp81760,The Steuart by Citrus,30,30,0,0.0,0.0,14,-2.9957,0.938,0.969,0.4266,0.625,0.5,22604,4.2,4,2.2
t3,Self-funded worker,economic,accessibility,rating,lp67286,Colombo Court Hotel & Spa,30,30,0,0.0,0.0,13,-2.7081,0.281,0.375,0.5938,0.094,0.725,52144,4.5,4,3.3
t3,Self-funded worker,economic,accessibility,rating,lpc08f9,Morven Hotel Colombo,30,30,0,0.0,0.0,12,-2.3026,0.625,0.688,0.6703,0.688,0.2,21054,4.5,4,2.1
t3,Self-funded worker,economic,accessibility,rating,lp857b8,Zylan Colombo,30,30,0,0.0,0.0,11,-2.6391,0.312,0.188,0.6047,0.438,0.8,34557,4.5,4,2.0
t3,Self-funded worker,economic,accessibility,rating,lp72a36,Best Western Elyon Colombo,30,30,0,0.0,0.0,10,-3.1781,0.094,0.031,0.5687,0.812,0.875,19568,4.2,4,5.1
t3,Self-funded worker,economic,accessibility,rating,lp800a1,Nyne Hotels Lake Lodge - Colombo,30,30,0,0.0,0.0,9,-1.3863,0.656,0.438,0.5094,0.25,0.2,39335,4.6,4,1.5
t3,Self-funded worker,economic,accessibility,rating,lp656d40c7,Sheraton Colombo Hotel,30,30,5,0.166667,16.67,3,-1.0986,0.469,0.625,0.7312,0.062,0.4,56627,4.7,5,2.2
t3,Self-funded worker,economic,accessibility,rating,lp40d3f,Global Towers Hotel & Apartments,30,30,0,0.0,0.0,8,-3.4657,0.125,0.156,0.5375,0.875,0.725,16041,3.5,4,5.6
t3,Self-funded worker,economic,accessibility,rating,lp5f0e5,Paradise Road Tintagel Colombo,30,30,0,0.0,0.0,7,-2.5649,0.406,0.281,0.8687,0.0,0.85,96633,4.5,5,1.7
t3,Self-funded worker,economic,accessibility,rating,lp6e625,Hotel Janaki,30,30,0,0.0,0.0,6,-3.2581,0.188,0.094,0.2188,0.906,0.825,15319,4.0,3,4.2
t3,Self-funded worker,economic,accessibility,rating,lp76eba,Radisson Hotel Colombo,30,30,0,0.0,0.0,5,-3.1355,0.156,0.219,0.4703,0.562,0.8,27402,4.2,4,5.0
t3,Self-funded worker,economic,accessibility,rating,lp65589ffb,MaRadha Colombo,30,30,17,0.566667,56.67,1,0.0,0.219,0.312,0.325,0.406,0.675,35408,4.8,3,3.6
t3,Self-funded worker,economic,accessibility,rating,lp6f007,Clock Inn Colombo,30,30,0,0.0,0.0,32,-3.3322,0.25,0.406,0.0563,0.938,0.625,13715,3.8,2,3.4
t3,Self-funded worker,economic,accessibility,travel,lp102b02,Marino Beach Colombo,47,47,0,0.0,0.0,4,-2.9957,0.344,0.344,0.9047,0.469,0.625,30177,4.6,5,3.2
t3,Self-funded worker,economic,accessibility,travel,lp6557c6e0,Granbell Hotel Colombo,47,47,0,0.0,0.0,30,-2.6391,0.5,0.594,0.5422,0.5,0.35,28807,4.6,4,2.3
t3,Self-funded worker,economic,accessibility,travel,lp741c5,Cinnamon Red Colombo,47,47,0,0.0,0.0,29,-2.8332,0.531,0.469,0.6266,0.375,0.35,36530,4.5,4,1.9
t3,Self-funded worker,economic,accessibility,travel,lp9855f,Fairway Colombo - Sri Lanka's First Hotel With Robot Technology,47,47,0,0.0,0.0,28,-1.7918,0.969,0.781,0.525,0.531,0.5,28429,4.2,4,2.1
t3,Self-funded worker,economic,accessibility,travel,lp655a9e91,Zest Metropole,47,47,0,0.0,0.0,27,-1.3863,0.906,0.844,0.5375,0.656,0.5,21223,4.3,4,2.0
t3,Self-funded worker,economic,accessibility,travel,lp656d3aa9,Sofia Colombo City Hotel,47,47,0,0.0,0.0,26,-2.7726,0.438,0.562,0.5922,0.594,0.35,23620,4.3,4,2.4
t3,Self-funded worker,economic,accessibility,travel,lp803e1,Galle Face Hotel,47,47,0,0.0,0.0,25,-2.0794,0.719,0.812,0.8141,0.281,0.4,38531,4.5,5,1.8
t3,Self-funded worker,economic,accessibility,travel,lpb1537,Shangri-La Colombo,47,47,9,0.191489,19.15,3,-1.0986,0.781,0.906,0.9281,0.031,0.4,68781,4.7,5,1.9
t3,Self-funded worker,economic,accessibility,travel,lp3e58e,The Kingsbury Colombo,47,47,17,0.361702,36.17,2,-0.6931,0.844,0.938,0.8766,0.312,0.55,37025,4.2,5,2.2
t3,Self-funded worker,economic,accessibility,travel,lp30277,Hilton Colombo Residence,47,47,0,0.0,0.0,24,-2.5649,0.688,0.5,0.9062,0.188,0.55,43133,4.4,5,0.9
t3,Self-funded worker,economic,accessibility,travel,lp67708,Supun Arcade Residency,47,47,0,0.0,0.0,23,-3.3322,0.062,0.125,0.4906,0.719,0.725,20768,3.8,4,5.7
t3,Self-funded worker,economic,accessibility,travel,lp7c172,Mirage Colombo,47,47,0,0.0,0.0,22,-3.4012,0.031,0.062,0.6328,0.75,0.8,20482,3.8,4,6.3
t3,Self-funded worker,economic,accessibility,travel,lp33ddb,"Taj Samudra, Colombo",47,47,0,0.0,0.0,21,-2.1972,0.75,0.719,0.9016,0.156,0.55,43993,4.5,5,1.7
t3,Self-funded worker,economic,accessibility,travel,lpa0a8a,NH Collection Colombo,47,47,0,0.0,0.0,20,-2.7081,0.594,0.531,0.9594,0.344,0.325,36981,4.6,5,2.0
t3,Self-funded worker,economic,accessibility,travel,lp1bc0d,Hilton Colombo Hotel,47,47,0,0.0,0.0,19,-1.9459,0.812,0.75,0.8547,0.125,0.475,47767,4.2,5,1.9
t3,Self-funded worker,economic,accessibility,travel,lp71118,CityRest Fort,47,47,0,0.0,0.0,17,-1.6094,0.875,0.875,0.1922,0.969,0.45,11502,3.5,3,2.0
t3,Self-funded worker,economic,accessibility,travel,lp43673,Pegasus Reef - A Beach Resort in Colombo,47,47,0,0.0,0.0,31,-3.4657,0.0,0.0,0.5859,0.781,0.95,20121,4.0,4,8.1
t3,Self-funded worker,economic,accessibility,travel,lpc0df6,Fern Colombo,47,47,0,0.0,0.0,16,-3.1781,0.375,0.25,0.1422,0.844,0.75,16245,4.0,3,1.8
t3,Self-funded worker,economic,accessibility,travel,lp6574b103,"Amari Colombo, Sri Lanka",47,47,0,0.0,0.0,15,-2.3979,0.562,0.656,0.8687,0.219,0.4,42203,4.5,5,2.2
t3,Self-funded worker,economic,accessibility,travel,lp81760,The Steuart by Citrus,47,47,21,0.446809,44.68,1,0.0,0.938,0.969,0.4266,0.625,0.5,22604,4.2,4,2.2
t3,Self-funded worker,economic,accessibility,travel,lp67286,Colombo Court Hotel & Spa,47,47,0,0.0,0.0,14,-3.0445,0.281,0.375,0.5938,0.094,0.725,52144,4.5,4,3.3
t3,Self-funded worker,economic,accessibility,travel,lpc08f9,Morven Hotel Colombo,47,47,0,0.0,0.0,13,-2.3026,0.625,0.688,0.6703,0.688,0.2,21054,4.5,4,2.1
t3,Self-funded worker,economic,accessibility,travel,lp857b8,Zylan Colombo,47,47,0,0.0,0.0,12,-3.2581,0.312,0.188,0.6047,0.438,0.8,34557,4.5,4,2.0
t3,Self-funded worker,economic,accessibility,travel,lp72a36,Best Western Elyon Colombo,47,47,0,0.0,0.0,11,-3.434,0.094,0.031,0.5687,0.812,0.875,19568,4.2,4,5.1
t3,Self-funded worker,economic,accessibility,travel,lp800a1,Nyne Hotels Lake Lodge - Colombo,47,47,0,0.0,0.0,10,-2.8904,0.656,0.438,0.5094,0.25,0.2,39335,4.6,4,1.5
t3,Self-funded worker,economic,accessibility,travel,lp656d40c7,Sheraton Colombo Hotel,47,47,0,0.0,0.0,9,-2.4849,0.469,0.625,0.7312,0.062,0.4,56627,4.7,5,2.2
t3,Self-funded worker,economic,accessibility,travel,lp40d3f,Global Towers Hotel & Apartments,47,47,0,0.0,0.0,8,-3.2958,0.125,0.156,0.5375,0.875,0.725,16041,3.5,4,5.6
t3,Self-funded worker,economic,accessibility,travel,lp5f0e5,Paradise Road Tintagel Colombo,47,47,0,0.0,0.0,7,-3.1355,0.406,0.281,0.8687,0.0,0.85,96633,4.5,5,1.7
t3,Self-funded worker,economic,accessibility,travel,lp6e625,Hotel Janaki,47,47,0,0.0,0.0,6,-3.3673,0.188,0.094,0.2188,0.906,0.825,15319,4.0,3,4.2
t3,Self-funded worker,economic,accessibility,travel,lp76eba,Radisson Hotel Colombo,47,47,0,0.0,0.0,5,-3.2189,0.156,0.219,0.4703,0.562,0.8,27402,4.2,4,5.0
t3,Self-funded worker,economic,accessibility,travel,lp65589ffb,MaRadha Colombo,47,47,0,0.0,0.0,18,-3.091,0.219,0.312,0.325,0.406,0.675,35408,4.8,3,3.6
t3,Self-funded worker,economic,accessibility,travel,lp6f007,Clock Inn Colombo,47,47,0,0.0,0.0,32,-2.9444,0.25,0.406,0.0563,0.938,0.625,13715,3.8,2,3.4
t4,Family on holiday,facility,spatial,distance,lp102b02,Marino Beach Colombo,111,111,1,0.009009,0.9,4,-1.6094,0.812,0.906,0.9047,0.469,0.625,30177,4.6,5,3.2
t4,Family on holiday,facility,spatial,distance,lp6557c6e0,Granbell Hotel Colombo,111,111,0,0.0,0.0,30,-2.4849,0.594,0.625,0.5422,0.5,0.35,28807,4.6,4,2.3
t4,Family on holiday,facility,spatial,distance,lp741c5,Cinnamon Red Colombo,111,111,0,0.0,0.0,29,-2.6391,0.562,0.562,0.6266,0.375,0.35,36530,4.5,4,1.9
t4,Family on holiday,facility,spatial,distance,lp9855f,Fairway Colombo - Sri Lanka's First Hotel With Robot Technology,111,111,0,0.0,0.0,28,-3.3322,0.031,0.062,0.525,0.531,0.5,28429,4.2,4,2.1
t4,Family on holiday,facility,spatial,distance,lp655a9e91,Zest Metropole,111,111,0,0.0,0.0,27,-3.3673,0.062,0.094,0.5375,0.656,0.5,21223,4.3,4,2.0
t4,Family on holiday,facility,spatial,distance,lp656d3aa9,Sofia Colombo City Hotel,111,111,0,0.0,0.0,26,-2.3026,0.688,0.75,0.5922,0.594,0.35,23620,4.3,4,2.4
t4,Family on holiday,facility,spatial,distance,lp803e1,Galle Face Hotel,111,111,0,0.0,0.0,25,-3.1355,0.281,0.344,0.8141,0.281,0.4,38531,4.5,5,1.8
t4,Family on holiday,facility,spatial,distance,lpb1537,Shangri-La Colombo,111,111,0,0.0,0.0,24,-3.2189,0.219,0.219,0.9281,0.031,0.4,68781,4.7,5,1.9
t4,Family on holiday,facility,spatial,distance,lp3e58e,The Kingsbury Colombo,111,111,0,0.0,0.0,23,-3.2958,0.156,0.156,0.8766,0.312,0.55,37025,4.2,5,2.2
t4,Family on holiday,facility,spatial,distance,lp30277,Hilton Colombo Residence,111,111,0,0.0,0.0,22,-3.091,0.312,0.25,0.9062,0.188,0.55,43133,4.4,5,0.9
t4,Family on holiday,facility,spatial,distance,lp67708,Supun Arcade Residency,111,111,0,0.0,0.0,21,-1.9459,0.75,0.875,0.4906,0.719,0.725,20768,3.8,4,5.7
t4,Family on holiday,facility,spatial,distance,lp7c172,Mirage Colombo,111,111,1,0.009009,0.9,5,-2.1972,0.719,0.688,0.6328,0.75,0.8,20482,3.8,4,6.3
t4,Family on holiday,facility,spatial,distance,lp33ddb,"Taj Samudra, Colombo",111,111,0,0.0,0.0,20,-3.1781,0.25,0.281,0.9016,0.156,0.55,43993,4.5,5,1.7
t4,Family on holiday,facility,spatial,distance,lpa0a8a,NH Collection Colombo,111,111,0,0.0,0.0,19,-2.7081,0.5,0.594,0.9594,0.344,0.325,36981,4.6,5,2.0
t4,Family on holiday,facility,spatial,distance,lp1bc0d,Hilton Colombo Hotel,111,111,0,0.0,0.0,18,-3.2581,0.188,0.031,0.8547,0.125,0.475,47767,4.2,5,1.9
t4,Family on holiday,facility,spatial,distance,lp71118,CityRest Fort,111,111,0,0.0,0.0,17,-3.4012,0.125,0.125,0.1922,0.969,0.45,11502,3.5,3,2.0
t4,Family on holiday,facility,spatial,distance,lp43673,Pegasus Reef - A Beach Resort in Colombo,111,111,0,0.0,0.0,31,-3.4657,0.0,0.0,0.5859,0.781,0.95,20121,4.0,4,8.1
t4,Family on holiday,facility,spatial,distance,lpc0df6,Fern Colombo,111,111,0,0.0,0.0,16,-2.9444,0.375,0.375,0.1422,0.844,0.75,16245,4.0,3,1.8
t4,Family on holiday,facility,spatial,distance,lp6574b103,"Amari Colombo, Sri Lanka",111,111,0,0.0,0.0,15,-2.7726,0.531,0.531,0.8687,0.219,0.4,42203,4.5,5,2.2
t4,Family on holiday,facility,spatial,distance,lp81760,The Steuart by Citrus,111,111,0,0.0,0.0,14,-3.434,0.094,0.188,0.4266,0.625,0.5,22604,4.2,4,2.2
t4,Family on holiday,facility,spatial,distance,lp67286,Colombo Court Hotel & Spa,111,111,22,0.198198,19.82,3,-1.0986,0.875,0.781,0.5938,0.094,0.725,52144,4.5,4,3.3
t4,Family on holiday,facility,spatial,distance,lpc08f9,Morven Hotel Colombo,111,111,0,0.0,0.0,13,-2.8332,0.469,0.469,0.6703,0.688,0.2,21054,4.5,4,2.1
t4,Family on holiday,facility,spatial,distance,lp857b8,Zylan Colombo,111,111,0,0.0,0.0,12,-3.0445,0.344,0.312,0.6047,0.438,0.8,34557,4.5,4,2.0
t4,Family on holiday,facility,spatial,distance,lp72a36,Best Western Elyon Colombo,111,111,0,0.0,0.0,11,-2.3979,0.656,0.5,0.5687,0.812,0.875,19568,4.2,4,5.1
t4,Family on holiday,facility,spatial,distance,lp800a1,Nyne Hotels Lake Lodge - Colombo,111,111,0,0.0,0.0,10,-2.8904,0.438,0.438,0.5094,0.25,0.2,39335,4.6,4,1.5
t4,Family on holiday,facility,spatial,distance,lp656d40c7,Sheraton Colombo Hotel,111,111,0,0.0,0.0,9,-2.5649,0.625,0.656,0.7312,0.062,0.4,56627,4.7,5,2.2
t4,Family on holiday,facility,spatial,distance,lp40d3f,Global Towers Hotel & Apartments,111,111,0,0.0,0.0,8,-1.7918,0.844,0.844,0.5375,0.875,0.725,16041,3.5,4,5.6
t4,Family on holiday,facility,spatial,distance,lp5f0e5,Paradise Road Tintagel Colombo,111,111,0,0.0,0.0,7,-2.9957,0.406,0.406,0.8687,0.0,0.85,96633,4.5,5,1.7
t4,Family on holiday,facility,spatial,distance,lp6e625,Hotel Janaki,111,111,0,0.0,0.0,6,-2.0794,0.781,0.719,0.2188,0.906,0.825,15319,4.0,3,4.2
t4,Family on holiday,facility,spatial,distance,lp76eba,Radisson Hotel Colombo,111,111,46,0.414414,41.44,1,0.0,0.969,0.969,0.4703,0.562,0.8,27402,4.2,4,5.0
t4,Family on holiday,facility,spatial,distance,lp65589ffb,MaRadha Colombo,111,111,41,0.369369,36.94,2,-0.6931,0.938,0.938,0.325,0.406,0.675,35408,4.8,3,3.6
t4,Family on holiday,facility,spatial,distance,lp6f007,Clock Inn Colombo,111,111,0,0.0,0.0,32,-1.3863,0.906,0.812,0.0563,0.938,0.625,13715,3.8,2,3.4
t4,Family on holiday,facility,spatial,price_asc,lp102b02,Marino Beach Colombo,11,11,0,0.0,0.0,32,-2.8332,0.812,0.906,0.9047,0.469,0.625,30177,4.6,5,3.2
t4,Family on holiday,facility,spatial,price_asc,lp6557c6e0,Granbell Hotel Colombo,11,11,0,0.0,0.0,31,-2.7726,0.594,0.625,0.5422,0.5,0.35,28807,4.6,4,2.3
t4,Family on holiday,facility,spatial,price_asc,lp741c5,Cinnamon Red Colombo,11,11,0,0.0,0.0,4,-2.9957,0.562,0.562,0.6266,0.375,0.35,36530,4.5,4,1.9
t4,Family on holiday,facility,spatial,price_asc,lp9855f,Fairway Colombo - Sri Lanka's First Hotel With Robot Technology,11,11,0,0.0,0.0,30,-2.7081,0.031,0.062,0.525,0.531,0.5,28429,4.2,4,2.1
t4,Family on holiday,facility,spatial,price_asc,lp655a9e91,Zest Metropole,11,11,0,0.0,0.0,29,-2.3979,0.062,0.094,0.5375,0.656,0.5,21223,4.3,4,2.0
t4,Family on holiday,facility,spatial,price_asc,lp656d3aa9,Sofia Colombo City Hotel,11,11,0,0.0,0.0,28,-2.5649,0.688,0.75,0.5922,0.594,0.35,23620,4.3,4,2.4
t4,Family on holiday,facility,spatial,price_asc,lp803e1,Galle Face Hotel,11,11,0,0.0,0.0,27,-3.1355,0.281,0.344,0.8141,0.281,0.4,38531,4.5,5,1.8
t4,Family on holiday,facility,spatial,price_asc,lpb1537,Shangri-La Colombo,11,11,0,0.0,0.0,26,-3.434,0.219,0.219,0.9281,0.031,0.4,68781,4.7,5,1.9
t4,Family on holiday,facility,spatial,price_asc,lp3e58e,The Kingsbury Colombo,11,11,0,0.0,0.0,25,-3.091,0.156,0.156,0.8766,0.312,0.55,37025,4.2,5,2.2
t4,Family on holiday,facility,spatial,price_asc,lp30277,Hilton Colombo Residence,11,11,0,0.0,0.0,24,-3.2581,0.312,0.25,0.9062,0.188,0.55,43133,4.4,5,0.9
t4,Family on holiday,facility,spatial,price_asc,lp67708,Supun Arcade Residency,11,11,0,0.0,0.0,23,-2.1972,0.75,0.875,0.4906,0.719,0.725,20768,3.8,4,5.7
t4,Family on holiday,facility,spatial,price_asc,lp7c172,Mirage Colombo,11,11,0,0.0,0.0,22,-2.0794,0.719,0.688,0.6328,0.75,0.8,20482,3.8,4,6.3
t4,Family on holiday,facility,spatial,price_asc,lp33ddb,"Taj Samudra, Colombo",11,11,0,0.0,0.0,21,-3.2958,0.25,0.281,0.9016,0.156,0.55,43993,4.5,5,1.7
t4,Family on holiday,facility,spatial,price_asc,lpa0a8a,NH Collection Colombo,11,11,0,0.0,0.0,20,-3.0445,0.5,0.594,0.9594,0.344,0.325,36981,4.6,5,2.0
t4,Family on holiday,facility,spatial,price_asc,lp1bc0d,Hilton Colombo Hotel,11,11,0,0.0,0.0,19,-3.3322,0.188,0.031,0.8547,0.125,0.475,47767,4.2,5,1.9
t4,Family on holiday,facility,spatial,price_asc,lp71118,CityRest Fort,11,11,4,0.363636,36.36,2,0.0,0.125,0.125,0.1922,0.969,0.45,11502,3.5,3,2.0
t4,Family on holiday,facility,spatial,price_asc,lp43673,Pegasus Reef - A Beach Resort in Colombo,11,11,0,0.0,0.0,17,-1.9459,0.0,0.0,0.5859,0.781,0.95,20121,4.0,4,8.1
t4,Family on holiday,facility,spatial,price_asc,lpc0df6,Fern Colombo,11,11,0,0.0,0.0,16,-1.6094,0.375,0.375,0.1422,0.844,0.75,16245,4.0,3,1.8
t4,Family on holiday,facility,spatial,price_asc,lp6574b103,"Amari Colombo, Sri Lanka",11,11,0,0.0,0.0,15,-3.2189,0.531,0.531,0.8687,0.219,0.4,42203,4.5,5,2.2
t4,Family on holiday,facility,spatial,price_asc,lp81760,The Steuart by Citrus,11,11,0,0.0,0.0,14,-2.4849,0.094,0.188,0.4266,0.625,0.5,22604,4.2,4,2.2
t4,Family on holiday,facility,spatial,price_asc,lp67286,Colombo Court Hotel & Spa,11,11,0,0.0,0.0,13,-3.3673,0.875,0.781,0.5938,0.094,0.725,52144,4.5,4,3.3
t4,Family on holiday,facility,spatial,price_asc,lpc08f9,Morven Hotel Colombo,11,11,0,0.0,0.0,12,-2.3026,0.469,0.469,0.6703,0.688,0.2,21054,4.5,4,2.1
t4,Family on holiday,facility,spatial,price_asc,lp857b8,Zylan Colombo,11,11,0,0.0,0.0,11,-2.8904,0.344,0.312,0.6047,0.438,0.8,34557,4.5,4,2.0
t4,Family on holiday,facility,spatial,price_asc,lp72a36,Best Western Elyon Colombo,11,11,0,0.0,0.0,10,-1.7918,0.656,0.5,0.5687,0.812,0.875,19568,4.2,4,5.1
t4,Family on holiday,facility,spatial,price_asc,lp800a1,Nyne Hotels Lake Lodge - Colombo,11,11,0,0.0,0.0,9,-3.1781,0.438,0.438,0.5094,0.25,0.2,39335,4.6,4,1.5
t4,Family on holiday,facility,spatial,price_asc,lp656d40c7,Sheraton Colombo Hotel,11,11,0,0.0,0.0,8,-3.4012,0.625,0.656,0.7312,0.062,0.4,56627,4.7,5,2.2
t4,Family on holiday,facility,spatial,price_asc,lp40d3f,Global Towers Hotel & Apartments,11,11,0,0.0,0.0,7,-1.3863,0.844,0.844,0.5375,0.875,0.725,16041,3.5,4,5.6
t4,Family on holiday,facility,spatial,price_asc,lp5f0e5,Paradise Road Tintagel Colombo,11,11,0,0.0,0.0,6,-3.4657,0.406,0.406,0.8687,0.0,0.85,96633,4.5,5,1.7
t4,Family on holiday,facility,spatial,price_asc,lp6e625,Hotel Janaki,11,11,2,0.181818,18.18,3,-1.0986,0.781,0.719,0.2188,0.906,0.825,15319,4.0,3,4.2
t4,Family on holiday,facility,spatial,price_asc,lp76eba,Radisson Hotel Colombo,11,11,0,0.0,0.0,5,-2.6391,0.969,0.969,0.4703,0.562,0.8,27402,4.2,4,5.0
t4,Family on holiday,facility,spatial,price_asc,lp65589ffb,MaRadha Colombo,11,11,0,0.0,0.0,18,-2.9444,0.938,0.938,0.325,0.406,0.675,35408,4.8,3,3.6
t4,Family on holiday,facility,spatial,price_asc,lp6f007,Clock Inn Colombo,11,11,5,0.454545,45.45,1,-0.6931,0.906,0.812,0.0563,0.938,0.625,13715,3.8,2,3.4
t4,Family on holiday,facility,spatial,price_desc,lp102b02,Marino Beach Colombo,5,5,0,0.0,0.0,3,-2.7726,0.812,0.906,0.9047,0.469,0.625,30177,4.6,5,3.2
t4,Family on holiday,facility,spatial,price_desc,lp6557c6e0,Granbell Hotel Colombo,5,5,0,0.0,0.0,30,-2.8332,0.594,0.625,0.5422,0.5,0.35,28807,4.6,4,2.3
t4,Family on holiday,facility,spatial,price_desc,lp741c5,Cinnamon Red Colombo,5,5,0,0.0,0.0,29,-2.5649,0.562,0.562,0.6266,0.375,0.35,36530,4.5,4,1.9
t4,Family on holiday,facility,spatial,price_desc,lp9855f,Fairway Colombo - Sri Lanka's First Hotel With Robot Technology,5,5,0,0.0,0.0,28,-2.8904,0.031,0.062,0.525,0.531,0.5,28429,4.2,4,2.1
t4,Family on holiday,facility,spatial,price_desc,lp655a9e91,Zest Metropole,5,5,0,0.0,0.0,27,-3.091,0.062,0.094,0.5375,0.656,0.5,21223,4.3,4,2.0
t4,Family on holiday,facility,spatial,price_desc,lp656d3aa9,Sofia Colombo City Hotel,5,5,0,0.0,0.0,26,-2.9957,0.688,0.75,0.5922,0.594,0.35,23620,4.3,4,2.4
t4,Family on holiday,facility,spatial,price_desc,lp803e1,Galle Face Hotel,5,5,0,0.0,0.0,25,-2.3026,0.281,0.344,0.8141,0.281,0.4,38531,4.5,5,1.8
t4,Family on holiday,facility,spatial,price_desc,lpb1537,Shangri-La Colombo,5,5,2,0.4,40.0,2,-0.6931,0.219,0.219,0.9281,0.031,0.4,68781,4.7,5,1.9
t4,Family on holiday,facility,spatial,price_desc,lp3e58e,The Kingsbury Colombo,5,5,0,0.0,0.0,24,-2.3979,0.156,0.156,0.8766,0.312,0.55,37025,4.2,5,2.2
t4,Family on holiday,facility,spatial,price_desc,lp30277,Hilton Colombo Residence,5,5,0,0.0,0.0,23,-1.9459,0.312,0.25,0.9062,0.188,0.55,43133,4.4,5,0.9
t4,Family on holiday,facility,spatial,price_desc,lp67708,Supun Arcade Residency,5,5,0,0.0,0.0,22,-3.1781,0.75,0.875,0.4906,0.719,0.725,20768,3.8,4,5.7
t4,Family on holiday,facility,spatial,price_desc,lp7c172,Mirage Colombo,5,5,0,0.0,0.0,21,-3.2189,0.719,0.688,0.6328,0.75,0.8,20482,3.8,4,6.3
t4,Family on holiday,facility,spatial,price_desc,lp33ddb,"Taj Samudra, Colombo",5,5,0,0.0,0.0,20,-1.7918,0.25,0.281,0.9016,0.156,0.55,43993,4.5,5,1.7
t4,Family on holiday,facility,spatial,price_desc,lpa0a8a,NH Collection Colombo,5,5,0,0.0,0.0,19,-2.4849,0.5,0.594,0.9594,0.344,0.325,36981,4.6,5,2.0
t4,Family on holiday,facility,spatial,price_desc,lp1bc0d,Hilton Colombo Hotel,5,5,0,0.0,0.0,18,-1.6094,0.188,0.031,0.8547,0.125,0.475,47767,4.2,5,1.9
t4,Family on holiday,facility,spatial,price_desc,lp71118,CityRest Fort,5,5,0,0.0,0.0,17,-3.4657,0.125,0.125,0.1922,0.969,0.45,11502,3.5,3,2.0
t4,Family on holiday,facility,spatial,price_desc,lp43673,Pegasus Reef - A Beach Resort in Colombo,5,5,0,0.0,0.0,16,-3.2581,0.0,0.0,0.5859,0.781,0.95,20121,4.0,4,8.1
t4,Family on holiday,facility,spatial,price_desc,lpc0df6,Fern Colombo,5,5,0,0.0,0.0,15,-3.3322,0.375,0.375,0.1422,0.844,0.75,16245,4.0,3,1.8
t4,Family on holiday,facility,spatial,price_desc,lp6574b103,"Amari Colombo, Sri Lanka",5,5,0,0.0,0.0,14,-2.0794,0.531,0.531,0.8687,0.219,0.4,42203,4.5,5,2.2
t4,Family on holiday,facility,spatial,price_desc,lp81760,The Steuart by Citrus,5,5,0,0.0,0.0,13,-3.0445,0.094,0.188,0.4266,0.625,0.5,22604,4.2,4,2.2
t4,Family on holiday,facility,spatial,price_desc,lp67286,Colombo Court Hotel & Spa,5,5,0,0.0,0.0,12,-1.3863,0.875,0.781,0.5938,0.094,0.725,52144,4.5,4,3.3
t4,Family on holiday,facility,spatial,price_desc,lpc08f9,Morven Hotel Colombo,5,5,0,0.0,0.0,11,-3.1355,0.469,0.469,0.6703,0.688,0.2,21054,4.5,4,2.1
t4,Family on holiday,facility,spatial,price_desc,lp857b8,Zylan Colombo,5,5,0,0.0,0.0,10,-2.7081,0.344,0.312,0.6047,0.438,0.8,34557,4.5,4,2.0
t4,Family on holiday,facility,spatial,price_desc,lp72a36,Best Western Elyon Colombo,5,5,0,0.0,0.0,9,-3.2958,0.656,0.5,0.5687,0.812,0.875,19568,4.2,4,5.1
t4,Family on holiday,facility,spatial,price_desc,lp800a1,Nyne Hotels Lake Lodge - Colombo,5,5,0,0.0,0.0,8,-2.1972,0.438,0.438,0.5094,0.25,0.2,39335,4.6,4,1.5
t4,Family on holiday,facility,spatial,price_desc,lp656d40c7,Sheraton Colombo Hotel,5,5,0,0.0,0.0,7,-1.0986,0.625,0.656,0.7312,0.062,0.4,56627,4.7,5,2.2
t4,Family on holiday,facility,spatial,price_desc,lp40d3f,Global Towers Hotel & Apartments,5,5,0,0.0,0.0,6,-3.3673,0.844,0.844,0.5375,0.875,0.725,16041,3.5,4,5.6
t4,Family on holiday,facility,spatial,price_desc,lp5f0e5,Paradise Road Tintagel Colombo,5,5,3,0.6,60.0,1,0.0,0.406,0.406,0.8687,0.0,0.85,96633,4.5,5,1.7
t4,Family on holiday,facility,spatial,price_desc,lp6e625,Hotel Janaki,5,5,0,0.0,0.0,5,-3.4012,0.781,0.719,0.2188,0.906,0.825,15319,4.0,3,4.2
t4,Family on holiday,facility,spatial,price_desc,lp76eba,Radisson Hotel Colombo,5,5,0,0.0,0.0,4,-2.9444,0.969,0.969,0.4703,0.562,0.8,27402,4.2,4,5.0
t4,Family on holiday,facility,spatial,price_desc,lp65589ffb,MaRadha Colombo,5,5,0,0.0,0.0,31,-2.6391,0.938,0.938,0.325,0.406,0.675,35408,4.8,3,3.6
t4,Family on holiday,facility,spatial,price_desc,lp6f007,Clock Inn Colombo,5,5,0,0.0,0.0,32,-3.434,0.906,0.812,0.0563,0.938,0.625,13715,3.8,2,3.4
t4,Family on holiday,facility,spatial,rating,lp102b02,Marino Beach Colombo,29,28,0,0.0,0.0,5,-1.3863,0.812,0.906,0.9047,0.469,0.625,30177,4.6,5,3.2
t4,Family on holiday,facility,spatial,rating,lp6557c6e0,Granbell Hotel Colombo,29,29,1,0.034483,3.45,4,-1.5539,0.594,0.625,0.5422,0.5,0.35,28807,4.6,4,2.3
t4,Family on holiday,facility,spatial,rating,lp741c5,Cinnamon Red Colombo,29,28,0,0.0,0.0,30,-2.1972,0.562,0.562,0.6266,0.375,0.35,36530,4.5,4,1.9
t4,Family on holiday,facility,spatial,rating,lp9855f,Fairway Colombo - Sri Lanka's First Hotel With Robot Technology,29,29,0,0.0,0.0,29,-3.0945,0.031,0.062,0.525,0.531,0.5,28429,4.2,4,2.1
t4,Family on holiday,facility,spatial,rating,lp655a9e91,Zest Metropole,29,29,0,0.0,0.0,28,-2.8385,0.062,0.094,0.5375,0.656,0.5,21223,4.3,4,2.0
t4,Family on holiday,facility,spatial,rating,lp656d3aa9,Sofia Colombo City Hotel,29,29,0,0.0,0.0,27,-2.7734,0.688,0.75,0.5922,0.594,0.35,23620,4.3,4,2.4
t4,Family on holiday,facility,spatial,rating,lp803e1,Galle Face Hotel,29,28,0,0.0,0.0,26,-2.6391,0.281,0.344,0.8141,0.281,0.4,38531,4.5,5,1.8
t4,Family on holiday,facility,spatial,rating,lpb1537,Shangri-La Colombo,29,28,4,0.142857,14.29,3,-1.0986,0.219,0.219,0.9281,0.031,0.4,68781,4.7,5,1.9
t4,Family on holiday,facility,spatial,rating,lp3e58e,The Kingsbury Colombo,29,28,0,0.0,0.0,25,-3.091,0.156,0.156,0.8766,0.312,0.55,37025,4.2,5,2.2
t4,Family on holiday,facility,spatial,rating,lp30277,Hilton Colombo Residence,29,28,0,0.0,0.0,24,-2.7726,0.312,0.25,0.9062,0.188,0.55,43133,4.4,5,0.9
t4,Family on holiday,facility,spatial,rating,lp67708,Supun Arcade Residency,29,29,0,0.0,0.0,23,-3.3396,0.75,0.875,0.4906,0.719,0.725,20768,3.8,4,5.7
t4,Family on holiday,facility,spatial,rating,lp7c172,Mirage Colombo,29,29,0,0.0,0.0,22,-3.3749,0.719,0.688,0.6328,0.75,0.8,20482,3.8,4,6.3
t4,Family on holiday,facility,spatial,rating,lp33ddb,"Taj Samudra, Colombo",29,28,0,0.0,0.0,21,-2.7081,0.25,0.281,0.9016,0.156,0.55,43993,4.5,5,1.7
t4,Family on holiday,facility,spatial,rating,lpa0a8a,NH Collection Colombo,29,28,0,0.0,0.0,20,-1.7918,0.5,0.594,0.9594,0.344,0.325,36981,4.6,5,2.0
t4,Family on holiday,facility,spatial,rating,lp1bc0d,Hilton Colombo Hotel,29,28,0,0.0,0.0,19,-3.0445,0.188,0.031,0.8547,0.125,0.475,47767,4.2,5,1.9
t4,Family on holiday,facility,spatial,rating,lp71118,CityRest Fort,29,29,0,0.0,0.0,18,-3.4418,0.125,0.125,0.1922,0.969,0.45,11502,3.5,3,2.0
t4,Family on holiday,facility,spatial,rating,lp43673,Pegasus Reef - A Beach Resort in Colombo,29,29,0,0.0,0.0,31,-3.2649,0.0,0.0,0.5859,0.781,0.95,20121,4.0,4,8.1
t4,Family on holiday,facility,spatial,rating,lpc0df6,Fern Colombo,29,29,0,0.0,0.0,17,-3.2251,0.375,0.375,0.1422,0.844,0.75,16245,4.0,3,1.8
t4,Family on holiday,facility,spatial,rating,lp6574b103,"Amari Colombo, Sri Lanka",29,28,0,0.0,0.0,6,-2.3026,0.531,0.531,0.8687,0.219,0.4,42203,4.5,5,2.2
t4,Family on holiday,facility,spatial,rating,lp81760,The Steuart by Citrus,29,29,0,0.0,0.0,7,-3.1402,0.094,0.188,0.4266,0.625,0.5,22604,4.2,4,2.2
t4,Family on holiday,facility,spatial,rating,lp67286,Colombo Court Hotel & Spa,29,28,0,0.0,0.0,8,-2.0794,0.875,0.781,0.5938,0.094,0.725,52144,4.5,4,3.3
t4,Family on holiday,facility,spatial,rating,lpc08f9,Morven Hotel Colombo,29,29,0,0.0,0.0,9,-2.3391,0.469,0.469,0.6703,0.688,0.2,21054,4.5,4,2.1
t4,Family on holiday,facility,spatial,rating,lp857b8,Zylan Colombo,29,28,0,0.0,0.0,10,-2.5649,0.344,0.312,0.6047,0.438,0.8,34557,4.5,4,2.0
t4,Family on holiday,facility,spatial,rating,lp72a36,Best Western Elyon Colombo,29,29,0,0.0,0.0,16,-2.9542,0.656,0.5,0.5687,0.812,0.875,19568,4.2,4,5.1
t4,Family on holiday,facility,spatial,rating,lp800a1,Nyne Hotels Lake Lodge - Colombo,29,28,0,0.0,0.0,11,-1.9459,0.438,0.438,0.5094,0.25,0.2,39335,4.6,4,1.5
t4,Family on holiday,facility,spatial,rating,lp656d40c7,Sheraton Colombo Hotel,29,28,14,0.5,50.0,1,-0.6931,0.625,0.656,0.7312,0.062,0.4,56627,4.7,5,2.2
t4,Family on holiday,facility,spatial,rating,lp40d3f,Global Towers Hotel & Apartments,29,29,0,0.0,0.0,12,-3.409,0.844,0.844,0.5375,0.875,0.725,16041,3.5,4,5.6
t4,Family on holiday,facility,spatial,rating,lp5f0e5,Paradise Road Tintagel Colombo,29,28,0,0.0,0.0,13,-2.4849,0.406,0.406,0.8687,0.0,0.85,96633,4.5,5,1.7
t4,Family on holiday,facility,spatial,rating,lp6e625,Hotel Janaki,29,29,0,0.0,0.0,14,-3.1836,0.781,0.719,0.2188,0.906,0.825,15319,4.0,3,4.2
t4,Family on holiday,facility,spatial,rating,lp76eba,Radisson Hotel Colombo,29,29,0,0.0,0.0,15,-2.8984,0.969,0.969,0.4703,0.562,0.8,27402,4.2,4,5.0
t4,Family on holiday,facility,spatial,rating,lp65589ffb,MaRadha Colombo,29,28,10,0.357143,35.71,2,0.0,0.938,0.938,0.325,0.406,0.675,35408,4.8,3,3.6
t4,Family on holiday,facility,spatial,rating,lp6f007,Clock Inn Colombo,29,29,0,0.0,0.0,32,-3.303,0.906,0.812,0.0563,0.938,0.625,13715,3.8,2,3.4
t4,Family on holiday,facility,spatial,travel,lp102b02,Marino Beach Colombo,69,69,0,0.0,0.0,17,-1.3863,0.812,0.906,0.9047,0.469,0.625,30177,4.6,5,3.2
t4,Family on holiday,facility,spatial,travel,lp6557c6e0,Granbell Hotel Colombo,69,69,0,0.0,0.0,30,-2.3979,0.594,0.625,0.5422,0.5,0.35,28807,4.6,4,2.3
t4,Family on holiday,facility,spatial,travel,lp741c5,Cinnamon Red Colombo,69,69,0,0.0,0.0,29,-2.5649,0.562,0.562,0.6266,0.375,0.35,36530,4.5,4,1.9
t4,Family on holiday,facility,spatial,travel,lp9855f,Fairway Colombo - Sri Lanka's First Hotel With Robot Technology,69,69,0,0.0,0.0,28,-3.3673,0.031,0.062,0.525,0.531,0.5,28429,4.2,4,2.1
t4,Family on holiday,facility,spatial,travel,lp655a9e91,Zest Metropole,69,69,0,0.0,0.0,27,-3.4012,0.062,0.094,0.5375,0.656,0.5,21223,4.3,4,2.0
t4,Family on holiday,facility,spatial,travel,lp656d3aa9,Sofia Colombo City Hotel,69,69,0,0.0,0.0,26,-2.1972,0.688,0.75,0.5922,0.594,0.35,23620,4.3,4,2.4
t4,Family on holiday,facility,spatial,travel,lp803e1,Galle Face Hotel,69,69,0,0.0,0.0,25,-3.091,0.281,0.344,0.8141,0.281,0.4,38531,4.5,5,1.8
t4,Family on holiday,facility,spatial,travel,lpb1537,Shangri-La Colombo,69,69,0,0.0,0.0,24,-3.2189,0.219,0.219,0.9281,0.031,0.4,68781,4.7,5,1.9
t4,Family on holiday,facility,spatial,travel,lp3e58e,The Kingsbury Colombo,69,69,0,0.0,0.0,23,-3.2581,0.156,0.156,0.8766,0.312,0.55,37025,4.2,5,2.2
t4,Family on holiday,facility,spatial,travel,lp30277,Hilton Colombo Residence,69,69,0,0.0,0.0,22,-3.1781,0.312,0.25,0.9062,0.188,0.55,43133,4.4,5,0.9
t4,Family on holiday,facility,spatial,travel,lp67708,Supun Arcade Residency,69,69,0,0.0,0.0,21,-1.7918,0.75,0.875,0.4906,0.719,0.725,20768,3.8,4,5.7
t4,Family on holiday,facility,spatial,travel,lp7c172,Mirage Colombo,69,69,0,0.0,0.0,20,-2.3026,0.719,0.688,0.6328,0.75,0.8,20482,3.8,4,6.3
t4,Family on holiday,facility,spatial,travel,lp33ddb,"Taj Samudra, Colombo",69,69,0,0.0,0.0,19,-3.1355,0.25,0.281,0.9016,0.156,0.55,43993,4.5,5,1.7
t4,Family on holiday,facility,spatial,travel,lpa0a8a,NH Collection Colombo,69,69,0,0.0,0.0,18,-2.6391,0.5,0.594,0.9594,0.344,0.325,36981,4.6,5,2.0
t4,Family on holiday,facility,spatial,travel,lp1bc0d,Hilton Colombo Hotel,69,69,0,0.0,0.0,31,-3.434,0.188,0.031,0.8547,0.125,0.475,47767,4.2,5,1.9
t4,Family on holiday,facility,spatial,travel,lp71118,CityRest Fort,69,69,0,0.0,0.0,32,-3.3322,0.125,0.125,0.1922,0.969,0.45,11502,3.5,3,2.0
t4,Family on holiday,facility,spatial,travel,lp43673,Pegasus Reef - A Beach Resort in Colombo,69,69,0,0.0,0.0,16,-3.4657,0.0,0.0,0.5859,0.781,0.95,20121,4.0,4,8.1
t4,Family on holiday,facility,spatial,travel,lpc0df6,Fern Colombo,69,69,0,0.0,0.0,15,-2.9444,0.375,0.375,0.1422,0.844,0.75,16245,4.0,3,1.8
t4,Family on holiday,facility,spatial,travel,lp6574b103,"Amari Colombo, Sri Lanka",69,69,0,0.0,0.0,14,-2.7081,0.531,0.531,0.8687,0.219,0.4,42203,4.5,5,2.2
t4,Family on holiday,facility,spatial,travel,lp81760,The Steuart by Citrus,69,69,0,0.0,0.0,13,-3.2958,0.094,0.188,0.4266,0.625,0.5,22604,4.2,4,2.2
t4,Family on holiday,facility,spatial,travel,lp67286,Colombo Court Hotel & Spa,69,69,0,0.0,0.0,12,-1.9459,0.875,0.781,0.5938,0.094,0.725,52144,4.5,4,3.3
t4,Family on holiday,facility,spatial,travel,lpc08f9,Morven Hotel Colombo,69,69,0,0.0,0.0,11,-2.8332,0.469,0.469,0.6703,0.688,0.2,21054,4.5,4,2.1
t4,Family on holiday,facility,spatial,travel,lp857b8,Zylan Colombo,69,69,0,0.0,0.0,10,-3.0445,0.344,0.312,0.6047,0.438,0.8,34557,4.5,4,2.0
t4,Family on holiday,facility,spatial,travel,lp72a36,Best Western Elyon Colombo,69,69,0,0.0,0.0,9,-2.7726,0.656,0.5,0.5687,0.812,0.875,19568,4.2,4,5.1
t4,Family on holiday,facility,spatial,travel,lp800a1,Nyne Hotels Lake Lodge - Colombo,69,69,0,0.0,0.0,8,-2.8904,0.438,0.438,0.5094,0.25,0.2,39335,4.6,4,1.5
t4,Family on holiday,facility,spatial,travel,lp656d40c7,Sheraton Colombo Hotel,69,69,0,0.0,0.0,7,-2.4849,0.625,0.656,0.7312,0.062,0.4,56627,4.7,5,2.2
t4,Family on holiday,facility,spatial,travel,lp40d3f,Global Towers Hotel & Apartments,69,69,0,0.0,0.0,6,-1.6094,0.844,0.844,0.5375,0.875,0.725,16041,3.5,4,5.6
t4,Family on holiday,facility,spatial,travel,lp5f0e5,Paradise Road Tintagel Colombo,69,69,0,0.0,0.0,5,-2.9957,0.406,0.406,0.8687,0.0,0.85,96633,4.5,5,1.7
t4,Family on holiday,facility,spatial,travel,lp6e625,Hotel Janaki,69,69,0,0.0,0.0,4,-2.0794,0.781,0.719,0.2188,0.906,0.825,15319,4.0,3,4.2
t4,Family on holiday,facility,spatial,travel,lp76eba,Radisson Hotel Colombo,69,69,32,0.463768,46.38,1,0.0,0.969,0.969,0.4703,0.562,0.8,27402,4.2,4,5.0
t4,Family on holiday,facility,spatial,travel,lp65589ffb,MaRadha Colombo,69,69,26,0.376812,37.68,2,-0.6931,0.938,0.938,0.325,0.406,0.675,35408,4.8,3,3.6
t4,Family on holiday,facility,spatial,travel,lp6f007,Clock Inn Colombo,69,69,11,0.15942,15.94,3,-1.0986,0.906,0.812,0.0563,0.938,0.625,13715,3.8,2,3.4
t5,Light sleeper,disruption,economic,distance,lp102b02,Marino Beach Colombo,101,101,0,0.0,0.0,4,-2.5649,0.594,0.594,0.9047,0.469,0.625,30177,4.6,5,3.2
t5,Light sleeper,disruption,economic,distance,lp6557c6e0,Granbell Hotel Colombo,101,101,0,0.0,0.0,30,-2.9444,0.406,0.406,0.5422,0.5,0.35,28807,4.6,4,2.3
t5,Light sleeper,disruption,economic,distance,lp741c5,Cinnamon Red Colombo,101,101,0,0.0,0.0,29,-2.7081,0.531,0.5,0.6266,0.375,0.35,36530,4.5,4,1.9
t5,Light sleeper,disruption,economic,distance,lp9855f,Fairway Colombo - Sri Lanka's First Hotel With Robot Technology,101,101,0,0.0,0.0,28,-3.2958,0.094,0.062,0.525,0.531,0.5,28429,4.2,4,2.1
t5,Light sleeper,disruption,economic,distance,lp655a9e91,Zest Metropole,101,101,0,0.0,0.0,27,-3.3322,0.125,0.125,0.5375,0.656,0.5,21223,4.3,4,2.0
t5,Light sleeper,disruption,economic,distance,lp656d3aa9,Sofia Colombo City Hotel,101,101,0,0.0,0.0,26,-2.6391,0.562,0.531,0.5922,0.594,0.35,23620,4.3,4,2.4
t5,Light sleeper,disruption,economic,distance,lp803e1,Galle Face Hotel,101,101,0,0.0,0.0,25,-3.1355,0.281,0.281,0.8141,0.281,0.4,38531,4.5,5,1.8
t5,Light sleeper,disruption,economic,distance,lpb1537,Shangri-La Colombo,101,101,0,0.0,0.0,24,-3.2189,0.219,0.219,0.9281,0.031,0.4,68781,4.7,5,1.9
t5,Light sleeper,disruption,economic,distance,lp3e58e,The Kingsbury Colombo,101,101,0,0.0,0.0,23,-3.4012,0.062,0.156,0.8766,0.312,0.55,37025,4.2,5,2.2
t5,Light sleeper,disruption,economic,distance,lp30277,Hilton Colombo Residence,101,101,0,0.0,0.0,22,-3.091,0.312,0.312,0.9062,0.188,0.55,43133,4.4,5,0.9
t5,Light sleeper,disruption,economic,distance,lp67708,Supun Arcade Residency,101,101,26,0.257426,25.74,3,-1.0986,0.906,0.875,0.4906,0.719,0.725,20768,3.8,4,5.7
t5,Light sleeper,disruption,economic,distance,lp7c172,Mirage Colombo,101,101,0,0.0,0.0,21,-1.3863,0.875,0.906,0.6328,0.75,0.8,20482,3.8,4,6.3
t5,Light sleeper,disruption,economic,distance,lp33ddb,"Taj Samudra, Colombo",101,101,0,0.0,0.0,20,-3.1781,0.25,0.25,0.9016,0.156,0.55,43993,4.5,5,1.7
t5,Light sleeper,disruption,economic,distance,lpa0a8a,NH Collection Colombo,101,101,0,0.0,0.0,19,-2.8332,0.438,0.562,0.9594,0.344,0.325,36981,4.6,5,2.0
t5,Light sleeper,disruption,economic,distance,lp1bc0d,Hilton Colombo Hotel,101,101,0,0.0,0.0,18,-3.2581,0.188,0.031,0.8547,0.125,0.475,47767,4.2,5,1.9
t5,Light sleeper,disruption,economic,distance,lp71118,CityRest Fort,101,101,0,0.0,0.0,17,-3.3673,0.156,0.094,0.1922,0.969,0.45,11502,3.5,3,2.0
t5,Light sleeper,disruption,economic,distance,lp43673,Pegasus Reef - A Beach Resort in Colombo,101,101,0,0.0,0.0,16,-3.4657,0.0,0.0,0.5859,0.781,0.95,20121,4.0,4,8.1
t5,Light sleeper,disruption,economic,distance,lpc0df6,Fern Colombo,101,101,0,0.0,0.0,15,-2.3979,0.656,0.719,0.1422,0.844,0.75,16245,4.0,3,1.8
t5,Light sleeper,disruption,economic,distance,lp6574b103,"Amari Colombo, Sri Lanka",101,101,0,0.0,0.0,14,-2.9957,0.375,0.469,0.8687,0.219,0.4,42203,4.5,5,2.2
t5,Light sleeper,disruption,economic,distance,lp81760,The Steuart by Citrus,101,101,0,0.0,0.0,13,-3.434,0.031,0.188,0.4266,0.625,0.5,22604,4.2,4,2.2
t5,Light sleeper,disruption,economic,distance,lp67286,Colombo Court Hotel & Spa,101,101,0,0.0,0.0,12,-1.9459,0.781,0.781,0.5938,0.094,0.725,52144,4.5,4,3.3
t5,Light sleeper,disruption,economic,distance,lpc08f9,Morven Hotel Colombo,101,101,0,0.0,0.0,11,-3.0445,0.344,0.375,0.6703,0.688,0.2,21054,4.5,4,2.1
t5,Light sleeper,disruption,economic,distance,lp857b8,Zylan Colombo,101,101,0,0.0,0.0,10,-2.0794,0.75,0.75,0.6047,0.438,0.8,34557,4.5,4,2.0
t5,Light sleeper,disruption,economic,distance,lp72a36,Best Western Elyon Colombo,101,101,39,0.386139,38.61,1,0.0,0.969,0.969,0.5687,0.812,0.875,19568,4.2,4,5.1
t5,Light sleeper,disruption,economic,distance,lp800a1,Nyne Hotels Lake Lodge - Colombo,101,101,0,0.0,0.0,9,-2.8904,0.469,0.344,0.5094,0.25,0.2,39335,4.6,4,1.5
t5,Light sleeper,disruption,economic,distance,lp656d40c7,Sheraton Colombo Hotel,101,101,0,0.0,0.0,8,-2.7726,0.5,0.438,0.7312,0.062,0.4,56627,4.7,5,2.2
t5,Light sleeper,disruption,economic,distance,lp40d3f,Global Towers Hotel & Apartments,101,101,0,0.0,0.0,7,-1.6094,0.844,0.844,0.5375,0.875,0.725,16041,3.5,4,5.6
t5,Light sleeper,disruption,economic,distance,lp5f0e5,Paradise Road Tintagel Colombo,101,101,0,0.0,0.0,6,-2.4849,0.625,0.656,0.8687,0.0,0.85,96633,4.5,5,1.7
t5,Light sleeper,disruption,economic,distance,lp6e625,Hotel Janaki,101,101,36,0.356436,35.64,2,-0.6931,0.938,0.938,0.2188,0.906,0.825,15319,4.0,3,4.2
t5,Light sleeper,disruption,economic,distance,lp76eba,Radisson Hotel Colombo,101,101,0,0.0,0.0,5,-1.7918,0.812,0.812,0.4703,0.562,0.8,27402,4.2,4,5.0
t5,Light sleeper,disruption,economic,distance,lp65589ffb,MaRadha Colombo,101,101,0,0.0,0.0,31,-2.1972,0.688,0.625,0.325,0.406,0.675,35408,4.8,3,3.6
t5,Light sleeper,disruption,economic,distance,lp6f007,Clock Inn Colombo,101,101,0,0.0,0.0,32,-2.3026,0.719,0.688,0.0563,0.938,0.625,13715,3.8,2,3.4
t5,Light sleeper,disruption,economic,price_asc,lp102b02,Marino Beach Colombo,11,11,0,0.0,0.0,32,-2.8332,0.594,0.594,0.9047,0.469,0.625,30177,4.6,5,3.2
t5,Light sleeper,disruption,economic,price_asc,lp6557c6e0,Granbell Hotel Colombo,11,11,0,0.0,0.0,6,-2.7726,0.406,0.406,0.5422,0.5,0.35,28807,4.6,4,2.3
t5,Light sleeper,disruption,economic,price_asc,lp741c5,Cinnamon Red Colombo,11,11,0,0.0,0.0,17,-2.9957,0.531,0.5,0.6266,0.375,0.35,36530,4.5,4,1.9
t5,Light sleeper,disruption,economic,price_asc,lp9855f,Fairway Colombo - Sri Lanka's First Hotel With Robot Technology,11,11,0,0.0,0.0,4,-2.7081,0.094,0.062,0.525,0.531,0.5,28429,4.2,4,2.1
t5,Light sleeper,disruption,economic,price_asc,lp655a9e91,Zest Metropole,11,11,0,0.0,0.0,30,-2.3979,0.125,0.125,0.5375,0.656,0.5,21223,4.3,4,2.0
t5,Light sleeper,disruption,economic,price_asc,lp656d3aa9,Sofia Colombo City Hotel,11,11,0,0.0,0.0,29,-2.5649,0.562,0.531,0.5922,0.594,0.35,23620,4.3,4,2.4
t5,Light sleeper,disruption,economic,price_asc,lp803e1,Galle Face Hotel,11,11,0,0.0,0.0,28,-3.1355,0.281,0.281,0.8141,0.281,0.4,38531,4.5,5,1.8
t5,Light sleeper,disruption,economic,price_asc,lpb1537,Shangri-La Colombo,11,11,0,0.0,0.0,27,-3.434,0.219,0.219,0.9281,0.031,0.4,68781,4.7,5,1.9
t5,Light sleeper,disruption,economic,price_asc,lp3e58e,The Kingsbury Colombo,11,11,0,0.0,0.0,26,-3.091,0.062,0.156,0.8766,0.312,0.55,37025,4.2,5,2.2
t5,Light sleeper,disruption,economic,price_asc,lp30277,Hilton Colombo Residence,11,11,0,0.0,0.0,25,-3.2581,0.312,0.312,0.9062,0.188,0.55,43133,4.4,5,0.9
t5,Light sleeper,disruption,economic,price_asc,lp67708,Supun Arcade Residency,11,11,0,0.0,0.0,24,-2.1972,0.906,0.875,0.4906,0.719,0.725,20768,3.8,4,5.7
t5,Light sleeper,disruption,economic,price_asc,lp7c172,Mirage Colombo,11,11,0,0.0,0.0,23,-2.0794,0.875,0.906,0.6328,0.75,0.8,20482,3.8,4,6.3
t5,Light sleeper,disruption,economic,price_asc,lp33ddb,"Taj Samudra, Colombo",11,11,0,0.0,0.0,22,-3.2958,0.25,0.25,0.9016,0.156,0.55,43993,4.5,5,1.7
t5,Light sleeper,disruption,economic,price_asc,lpa0a8a,NH Collection Colombo,11,11,0,0.0,0.0,21,-3.0445,0.438,0.562,0.9594,0.344,0.325,36981,4.6,5,2.0
t5,Light sleeper,disruption,economic,price_asc,lp1bc0d,Hilton Colombo Hotel,11,11,0,0.0,0.0,20,-3.3322,0.188,0.031,0.8547,0.125,0.475,47767,4.2,5,1.9
t5,Light sleeper,disruption,economic,price_asc,lp71118,CityRest Fort,11,11,4,0.363636,36.36,2,0.0,0.156,0.094,0.1922,0.969,0.45,11502,3.5,3,2.0
t5,Light sleeper,disruption,economic,price_asc,lp43673,Pegasus Reef - A Beach Resort in Colombo,11,11,0,0.0,0.0,31,-1.9459,0.0,0.0,0.5859,0.781,0.95,20121,4.0,4,8.1
t5,Light sleeper,disruption,economic,price_asc,lpc0df6,Fern Colombo,11,11,0,0.0,0.0,18,-1.6094,0.656,0.719,0.1422,0.844,0.75,16245,4.0,3,1.8
t5,Light sleeper,disruption,economic,price_asc,lp6574b103,"Amari Colombo, Sri Lanka",11,11,0,0.0,0.0,16,-3.2189,0.375,0.469,0.8687,0.219,0.4,42203,4.5,5,2.2
t5,Light sleeper,disruption,economic,price_asc,lp81760,The Steuart by Citrus,11,11,0,0.0,0.0,15,-2.4849,0.031,0.188,0.4266,0.625,0.5,22604,4.2,4,2.2
t5,Light sleeper,disruption,economic,price_asc,lp67286,Colombo Court Hotel & Spa,11,11,0,0.0,0.0,14,-3.3673,0.781,0.781,0.5938,0.094,0.725,52144,4.5,4,3.3
t5,Light sleeper,disruption,economic,price_asc,lpc08f9,Morven Hotel Colombo,11,11,0,0.0,0.0,13,-2.3026,0.344,0.375,0.6703,0.688,0.2,21054,4.5,4,2.1
t5,Light sleeper,disruption,economic,price_asc,lp857b8,Zylan Colombo,11,11,0,0.0,0.0,12,-2.8904,0.75,0.75,0.6047,0.438,0.8,34557,4.5,4,2.0
t5,Light sleeper,disruption,economic,price_asc,lp72a36,Best Western Elyon Colombo,11,11,0,0.0,0.0,11,-1.7918,0.969,0.969,0.5687,0.812,0.875,19568,4.2,4,5.1
t5,Light sleeper,disruption,economic,price_asc,lp800a1,Nyne Hotels Lake Lodge - Colombo,11,11,0,0.0,0.0,10,-3.1781,0.469,0.344,0.5094,0.25,0.2,39335,4.6,4,1.5
t5,Light sleeper,disruption,economic,price_asc,lp656d40c7,Sheraton Colombo Hotel,11,11,0,0.0,0.0,9,-3.4012,0.5,0.438,0.7312,0.062,0.4,56627,4.7,5,2.2
t5,Light sleeper,disruption,economic,price_asc,lp40d3f,Global Towers Hotel & Apartments,11,11,0,0.0,0.0,8,-1.3863,0.844,0.844,0.5375,0.875,0.725,16041,3.5,4,5.6
t5,Light sleeper,disruption,economic,price_asc,lp5f0e5,Paradise Road Tintagel Colombo,11,11,0,0.0,0.0,7,-3.4657,0.625,0.656,0.8687,0.0,0.85,96633,4.5,5,1.7
t5,Light sleeper,disruption,economic,price_asc,lp6e625,Hotel Janaki,11,11,5,0.454545,45.45,1,-1.0986,0.938,0.938,0.2188,0.906,0.825,15319,4.0,3,4.2
t5,Light sleeper,disruption,economic,price_asc,lp76eba,Radisson Hotel Colombo,11,11,0,0.0,0.0,5,-2.6391,0.812,0.812,0.4703,0.562,0.8,27402,4.2,4,5.0
t5,Light sleeper,disruption,economic,price_asc,lp65589ffb,MaRadha Colombo,11,11,0,0.0,0.0,19,-2.9444,0.688,0.625,0.325,0.406,0.675,35408,4.8,3,3.6
t5,Light sleeper,disruption,economic,price_asc,lp6f007,Clock Inn Colombo,11,11,2,0.181818,18.18,3,-0.6931,0.719,0.688,0.0563,0.938,0.625,13715,3.8,2,3.4
t5,Light sleeper,disruption,economic,price_desc,lp102b02,Marino Beach Colombo,2,2,0,0.0,0.0,2,-2.7726,0.594,0.594,0.9047,0.469,0.625,30177,4.6,5,3.2
t5,Light sleeper,disruption,economic,price_desc,lp6557c6e0,Granbell Hotel Colombo,2,2,0,0.0,0.0,30,-2.8332,0.406,0.406,0.5422,0.5,0.35,28807,4.6,4,2.3
t5,Light sleeper,disruption,economic,price_desc,lp741c5,Cinnamon Red Colombo,2,2,0,0.0,0.0,29,-2.5649,0.531,0.5,0.6266,0.375,0.35,36530,4.5,4,1.9
t5,Light sleeper,disruption,economic,price_desc,lp9855f,Fairway Colombo - Sri Lanka's First Hotel With Robot Technology,2,2,0,0.0,0.0,28,-2.8904,0.094,0.062,0.525,0.531,0.5,28429,4.2,4,2.1
t5,Light sleeper,disruption,economic,price_desc,lp655a9e91,Zest Metropole,2,2,0,0.0,0.0,27,-3.091,0.125,0.125,0.5375,0.656,0.5,21223,4.3,4,2.0
t5,Light sleeper,disruption,economic,price_desc,lp656d3aa9,Sofia Colombo City Hotel,2,2,0,0.0,0.0,26,-2.9957,0.562,0.531,0.5922,0.594,0.35,23620,4.3,4,2.4
t5,Light sleeper,disruption,economic,price_desc,lp803e1,Galle Face Hotel,2,2,0,0.0,0.0,25,-2.3026,0.281,0.281,0.8141,0.281,0.4,38531,4.5,5,1.8
t5,Light sleeper,disruption,economic,price_desc,lpb1537,Shangri-La Colombo,2,2,0,0.0,0.0,24,-0.6931,0.219,0.219,0.9281,0.031,0.4,68781,4.7,5,1.9
t5,Light sleeper,disruption,economic,price_desc,lp3e58e,The Kingsbury Colombo,2,2,0,0.0,0.0,23,-2.3979,0.062,0.156,0.8766,0.312,0.55,37025,4.2,5,2.2
t5,Light sleeper,disruption,economic,price_desc,lp30277,Hilton Colombo Residence,2,2,0,0.0,0.0,22,-1.9459,0.312,0.312,0.9062,0.188,0.55,43133,4.4,5,0.9
t5,Light sleeper,disruption,economic,price_desc,lp67708,Supun Arcade Residency,2,2,0,0.0,0.0,21,-3.1781,0.906,0.875,0.4906,0.719,0.725,20768,3.8,4,5.7
t5,Light sleeper,disruption,economic,price_desc,lp7c172,Mirage Colombo,2,2,0,0.0,0.0,20,-3.2189,0.875,0.906,0.6328,0.75,0.8,20482,3.8,4,6.3
t5,Light sleeper,disruption,economic,price_desc,lp33ddb,"Taj Samudra, Colombo",2,2,0,0.0,0.0,19,-1.7918,0.25,0.25,0.9016,0.156,0.55,43993,4.5,5,1.7
t5,Light sleeper,disruption,economic,price_desc,lpa0a8a,NH Collection Colombo,2,2,0,0.0,0.0,18,-2.4849,0.438,0.562,0.9594,0.344,0.325,36981,4.6,5,2.0
t5,Light sleeper,disruption,economic,price_desc,lp1bc0d,Hilton Colombo Hotel,2,2,0,0.0,0.0,17,-1.6094,0.188,0.031,0.8547,0.125,0.475,47767,4.2,5,1.9
t5,Light sleeper,disruption,economic,price_desc,lp71118,CityRest Fort,2,2,0,0.0,0.0,16,-3.4657,0.156,0.094,0.1922,0.969,0.45,11502,3.5,3,2.0
t5,Light sleeper,disruption,economic,price_desc,lp43673,Pegasus Reef - A Beach Resort in Colombo,2,2,0,0.0,0.0,15,-3.2581,0.0,0.0,0.5859,0.781,0.95,20121,4.0,4,8.1
t5,Light sleeper,disruption,economic,price_desc,lpc0df6,Fern Colombo,2,2,0,0.0,0.0,14,-3.3322,0.656,0.719,0.1422,0.844,0.75,16245,4.0,3,1.8
t5,Light sleeper,disruption,economic,price_desc,lp6574b103,"Amari Colombo, Sri Lanka",2,2,0,0.0,0.0,13,-2.0794,0.375,0.469,0.8687,0.219,0.4,42203,4.5,5,2.2
t5,Light sleeper,disruption,economic,price_desc,lp81760,The Steuart by Citrus,2,2,0,0.0,0.0,12,-3.0445,0.031,0.188,0.4266,0.625,0.5,22604,4.2,4,2.2
t5,Light sleeper,disruption,economic,price_desc,lp67286,Colombo Court Hotel & Spa,2,2,0,0.0,0.0,11,-1.3863,0.781,0.781,0.5938,0.094,0.725,52144,4.5,4,3.3
t5,Light sleeper,disruption,economic,price_desc,lpc08f9,Morven Hotel Colombo,2,2,0,0.0,0.0,10,-3.1355,0.344,0.375,0.6703,0.688,0.2,21054,4.5,4,2.1
t5,Light sleeper,disruption,economic,price_desc,lp857b8,Zylan Colombo,2,2,0,0.0,0.0,9,-2.7081,0.75,0.75,0.6047,0.438,0.8,34557,4.5,4,2.0
t5,Light sleeper,disruption,economic,price_desc,lp72a36,Best Western Elyon Colombo,2,2,0,0.0,0.0,8,-3.2958,0.969,0.969,0.5687,0.812,0.875,19568,4.2,4,5.1
t5,Light sleeper,disruption,economic,price_desc,lp800a1,Nyne Hotels Lake Lodge - Colombo,2,2,0,0.0,0.0,7,-2.1972,0.469,0.344,0.5094,0.25,0.2,39335,4.6,4,1.5
t5,Light sleeper,disruption,economic,price_desc,lp656d40c7,Sheraton Colombo Hotel,2,2,2,1.0,100.0,1,-1.0986,0.5,0.438,0.7312,0.062,0.4,56627,4.7,5,2.2
t5,Light sleeper,disruption,economic,price_desc,lp40d3f,Global Towers Hotel & Apartments,2,2,0,0.0,0.0,6,-3.3673,0.844,0.844,0.5375,0.875,0.725,16041,3.5,4,5.6
t5,Light sleeper,disruption,economic,price_desc,lp5f0e5,Paradise Road Tintagel Colombo,2,2,0,0.0,0.0,5,0.0,0.625,0.656,0.8687,0.0,0.85,96633,4.5,5,1.7
t5,Light sleeper,disruption,economic,price_desc,lp6e625,Hotel Janaki,2,2,0,0.0,0.0,4,-3.4012,0.938,0.938,0.2188,0.906,0.825,15319,4.0,3,4.2
t5,Light sleeper,disruption,economic,price_desc,lp76eba,Radisson Hotel Colombo,2,2,0,0.0,0.0,3,-2.9444,0.812,0.812,0.4703,0.562,0.8,27402,4.2,4,5.0
t5,Light sleeper,disruption,economic,price_desc,lp65589ffb,MaRadha Colombo,2,2,0,0.0,0.0,31,-2.6391,0.688,0.625,0.325,0.406,0.675,35408,4.8,3,3.6
t5,Light sleeper,disruption,economic,price_desc,lp6f007,Clock Inn Colombo,2,2,0,0.0,0.0,32,-3.434,0.719,0.688,0.0563,0.938,0.625,13715,3.8,2,3.4
t5,Light sleeper,disruption,economic,rating,lp102b02,Marino Beach Colombo,32,32,0,0.0,0.0,4,-1.3863,0.594,0.594,0.9047,0.469,0.625,30177,4.6,5,3.2
t5,Light sleeper,disruption,economic,rating,lp6557c6e0,Granbell Hotel Colombo,32,32,0,0.0,0.0,30,-1.9459,0.406,0.406,0.5422,0.5,0.35,28807,4.6,4,2.3
t5,Light sleeper,disruption,economic,rating,lp741c5,Cinnamon Red Colombo,32,32,0,0.0,0.0,29,-2.3979,0.531,0.5,0.6266,0.375,0.35,36530,4.5,4,1.9
t5,Light sleeper,disruption,economic,rating,lp9855f,Fairway Colombo - Sri Lanka's First Hotel With Robot Technology,32,32,0,0.0,0.0,28,-3.091,0.094,0.062,0.525,0.531,0.5,28429,4.2,4,2.1
t5,Light sleeper,disruption,economic,rating,lp655a9e91,Zest Metropole,32,32,0,0.0,0.0,27,-2.8904,0.125,0.125,0.5375,0.656,0.5,21223,4.3,4,2.0
t5,Light sleeper,disruption,economic,rating,lp656d3aa9,Sofia Colombo City Hotel,32,32,0,0.0,0.0,26,-2.8332,0.562,0.531,0.5922,0.594,0.35,23620,4.3,4,2.4
t5,Light sleeper,disruption,economic,rating,lp803e1,Galle Face Hotel,32,32,0,0.0,0.0,25,-2.6391,0.281,0.281,0.8141,0.281,0.4,38531,4.5,5,1.8
t5,Light sleeper,disruption,economic,rating,lpb1537,Shangri-La Colombo,32,32,7,0.21875,21.88,3,-1.0986,0.219,0.219,0.9281,0.031,0.4,68781,4.7,5,1.9
t5,Light sleeper,disruption,economic,rating,lp3e58e,The Kingsbury Colombo,32,32,0,0.0,0.0,24,-3.1355,0.062,0.156,0.8766,0.312,0.55,37025,4.2,5,2.2
t5,Light sleeper,disruption,economic,rating,lp30277,Hilton Colombo Residence,32,32,0,0.0,0.0,23,-2.7726,0.312,0.312,0.9062,0.188,0.55,43133,4.4,5,0.9
t5,Light sleeper,disruption,economic,rating,lp67708,Supun Arcade Residency,32,32,0,0.0,0.0,22,-3.3322,0.906,0.875,0.4906,0.719,0.725,20768,3.8,4,5.7
t5,Light sleeper,disruption,economic,rating,lp7c172,Mirage Colombo,32,32,0,0.0,0.0,21,-3.3673,0.875,0.906,0.6328,0.75,0.8,20482,3.8,4,6.3
t5,Light sleeper,disruption,economic,rating,lp33ddb,"Taj Samudra, Colombo",32,32,0,0.0,0.0,20,-2.7081,0.25,0.25,0.9016,0.156,0.55,43993,4.5,5,1.7
t5,Light sleeper,disruption,economic,rating,lpa0a8a,NH Collection Colombo,32,32,0,0.0,0.0,19,-1.6094,0.438,0.562,0.9594,0.344,0.325,36981,4.6,5,2.0
t5,Light sleeper,disruption,economic,rating,lp1bc0d,Hilton Colombo Hotel,32,32,0,0.0,0.0,18,-3.0445,0.188,0.031,0.8547,0.125,0.475,47767,4.2,5,1.9
t5,Light sleeper,disruption,economic,rating,lp71118,CityRest Fort,32,32,0,0.0,0.0,17,-3.4657,0.156,0.094,0.1922,0.969,0.45,11502,3.5,3,2.0
t5,Light sleeper,disruption,economic,rating,lp43673,Pegasus Reef - A Beach Resort in Colombo,32,32,0,0.0,0.0,31,-3.2958,0.0,0.0,0.5859,0.781,0.95,20121,4.0,4,8.1
t5,Light sleeper,disruption,economic,rating,lpc0df6,Fern Colombo,32,32,0,0.0,0.0,16,-3.2581,0.656,0.719,0.1422,0.844,0.75,16245,4.0,3,1.8
t5,Light sleeper,disruption,economic,rating,lp6574b103,"Amari Colombo, Sri Lanka",32,32,0,0.0,0.0,15,-2.4849,0.375,0.469,0.8687,0.219,0.4,42203,4.5,5,2.2
t5,Light sleeper,disruption,economic,rating,lp81760,The Steuart by Citrus,32,32,0,0.0,0.0,14,-3.1781,0.031,0.188,0.4266,0.625,0.5,22604,4.2,4,2.2
t5,Light sleeper,disruption,economic,rating,lp67286,Colombo Court Hotel & Spa,32,32,0,0.0,0.0,13,-2.0794,0.781,0.781,0.5938,0.094,0.725,52144,4.5,4,3.3
t5,Light sleeper,disruption,economic,rating,lpc08f9,Morven Hotel Colombo,32,32,0,0.0,0.0,12,-2.5649,0.344,0.375,0.6703,0.688,0.2,21054,4.5,4,2.1
t5,Light sleeper,disruption,economic,rating,lp857b8,Zylan Colombo,32,32,0,0.0,0.0,11,-2.1972,0.75,0.75,0.6047,0.438,0.8,34557,4.5,4,2.0
t5,Light sleeper,disruption,economic,rating,lp72a36,Best Western Elyon Colombo,32,32,0,0.0,0.0,10,-2.9444,0.969,0.969,0.5687,0.812,0.875,19568,4.2,4,5.1
t5,Light sleeper,disruption,economic,rating,lp800a1,Nyne Hotels Lake Lodge - Colombo,32,32,0,0.0,0.0,9,-1.7918,0.469,0.344,0.5094,0.25,0.2,39335,4.6,4,1.5
t5,Light sleeper,disruption,economic,rating,lp656d40c7,Sheraton Colombo Hotel,32,32,11,0.34375,34.38,2,-0.6931,0.5,0.438,0.7312,0.062,0.4,56627,4.7,5,2.2
t5,Light sleeper,disruption,economic,rating,lp40d3f,Global Towers Hotel & Apartments,32,32,0,0.0,0.0,8,-3.434,0.844,0.844,0.5375,0.875,0.725,16041,3.5,4,5.6
t5,Light sleeper,disruption,economic,rating,lp5f0e5,Paradise Road Tintagel Colombo,32,32,0,0.0,0.0,7,-2.3026,0.625,0.656,0.8687,0.0,0.85,96633,4.5,5,1.7
t5,Light sleeper,disruption,economic,rating,lp6e625,Hotel Janaki,32,32,0,0.0,0.0,6,-3.2189,0.938,0.938,0.2188,0.906,0.825,15319,4.0,3,4.2
t5,Light sleeper,disruption,economic,rating,lp76eba,Radisson Hotel Colombo,32,32,0,0.0,0.0,5,-2.9957,0.812,0.812,0.4703,0.562,0.8,27402,4.2,4,5.0
t5,Light sleeper,disruption,economic,rating,lp65589ffb,MaRadha Colombo,32,32,14,0.4375,43.75,1,0.0,0.688,0.625,0.325,0.406,0.675,35408,4.8,3,3.6
t5,Light sleeper,disruption,economic,rating,lp6f007,Clock Inn Colombo,32,32,0,0.0,0.0,32,-3.4012,0.719,0.688,0.0563,0.938,0.625,13715,3.8,2,3.4
t5,Light sleeper,disruption,economic,travel,lp102b02,Marino Beach Colombo,79,79,0,0.0,0.0,4,-2.5649,0.594,0.594,0.9047,0.469,0.625,30177,4.6,5,3.2
t5,Light sleeper,disruption,economic,travel,lp6557c6e0,Granbell Hotel Colombo,79,79,0,0.0,0.0,30,-2.8904,0.406,0.406,0.5422,0.5,0.35,28807,4.6,4,2.3
t5,Light sleeper,disruption,economic,travel,lp741c5,Cinnamon Red Colombo,79,79,0,0.0,0.0,29,-2.7726,0.531,0.5,0.6266,0.375,0.35,36530,4.5,4,1.9
t5,Light sleeper,disruption,economic,travel,lp9855f,Fairway Colombo - Sri Lanka's First Hotel With Robot Technology,79,79,0,0.0,0.0,28,-3.3322,0.094,0.062,0.525,0.531,0.5,28429,4.2,4,2.1
t5,Light sleeper,disruption,economic,travel,lp655a9e91,Zest Metropole,79,79,0,0.0,0.0,27,-3.3673,0.125,0.125,0.5375,0.656,0.5,21223,4.3,4,2.0
t5,Light sleeper,disruption,economic,travel,lp656d3aa9,Sofia Colombo City Hotel,79,79,0,0.0,0.0,26,-2.7081,0.562,0.531,0.5922,0.594,0.35,23620,4.3,4,2.4
t5,Light sleeper,disruption,economic,travel,lp803e1,Galle Face Hotel,79,79,0,0.0,0.0,25,-3.1355,0.281,0.281,0.8141,0.281,0.4,38531,4.5,5,1.8
t5,Light sleeper,disruption,economic,travel,lpb1537,Shangri-La Colombo,79,79,0,0.0,0.0,24,-3.2189,0.219,0.219,0.9281,0.031,0.4,68781,4.7,5,1.9
t5,Light sleeper,disruption,economic,travel,lp3e58e,The Kingsbury Colombo,79,79,0,0.0,0.0,23,-3.2958,0.062,0.156,0.8766,0.312,0.55,37025,4.2,5,2.2
t5,Light sleeper,disruption,economic,travel,lp30277,Hilton Colombo Residence,79,79,0,0.0,0.0,22,-3.091,0.312,0.312,0.9062,0.188,0.55,43133,4.4,5,0.9
t5,Light sleeper,disruption,economic,travel,lp67708,Supun Arcade Residency,79,79,11,0.139241,13.92,3,-1.0986,0.906,0.875,0.4906,0.719,0.725,20768,3.8,4,5.7
t5,Light sleeper,disruption,economic,travel,lp7c172,Mirage Colombo,79,79,0,0.0,0.0,21,-1.3863,0.875,0.906,0.6328,0.75,0.8,20482,3.8,4,6.3
t5,Light sleeper,disruption,economic,travel,lp33ddb,"Taj Samudra, Colombo",79,79,0,0.0,0.0,20,-3.1781,0.25,0.25,0.9016,0.156,0.55,43993,4.5,5,1.7
t5,Light sleeper,disruption,economic,travel,lpa0a8a,NH Collection Colombo,79,79,0,0.0,0.0,19,-2.6391,0.438,0.562,0.9594,0.344,0.325,36981,4.6,5,2.0
t5,Light sleeper,disruption,economic,travel,lp1bc0d,Hilton Colombo Hotel,79,79,0,0.0,0.0,18,-3.434,0.188,0.031,0.8547,0.125,0.475,47767,4.2,5,1.9
t5,Light sleeper,disruption,economic,travel,lp71118,CityRest Fort,79,79,0,0.0,0.0,17,-3.4012,0.156,0.094,0.1922,0.969,0.45,11502,3.5,3,2.0
t5,Light sleeper,disruption,economic,travel,lp43673,Pegasus Reef - A Beach Resort in Colombo,79,79,0,0.0,0.0,16,-3.4657,0.0,0.0,0.5859,0.781,0.95,20121,4.0,4,8.1
t5,Light sleeper,disruption,economic,travel,lpc0df6,Fern Colombo,79,79,0,0.0,0.0,15,-2.3979,0.656,0.719,0.1422,0.844,0.75,16245,4.0,3,1.8
t5,Light sleeper,disruption,economic,travel,lp6574b103,"Amari Colombo, Sri Lanka",79,79,0,0.0,0.0,14,-2.9444,0.375,0.469,0.8687,0.219,0.4,42203,4.5,5,2.2
t5,Light sleeper,disruption,economic,travel,lp81760,The Steuart by Citrus,79,79,0,0.0,0.0,13,-3.2581,0.031,0.188,0.4266,0.625,0.5,22604,4.2,4,2.2
t5,Light sleeper,disruption,economic,travel,lp67286,Colombo Court Hotel & Spa,79,79,0,0.0,0.0,12,-1.9459,0.781,0.781,0.5938,0.094,0.725,52144,4.5,4,3.3
t5,Light sleeper,disruption,economic,travel,lpc08f9,Morven Hotel Colombo,79,79,0,0.0,0.0,11,-3.0445,0.344,0.375,0.6703,0.688,0.2,21054,4.5,4,2.1
t5,Light sleeper,disruption,economic,travel,lp857b8,Zylan Colombo,79,79,0,0.0,0.0,10,-2.0794,0.75,0.75,0.6047,0.438,0.8,34557,4.5,4,2.0
t5,Light sleeper,disruption,economic,travel,lp72a36,Best Western Elyon Colombo,79,79,49,0.620253,62.03,1,0.0,0.969,0.969,0.5687,0.812,0.875,19568,4.2,4,5.1
t5,Light sleeper,disruption,economic,travel,lp800a1,Nyne Hotels Lake Lodge - Colombo,79,79,0,0.0,0.0,9,-2.9957,0.469,0.344,0.5094,0.25,0.2,39335,4.6,4,1.5
t5,Light sleeper,disruption,economic,travel,lp656d40c7,Sheraton Colombo Hotel,79,79,0,0.0,0.0,8,-2.8332,0.5,0.438,0.7312,0.062,0.4,56627,4.7,5,2.2
t5,Light sleeper,disruption,economic,travel,lp40d3f,Global Towers Hotel & Apartments,79,79,0,0.0,0.0,7,-1.6094,0.844,0.844,0.5375,0.875,0.725,16041,3.5,4,5.6
t5,Light sleeper,disruption,economic,travel,lp5f0e5,Paradise Road Tintagel Colombo,79,79,0,0.0,0.0,6,-2.4849,0.625,0.656,0.8687,0.0,0.85,96633,4.5,5,1.7
t5,Light sleeper,disruption,economic,travel,lp6e625,Hotel Janaki,79,79,19,0.240506,24.05,2,-0.6931,0.938,0.938,0.2188,0.906,0.825,15319,4.0,3,4.2
t5,Light sleeper,disruption,economic,travel,lp76eba,Radisson Hotel Colombo,79,79,0,0.0,0.0,5,-1.7918,0.812,0.812,0.4703,0.562,0.8,27402,4.2,4,5.0
t5,Light sleeper,disruption,economic,travel,lp65589ffb,MaRadha Colombo,79,79,0,0.0,0.0,31,-2.1972,0.688,0.625,0.325,0.406,0.675,35408,4.8,3,3.6
t5,Light sleeper,disruption,economic,travel,lp6f007,Clock Inn Colombo,79,79,0,0.0,0.0,32,-2.3026,0.719,0.688,0.0563,0.938,0.625,13715,3.8,2,3.4
t6,Beach weekender,spatial,disruption,distance,lp102b02,Marino Beach Colombo,98,98,0,0.0,0.0,5,-2.3026,0.688,0.812,0.9047,0.469,0.625,30177,4.6,5,3.2
t6,Beach weekender,spatial,disruption,distance,lp6557c6e0,Granbell Hotel Colombo,98,98,0,0.0,0.0,30,-2.5649,0.594,0.594,0.5422,0.5,0.35,28807,4.6,4,2.3
t6,Beach weekender,spatial,disruption,distance,lp741c5,Cinnamon Red Colombo,98,98,0,0.0,0.0,29,-2.6391,0.531,0.531,0.6266,0.375,0.35,36530,4.5,4,1.9
t6,Beach weekender,spatial,disruption,distance,lp9855f,Fairway Colombo - Sri Lanka's First Hotel With Robot Technology,98,98,0,0.0,0.0,28,-3.3322,0.062,0.062,0.525,0.531,0.5,28429,4.2,4,2.1
t6,Beach weekender,spatial,disruption,distance,lp655a9e91,Zest Metropole,98,98,0,0.0,0.0,27,-3.3673,0.031,0.094,0.5375,0.656,0.5,21223,4.3,4,2.0
t6,Beach weekender,spatial,disruption,distance,lp656d3aa9,Sofia Colombo City Hotel,98,98,0,0.0,0.0,26,-2.3979,0.656,0.688,0.5922,0.594,0.35,23620,4.3,4,2.4
t6,Beach weekender,spatial,disruption,distance,lp803e1,Galle Face Hotel,98,98,0,0.0,0.0,25,-3.1355,0.281,0.344,0.8141,0.281,0.4,38531,4.5,5,1.8
t6,Beach weekender,spatial,disruption,distance,lpb1537,Shangri-La Colombo,98,98,0,0.0,0.0,24,-3.2189,0.219,0.219,0.9281,0.031,0.4,68781,4.7,5,1.9
t6,Beach weekender,spatial,disruption,distance,lp3e58e,The Kingsbury Colombo,98,98,0,0.0,0.0,23,-3.2581,0.156,0.156,0.8766,0.312,0.55,37025,4.2,5,2.2
t6,Beach weekender,spatial,disruption,distance,lp30277,Hilton Colombo Residence,98,98,0,0.0,0.0,22,-3.091,0.312,0.25,0.9062,0.188,0.55,43133,4.4,5,0.9
t6,Beach weekender,spatial,disruption,distance,lp67708,Supun Arcade Residency,98,98,26,0.265306,26.53,2,-0.6931,0.938,0.875,0.4906,0.719,0.725,20768,3.8,4,5.7
t6,Beach weekender,spatial,disruption,distance,lp7c172,Mirage Colombo,98,98,48,0.489796,48.98,1,0.0,0.969,0.969,0.6328,0.75,0.8,20482,3.8,4,6.3
t6,Beach weekender,spatial,disruption,distance,lp33ddb,"Taj Samudra, Colombo",98,98,0,0.0,0.0,21,-3.1781,0.25,0.281,0.9016,0.156,0.55,43993,4.5,5,1.7
t6,Beach weekender,spatial,disruption,distance,lpa0a8a,NH Collection Colombo,98,98,0,0.0,0.0,20,-2.7081,0.5,0.562,0.9594,0.344,0.325,36981,4.6,5,2.0
t6,Beach weekender,spatial,disruption,distance,lp1bc0d,Hilton Colombo Hotel,98,98,0,0.0,0.0,19,-3.2958,0.188,0.031,0.8547,0.125,0.475,47767,4.2,5,1.9
t6,Beach weekender,spatial,disruption,distance,lp71118,CityRest Fort,98,98,0,0.0,0.0,17,-3.4012,0.094,0.125,0.1922,0.969,0.45,11502,3.5,3,2.0
t6,Beach weekender,spatial,disruption,distance,lp43673,Pegasus Reef - A Beach Resort in Colombo,98,98,0,0.0,0.0,31,-3.4657,0.0,0.0,0.5859,0.781,0.95,20121,4.0,4,8.1
t6,Beach weekender,spatial,disruption,distance,lpc0df6,Fern Colombo,98,98,0,0.0,0.0,16,-2.8332,0.406,0.375,0.1422,0.844,0.75,16245,4.0,3,1.8
t6,Beach weekender,spatial,disruption,distance,lp6574b103,"Amari Colombo, Sri Lanka",98,98,0,0.0,0.0,15,-2.7726,0.562,0.5,0.8687,0.219,0.4,42203,4.5,5,2.2
t6,Beach weekender,spatial,disruption,distance,lp81760,The Steuart by Citrus,98,98,0,0.0,0.0,14,-3.434,0.125,0.188,0.4266,0.625,0.5,22604,4.2,4,2.2
t6,Beach weekender,spatial,disruption,distance,lp67286,Colombo Court Hotel & Spa,98,98,0,0.0,0.0,13,-2.1972,0.719,0.719,0.5938,0.094,0.725,52144,4.5,4,3.3
t6,Beach weekender,spatial,disruption,distance,lpc08f9,Morven Hotel Colombo,98,98,0,0.0,0.0,12,-2.8904,0.469,0.469,0.6703,0.688,0.2,21054,4.5,4,2.1
t6,Beach weekender,spatial,disruption,distance,lp857b8,Zylan Colombo,98,98,0,0.0,0.0,11,-2.9444,0.438,0.312,0.6047,0.438,0.8,34557,4.5,4,2.0
t6,Beach weekender,spatial,disruption,distance,lp72a36,Best Western Elyon Colombo,98,98,0,0.0,0.0,10,-1.6094,0.844,0.781,0.5687,0.812,0.875,19568,4.2,4,5.1
t6,Beach weekender,spatial,disruption,distance,lp800a1,Nyne Hotels Lake Lodge - Colombo,98,98,0,0.0,0.0,9,-3.0445,0.344,0.438,0.5094,0.25,0.2,39335,4.6,4,1.5
t6,Beach weekender,spatial,disruption,distance,lp656d40c7,Sheraton Colombo Hotel,98,98,0,0.0,0.0,8,-2.4849,0.625,0.625,0.7312,0.062,0.4,56627,4.7,5,2.2
t6,Beach weekender,spatial,disruption,distance,lp40d3f,Global Towers Hotel & Apartments,98,98,23,0.234694,23.47,3,-1.0986,0.906,0.938,0.5375,0.875,0.725,16041,3.5,4,5.6
t6,Beach weekender,spatial,disruption,distance,lp5f0e5,Paradise Road Tintagel Colombo,98,98,0,0.0,0.0,7,-2.9957,0.375,0.406,0.8687,0.0,0.85,96633,4.5,5,1.7
t6,Beach weekender,spatial,disruption,distance,lp6e625,Hotel Janaki,98,98,0,0.0,0.0,6,-1.7918,0.812,0.656,0.2188,0.906,0.825,15319,4.0,3,4.2
t6,Beach weekender,spatial,disruption,distance,lp76eba,Radisson Hotel Colombo,98,98,1,0.010204,1.02,4,-1.3863,0.875,0.906,0.4703,0.562,0.8,27402,4.2,4,5.0
t6,Beach weekender,spatial,disruption,distance,lp65589ffb,MaRadha Colombo,98,98,0,0.0,0.0,18,-1.9459,0.781,0.844,0.325,0.406,0.675,35408,4.8,3,3.6
t6,Beach weekender,spatial,disruption,distance,lp6f007,Clock Inn Colombo,98,98,0,0.0,0.0,32,-2.0794,0.75,0.75,0.0563,0.938,0.625,13715,3.8,2,3.4
t6,Beach weekender,spatial,disruption,price_asc,lp102b02,Marino Beach Colombo,11,11,0,0.0,0.0,32,-2.8332,0.688,0.812,0.9047,0.469,0.625,30177,4.6,5,3.2
t6,Beach weekender,spatial,disruption,price_asc,lp6557c6e0,Granbell Hotel Colombo,11,11,0,0.0,0.0,6,-2.7726,0.594,0.594,0.5422,0.5,0.35,28807,4.6,4,2.3
t6,Beach weekender,spatial,disruption,price_asc,lp741c5,Cinnamon Red Colombo,11,11,0,0.0,0.0,17,-2.9957,0.531,0.531,0.6266,0.375,0.35,36530,4.5,4,1.9
t6,Beach weekender,spatial,disruption,price_asc,lp9855f,Fairway Colombo - Sri Lanka's First Hotel With Robot Technology,11,11,0,0.0,0.0,4,-2.7081,0.062,0.062,0.525,0.531,0.5,28429,4.2,4,2.1
t6,Beach weekender,spatial,disruption,price_asc,lp655a9e91,Zest Metropole,11,11,0,0.0,0.0,30,-2.3979,0.031,0.094,0.5375,0.656,0.5,21223,4.3,4,2.0
t6,Beach weekender,spatial,disruption,price_asc,lp656d3aa9,Sofia Colombo City Hotel,11,11,0,0.0,0.0,29,-2.5649,0.656,0.688,0.5922,0.594,0.35,23620,4.3,4,2.4
t6,Beach weekender,spatial,disruption,price_asc,lp803e1,Galle Face Hotel,11,11,0,0.0,0.0,28,-3.1355,0.281,0.344,0.8141,0.281,0.4,38531,4.5,5,1.8
t6,Beach weekender,spatial,disruption,price_asc,lpb1537,Shangri-La Colombo,11,11,0,0.0,0.0,27,-3.434,0.219,0.219,0.9281,0.031,0.4,68781,4.7,5,1.9
t6,Beach weekender,spatial,disruption,price_asc,lp3e58e,The Kingsbury Colombo,11,11,0,0.0,0.0,26,-3.091,0.156,0.156,0.8766,0.312,0.55,37025,4.2,5,2.2
t6,Beach weekender,spatial,disruption,price_asc,lp30277,Hilton Colombo Residence,11,11,0,0.0,0.0,25,-3.2581,0.312,0.25,0.9062,0.188,0.55,43133,4.4,5,0.9
t6,Beach weekender,spatial,disruption,price_asc,lp67708,Supun Arcade Residency,11,11,0,0.0,0.0,24,-2.1972,0.938,0.875,0.4906,0.719,0.725,20768,3.8,4,5.7
t6,Beach weekender,spatial,disruption,price_asc,lp7c172,Mirage Colombo,11,11,0,0.0,0.0,23,-2.0794,0.969,0.969,0.6328,0.75,0.8,20482,3.8,4,6.3
t6,Beach weekender,spatial,disruption,price_asc,lp33ddb,"Taj Samudra, Colombo",11,11,0,0.0,0.0,22,-3.2958,0.25,0.281,0.9016,0.156,0.55,43993,4.5,5,1.7
t6,Beach weekender,spatial,disruption,price_asc,lpa0a8a,NH Collection Colombo,11,11,0,0.0,0.0,21,-3.0445,0.5,0.562,0.9594,0.344,0.325,36981,4.6,5,2.0
t6,Beach weekender,spatial,disruption,price_asc,lp1bc0d,Hilton Colombo Hotel,11,11,0,0.0,0.0,20,-3.3322,0.188,0.031,0.8547,0.125,0.475,47767,4.2,5,1.9
t6,Beach weekender,spatial,disruption,price_asc,lp71118,CityRest Fort,11,11,2,0.181818,18.18,3,0.0,0.094,0.125,0.1922,0.969,0.45,11502,3.5,3,2.0
t6,Beach weekender,spatial,disruption,price_asc,lp43673,Pegasus Reef - A Beach Resort in Colombo,11,11,0,0.0,0.0,31,-1.9459,0.0,0.0,0.5859,0.781,0.95,20121,4.0,4,8.1
t6,Beach weekender,spatial,disruption,price_asc,lpc0df6,Fern Colombo,11,11,0,0.0,0.0,18,-1.6094,0.406,0.375,0.1422,0.844,0.75,16245,4.0,3,1.8
t6,Beach weekender,spatial,disruption,price_asc,lp6574b103,"Amari Colombo, Sri Lanka",11,11,0,0.0,0.0,16,-3.2189,0.562,0.5,0.8687,0.219,0.4,42203,4.5,5,2.2
t6,Beach weekender,spatial,disruption,price_asc,lp81760,The Steuart by Citrus,11,11,0,0.0,0.0,15,-2.4849,0.125,0.188,0.4266,0.625,0.5,22604,4.2,4,2.2
t6,Beach weekender,spatial,disruption,price_asc,lp67286,Colombo Court Hotel & Spa,11,11,0,0.0,0.0,14,-3.3673,0.719,0.719,0.5938,0.094,0.725,52144,4.5,4,3.3
t6,Beach weekender,spatial,disruption,price_asc,lpc08f9,Morven Hotel Colombo,11,11,0,0.0,0.0,13,-2.3026,0.469,0.469,0.6703,0.688,0.2,21054,4.5,4,2.1
t6,Beach weekender,spatial,disruption,price_asc,lp857b8,Zylan Colombo,11,11,0,0.0,0.0,12,-2.8904,0.438,0.312,0.6047,0.438,0.8,34557,4.5,4,2.0
t6,Beach weekender,spatial,disruption,price_asc,lp72a36,Best Western Elyon Colombo,11,11,0,0.0,0.0,11,-1.7918,0.844,0.781,0.5687,0.812,0.875,19568,4.2,4,5.1
t6,Beach weekender,spatial,disruption,price_asc,lp800a1,Nyne Hotels Lake Lodge - Colombo,11,11,0,0.0,0.0,10,-3.1781,0.344,0.438,0.5094,0.25,0.2,39335,4.6,4,1.5
t6,Beach weekender,spatial,disruption,price_asc,lp656d40c7,Sheraton Colombo Hotel,11,11,0,0.0,0.0,9,-3.4012,0.625,0.625,0.7312,0.062,0.4,56627,4.7,5,2.2
t6,Beach weekender,spatial,disruption,price_asc,lp40d3f,Global Towers Hotel & Apartments,11,11,0,0.0,0.0,8,-1.3863,0.906,0.938,0.5375,0.875,0.725,16041,3.5,4,5.6
t6,Beach weekender,spatial,disruption,price_asc,lp5f0e5,Paradise Road Tintagel Colombo,11,11,0,0.0,0.0,7,-3.4657,0.375,0.406,0.8687,0.0,0.85,96633,4.5,5,1.7
t6,Beach weekender,spatial,disruption,price_asc,lp6e625,Hotel Janaki,11,11,4,0.363636,36.36,2,-1.0986,0.812,0.656,0.2188,0.906,0.825,15319,4.0,3,4.2
t6,Beach weekender,spatial,disruption,price_asc,lp76eba,Radisson Hotel Colombo,11,11,0,0.0,0.0,5,-2.6391,0.875,0.906,0.4703,0.562,0.8,27402,4.2,4,5.0
t6,Beach weekender,spatial,disruption,price_asc,lp65589ffb,MaRadha Colombo,11,11,0,0.0,0.0,19,-2.9444,0.781,0.844,0.325,0.406,0.675,35408,4.8,3,3.6
t6,Beach weekender,spatial,disruption,price_asc,lp6f007,Clock Inn Colombo,11,11,5,0.454545,45.45,1,-0.6931,0.75,0.75,0.0563,0.938,0.625,13715,3.8,2,3.4
t6,Beach weekender,spatial,disruption,price_desc,lp102b02,Marino Beach Colombo,5,5,0,0.0,0.0,4,-2.7726,0.688,0.812,0.9047,0.469,0.625,30177,4.6,5,3.2
t6,Beach weekender,spatial,disruption,price_desc,lp6557c6e0,Granbell Hotel Colombo,5,5,0,0.0,0.0,30,-2.8332,0.594,0.594,0.5422,0.5,0.35,28807,4.6,4,2.3
t6,Beach weekender,spatial,disruption,price_desc,lp741c5,Cinnamon Red Colombo,5,5,0,0.0,0.0,29,-2.5649,0.531,0.531,0.6266,0.375,0.35,36530,4.5,4,1.9
t6,Beach weekender,spatial,disruption,price_desc,lp9855f,Fairway Colombo - Sri Lanka's First Hotel With Robot Technology,5,5,0,0.0,0.0,28,-2.8904,0.062,0.062,0.525,0.531,0.5,28429,4.2,4,2.1
t6,Beach weekender,spatial,disruption,price_desc,lp655a9e91,Zest Metropole,5,5,0,0.0,0.0,27,-3.091,0.031,0.094,0.5375,0.656,0.5,21223,4.3,4,2.0
t6,Beach weekender,spatial,disruption,price_desc,lp656d3aa9,Sofia Colombo City Hotel,5,5,0,0.0,0.0,26,-2.9957,0.656,0.688,0.5922,0.594,0.35,23620,4.3,4,2.4
t6,Beach weekender,spatial,disruption,price_desc,lp803e1,Galle Face Hotel,5,5,0,0.0,0.0,25,-2.3026,0.281,0.344,0.8141,0.281,0.4,38531,4.5,5,1.8
t6,Beach weekender,spatial,disruption,price_desc,lpb1537,Shangri-La Colombo,5,5,3,0.6,60.0,1,-0.6931,0.219,0.219,0.9281,0.031,0.4,68781,4.7,5,1.9
t6,Beach weekender,spatial,disruption,price_desc,lp3e58e,The Kingsbury Colombo,5,5,0,0.0,0.0,24,-2.3979,0.156,0.156,0.8766,0.312,0.55,37025,4.2,5,2.2
t6,Beach weekender,spatial,disruption,price_desc,lp30277,Hilton Colombo Residence,5,5,0,0.0,0.0,23,-1.9459,0.312,0.25,0.9062,0.188,0.55,43133,4.4,5,0.9
t6,Beach weekender,spatial,disruption,price_desc,lp67708,Supun Arcade Residency,5,5,0,0.0,0.0,22,-3.1781,0.938,0.875,0.4906,0.719,0.725,20768,3.8,4,5.7
t6,Beach weekender,spatial,disruption,price_desc,lp7c172,Mirage Colombo,5,5,0,0.0,0.0,21,-3.2189,0.969,0.969,0.6328,0.75,0.8,20482,3.8,4,6.3
t6,Beach weekender,spatial,disruption,price_desc,lp33ddb,"Taj Samudra, Colombo",5,5,0,0.0,0.0,20,-1.7918,0.25,0.281,0.9016,0.156,0.55,43993,4.5,5,1.7
t6,Beach weekender,spatial,disruption,price_desc,lpa0a8a,NH Collection Colombo,5,5,0,0.0,0.0,19,-2.4849,0.5,0.562,0.9594,0.344,0.325,36981,4.6,5,2.0
t6,Beach weekender,spatial,disruption,price_desc,lp1bc0d,Hilton Colombo Hotel,5,5,0,0.0,0.0,18,-1.6094,0.188,0.031,0.8547,0.125,0.475,47767,4.2,5,1.9
t6,Beach weekender,spatial,disruption,price_desc,lp71118,CityRest Fort,5,5,0,0.0,0.0,17,-3.4657,0.094,0.125,0.1922,0.969,0.45,11502,3.5,3,2.0
t6,Beach weekender,spatial,disruption,price_desc,lp43673,Pegasus Reef - A Beach Resort in Colombo,5,5,0,0.0,0.0,16,-3.2581,0.0,0.0,0.5859,0.781,0.95,20121,4.0,4,8.1
t6,Beach weekender,spatial,disruption,price_desc,lpc0df6,Fern Colombo,5,5,0,0.0,0.0,15,-3.3322,0.406,0.375,0.1422,0.844,0.75,16245,4.0,3,1.8
t6,Beach weekender,spatial,disruption,price_desc,lp6574b103,"Amari Colombo, Sri Lanka",5,5,0,0.0,0.0,14,-2.0794,0.562,0.5,0.8687,0.219,0.4,42203,4.5,5,2.2
t6,Beach weekender,spatial,disruption,price_desc,lp81760,The Steuart by Citrus,5,5,0,0.0,0.0,13,-3.0445,0.125,0.188,0.4266,0.625,0.5,22604,4.2,4,2.2
t6,Beach weekender,spatial,disruption,price_desc,lp67286,Colombo Court Hotel & Spa,5,5,0,0.0,0.0,12,-1.3863,0.719,0.719,0.5938,0.094,0.725,52144,4.5,4,3.3
t6,Beach weekender,spatial,disruption,price_desc,lpc08f9,Morven Hotel Colombo,5,5,0,0.0,0.0,11,-3.1355,0.469,0.469,0.6703,0.688,0.2,21054,4.5,4,2.1
t6,Beach weekender,spatial,disruption,price_desc,lp857b8,Zylan Colombo,5,5,0,0.0,0.0,10,-2.7081,0.438,0.312,0.6047,0.438,0.8,34557,4.5,4,2.0
t6,Beach weekender,spatial,disruption,price_desc,lp72a36,Best Western Elyon Colombo,5,5,0,0.0,0.0,9,-3.2958,0.844,0.781,0.5687,0.812,0.875,19568,4.2,4,5.1
t6,Beach weekender,spatial,disruption,price_desc,lp800a1,Nyne Hotels Lake Lodge - Colombo,5,5,0,0.0,0.0,8,-2.1972,0.344,0.438,0.5094,0.25,0.2,39335,4.6,4,1.5
t6,Beach weekender,spatial,disruption,price_desc,lp656d40c7,Sheraton Colombo Hotel,5,5,1,0.2,20.0,3,-1.0986,0.625,0.625,0.7312,0.062,0.4,56627,4.7,5,2.2
t6,Beach weekender,spatial,disruption,price_desc,lp40d3f,Global Towers Hotel & Apartments,5,5,0,0.0,0.0,7,-3.3673,0.906,0.938,0.5375,0.875,0.725,16041,3.5,4,5.6
t6,Beach weekender,spatial,disruption,price_desc,lp5f0e5,Paradise Road Tintagel Colombo,5,5,1,0.2,20.0,2,0.0,0.375,0.406,0.8687,0.0,0.85,96633,4.5,5,1.7
t6,Beach weekender,spatial,disruption,price_desc,lp6e625,Hotel Janaki,5,5,0,0.0,0.0,6,-3.4012,0.812,0.656,0.2188,0.906,0.825,15319,4.0,3,4.2
t6,Beach weekender,spatial,disruption,price_desc,lp76eba,Radisson Hotel Colombo,5,5,0,0.0,0.0,5,-2.9444,0.875,0.906,0.4703,0.562,0.8,27402,4.2,4,5.0
t6,Beach weekender,spatial,disruption,price_desc,lp65589ffb,MaRadha Colombo,5,5,0,0.0,0.0,31,-2.6391,0.781,0.844,0.325,0.406,0.675,35408,4.8,3,3.6
t6,Beach weekender,spatial,disruption,price_desc,lp6f007,Clock Inn Colombo,5,5,0,0.0,0.0,32,-3.434,0.75,0.75,0.0563,0.938,0.625,13715,3.8,2,3.4
t6,Beach weekender,spatial,disruption,rating,lp102b02,Marino Beach Colombo,29,29,0,0.0,0.0,4,-1.3863,0.688,0.812,0.9047,0.469,0.625,30177,4.6,5,3.2
t6,Beach weekender,spatial,disruption,rating,lp6557c6e0,Granbell Hotel Colombo,29,29,0,0.0,0.0,30,-1.6094,0.594,0.594,0.5422,0.5,0.35,28807,4.6,4,2.3
t6,Beach weekender,spatial,disruption,rating,lp741c5,Cinnamon Red Colombo,29,29,0,0.0,0.0,29,-2.1972,0.531,0.531,0.6266,0.375,0.35,36530,4.5,4,1.9
t6,Beach weekender,spatial,disruption,rating,lp9855f,Fairway Colombo - Sri Lanka's First Hotel With Robot Technology,29,29,0,0.0,0.0,28,-3.1355,0.062,0.062,0.525,0.531,0.5,28429,4.2,4,2.1
t6,Beach weekender,spatial,disruption,rating,lp655a9e91,Zest Metropole,29,29,0,0.0,0.0,27,-2.8904,0.031,0.094,0.5375,0.656,0.5,21223,4.3,4,2.0
t6,Beach weekender,spatial,disruption,rating,lp656d3aa9,Sofia Colombo City Hotel,29,29,0,0.0,0.0,26,-2.8332,0.656,0.688,0.5922,0.594,0.35,23620,4.3,4,2.4
t6,Beach weekender,spatial,disruption,rating,lp803e1,Galle Face Hotel,29,29,0,0.0,0.0,25,-2.6391,0.281,0.344,0.8141,0.281,0.4,38531,4.5,5,1.8
t6,Beach weekender,spatial,disruption,rating,lpb1537,Shangri-La Colombo,29,29,7,0.241379,24.14,3,-1.0986,0.219,0.219,0.9281,0.031,0.4,68781,4.7,5,1.9
t6,Beach weekender,spatial,disruption,rating,lp3e58e,The Kingsbury Colombo,29,29,0,0.0,0.0,24,-3.0445,0.156,0.156,0.8766,0.312,0.55,37025,4.2,5,2.2
t6,Beach weekender,spatial,disruption,rating,lp30277,Hilton Colombo Residence,29,29,0,0.0,0.0,23,-2.7726,0.312,0.25,0.9062,0.188,0.55,43133,4.4,5,0.9
t6,Beach weekender,spatial,disruption,rating,lp67708,Supun Arcade Residency,29,29,0,0.0,0.0,22,-3.3673,0.938,0.875,0.4906,0.719,0.725,20768,3.8,4,5.7
t6,Beach weekender,spatial,disruption,rating,lp7c172,Mirage Colombo,29,29,0,0.0,0.0,21,-3.3322,0.969,0.969,0.6328,0.75,0.8,20482,3.8,4,6.3
t6,Beach weekender,spatial,disruption,rating,lp33ddb,"Taj Samudra, Colombo",29,29,0,0.0,0.0,20,-2.7081,0.25,0.281,0.9016,0.156,0.55,43993,4.5,5,1.7
t6,Beach weekender,spatial,disruption,rating,lpa0a8a,NH Collection Colombo,29,29,0,0.0,0.0,19,-1.7918,0.5,0.562,0.9594,0.344,0.325,36981,4.6,5,2.0
t6,Beach weekender,spatial,disruption,rating,lp1bc0d,Hilton Colombo Hotel,29,29,0,0.0,0.0,18,-3.091,0.188,0.031,0.8547,0.125,0.475,47767,4.2,5,1.9
t6,Beach weekender,spatial,disruption,rating,lp71118,CityRest Fort,29,29,0,0.0,0.0,17,-3.4657,0.094,0.125,0.1922,0.969,0.45,11502,3.5,3,2.0
t6,Beach weekender,spatial,disruption,rating,lp43673,Pegasus Reef - A Beach Resort in Colombo,29,29,0,0.0,0.0,31,-3.2958,0.0,0.0,0.5859,0.781,0.95,20121,4.0,4,8.1
t6,Beach weekender,spatial,disruption,rating,lpc0df6,Fern Colombo,29,29,0,0.0,0.0,16,-3.2581,0.406,0.375,0.1422,0.844,0.75,16245,4.0,3,1.8
t6,Beach weekender,spatial,disruption,rating,lp6574b103,"Amari Colombo, Sri Lanka",29,29,0,0.0,0.0,15,-2.3026,0.562,0.5,0.8687,0.219,0.4,42203,4.5,5,2.2
t6,Beach weekender,spatial,disruption,rating,lp81760,The Steuart by Citrus,29,29,0,0.0,0.0,14,-3.1781,0.125,0.188,0.4266,0.625,0.5,22604,4.2,4,2.2
t6,Beach weekender,spatial,disruption,rating,lp67286,Colombo Court Hotel & Spa,29,29,0,0.0,0.0,13,-2.0794,0.719,0.719,0.5938,0.094,0.725,52144,4.5,4,3.3
t6,Beach weekender,spatial,disruption,rating,lpc08f9,Morven Hotel Colombo,29,29,0,0.0,0.0,12,-2.3979,0.469,0.469,0.6703,0.688,0.2,21054,4.5,4,2.1
t6,Beach weekender,spatial,disruption,rating,lp857b8,Zylan Colombo,29,29,0,0.0,0.0,11,-2.4849,0.438,0.312,0.6047,0.438,0.8,34557,4.5,4,2.0
t6,Beach weekender,spatial,disruption,rating,lp72a36,Best Western Elyon Colombo,29,29,0,0.0,0.0,10,-2.9957,0.844,0.781,0.5687,0.812,0.875,19568,4.2,4,5.1
t6,Beach weekender,spatial,disruption,rating,lp800a1,Nyne Hotels Lake Lodge - Colombo,29,29,0,0.0,0.0,9,-1.9459,0.344,0.438,0.5094,0.25,0.2,39335,4.6,4,1.5
t6,Beach weekender,spatial,disruption,rating,lp656d40c7,Sheraton Colombo Hotel,29,29,10,0.344828,34.48,2,-0.6931,0.625,0.625,0.7312,0.062,0.4,56627,4.7,5,2.2
t6,Beach weekender,spatial,disruption,rating,lp40d3f,Global Towers Hotel & Apartments,29,29,0,0.0,0.0,8,-3.434,0.906,0.938,0.5375,0.875,0.725,16041,3.5,4,5.6
t6,Beach weekender,spatial,disruption,rating,lp5f0e5,Paradise Road Tintagel Colombo,29,29,0,0.0,0.0,7,-2.5649,0.375,0.406,0.8687,0.0,0.85,96633,4.5,5,1.7
t6,Beach weekender,spatial,disruption,rating,lp6e625,Hotel Janaki,29,29,0,0.0,0.0,6,-3.2189,0.812,0.656,0.2188,0.906,0.825,15319,4.0,3,4.2
t6,Beach weekender,spatial,disruption,rating,lp76eba,Radisson Hotel Colombo,29,29,0,0.0,0.0,5,-2.9444,0.875,0.906,0.4703,0.562,0.8,27402,4.2,4,5.0
t6,Beach weekender,spatial,disruption,rating,lp65589ffb,MaRadha Colombo,29,29,12,0.413793,41.38,1,0.0,0.781,0.844,0.325,0.406,0.675,35408,4.8,3,3.6
t6,Beach weekender,spatial,disruption,rating,lp6f007,Clock Inn Colombo,29,29,0,0.0,0.0,32,-3.4012,0.75,0.75,0.0563,0.938,0.625,13715,3.8,2,3.4
t6,Beach weekender,spatial,disruption,travel,lp102b02,Marino Beach Colombo,80,80,0,0.0,0.0,4,-1.7918,0.688,0.812,0.9047,0.469,0.625,30177,4.6,5,3.2
t6,Beach weekender,spatial,disruption,travel,lp6557c6e0,Granbell Hotel Colombo,80,80,0,0.0,0.0,30,-2.5649,0.594,0.594,0.5422,0.5,0.35,28807,4.6,4,2.3
t6,Beach weekender,spatial,disruption,travel,lp741c5,Cinnamon Red Colombo,80,80,0,0.0,0.0,29,-2.6391,0.531,0.531,0.6266,0.375,0.35,36530,4.5,4,1.9
t6,Beach weekender,spatial,disruption,travel,lp9855f,Fairway Colombo - Sri Lanka's First Hotel With Robot Technology,80,80,0,0.0,0.0,28,-3.3322,0.062,0.062,0.525,0.531,0.5,28429,4.2,4,2.1
t6,Beach weekender,spatial,disruption,travel,lp655a9e91,Zest Metropole,80,80,0,0.0,0.0,27,-3.3673,0.031,0.094,0.5375,0.656,0.5,21223,4.3,4,2.0
t6,Beach weekender,spatial,disruption,travel,lp656d3aa9,Sofia Colombo City Hotel,80,80,0,0.0,0.0,26,-2.3026,0.656,0.688,0.5922,0.594,0.35,23620,4.3,4,2.4
t6,Beach weekender,spatial,disruption,travel,lp803e1,Galle Face Hotel,80,80,0,0.0,0.0,25,-3.0445,0.281,0.344,0.8141,0.281,0.4,38531,4.5,5,1.8
t6,Beach weekender,spatial,disruption,travel,lpb1537,Shangri-La Colombo,80,80,0,0.0,0.0,24,-3.2189,0.219,0.219,0.9281,0.031,0.4,68781,4.7,5,1.9
t6,Beach weekender,spatial,disruption,travel,lp3e58e,The Kingsbury Colombo,80,80,0,0.0,0.0,23,-3.2581,0.156,0.156,0.8766,0.312,0.55,37025,4.2,5,2.2
t6,Beach weekender,spatial,disruption,travel,lp30277,Hilton Colombo Residence,80,80,0,0.0,0.0,22,-3.1781,0.312,0.25,0.9062,0.188,0.55,43133,4.4,5,0.9
t6,Beach weekender,spatial,disruption,travel,lp67708,Supun Arcade Residency,80,80,0,0.0,0.0,21,-1.3863,0.938,0.875,0.4906,0.719,0.725,20768,3.8,4,5.7
t6,Beach weekender,spatial,disruption,travel,lp7c172,Mirage Colombo,80,80,32,0.4,40.0,1,0.0,0.969,0.969,0.6328,0.75,0.8,20482,3.8,4,6.3
t6,Beach weekender,spatial,disruption,travel,lp33ddb,"Taj Samudra, Colombo",80,80,0,0.0,0.0,20,-3.1355,0.25,0.281,0.9016,0.156,0.55,43993,4.5,5,1.7
t6,Beach weekender,spatial,disruption,travel,lpa0a8a,NH Collection Colombo,80,80,0,0.0,0.0,19,-2.7081,0.5,0.562,0.9594,0.344,0.325,36981,4.6,5,2.0
t6,Beach weekender,spatial,disruption,travel,lp1bc0d,Hilton Colombo Hotel,80,80,0,0.0,0.0,18,-3.434,0.188,0.031,0.8547,0.125,0.475,47767,4.2,5,1.9
t6,Beach weekender,spatial,disruption,travel,lp71118,CityRest Fort,80,80,0,0.0,0.0,17,-3.4012,0.094,0.125,0.1922,0.969,0.45,11502,3.5,3,2.0
t6,Beach weekender,spatial,disruption,travel,lp43673,Pegasus Reef - A Beach Resort in Colombo,80,80,0,0.0,0.0,16,-3.4657,0.0,0.0,0.5859,0.781,0.95,20121,4.0,4,8.1
t6,Beach weekender,spatial,disruption,travel,lpc0df6,Fern Colombo,80,80,0,0.0,0.0,15,-2.9444,0.406,0.375,0.1422,0.844,0.75,16245,4.0,3,1.8
t6,Beach weekender,spatial,disruption,travel,lp6574b103,"Amari Colombo, Sri Lanka",80,80,0,0.0,0.0,14,-2.7726,0.562,0.5,0.8687,0.219,0.4,42203,4.5,5,2.2
t6,Beach weekender,spatial,disruption,travel,lp81760,The Steuart by Citrus,80,80,0,0.0,0.0,13,-3.2958,0.125,0.188,0.4266,0.625,0.5,22604,4.2,4,2.2
t6,Beach weekender,spatial,disruption,travel,lp67286,Colombo Court Hotel & Spa,80,80,0,0.0,0.0,12,-2.1972,0.719,0.719,0.5938,0.094,0.725,52144,4.5,4,3.3
t6,Beach weekender,spatial,disruption,travel,lpc08f9,Morven Hotel Colombo,80,80,0,0.0,0.0,11,-2.8332,0.469,0.469,0.6703,0.688,0.2,21054,4.5,4,2.1
t6,Beach weekender,spatial,disruption,travel,lp857b8,Zylan Colombo,80,80,0,0.0,0.0,10,-3.091,0.438,0.312,0.6047,0.438,0.8,34557,4.5,4,2.0
t6,Beach weekender,spatial,disruption,travel,lp72a36,Best Western Elyon Colombo,80,80,0,0.0,0.0,9,-1.9459,0.844,0.781,0.5687,0.812,0.875,19568,4.2,4,5.1
t6,Beach weekender,spatial,disruption,travel,lp800a1,Nyne Hotels Lake Lodge - Colombo,80,80,0,0.0,0.0,8,-2.8904,0.344,0.438,0.5094,0.25,0.2,39335,4.6,4,1.5
t6,Beach weekender,spatial,disruption,travel,lp656d40c7,Sheraton Colombo Hotel,80,80,0,0.0,0.0,7,-2.4849,0.625,0.625,0.7312,0.062,0.4,56627,4.7,5,2.2
t6,Beach weekender,spatial,disruption,travel,lp40d3f,Global Towers Hotel & Apartments,80,80,29,0.3625,36.25,2,-0.6931,0.906,0.938,0.5375,0.875,0.725,16041,3.5,4,5.6
t6,Beach weekender,spatial,disruption,travel,lp5f0e5,Paradise Road Tintagel Colombo,80,80,0,0.0,0.0,6,-2.9957,0.375,0.406,0.8687,0.0,0.85,96633,4.5,5,1.7
t6,Beach weekender,spatial,disruption,travel,lp6e625,Hotel Janaki,80,80,0,0.0,0.0,5,-2.3979,0.812,0.656,0.2188,0.906,0.825,15319,4.0,3,4.2
t6,Beach weekender,spatial,disruption,travel,lp76eba,Radisson Hotel Colombo,80,80,19,0.2375,23.75,3,-1.0986,0.875,0.906,0.4703,0.562,0.8,27402,4.2,4,5.0
t6,Beach weekender,spatial,disruption,travel,lp65589ffb,MaRadha Colombo,80,80,0,0.0,0.0,31,-1.6094,0.781,0.844,0.325,0.406,0.675,35408,4.8,3,3.6
t6,Beach weekender,spatial,disruption,travel,lp6f007,Clock Inn Colombo,80,80,0,0.0,0.0,32,-2.0794,0.75,0.75,0.0563,0.938,0.625,13715,3.8,2,3.4
t7,Long-stay consultant,economic,accessibility,distance,lp102b02,Marino Beach Colombo,98,98,0,0.0,0.0,5,-2.5649,0.594,0.469,0.9047,0.469,0.625,30177,4.6,5,3.2
t7,Long-stay consultant,economic,accessibility,distance,lp6557c6e0,Granbell Hotel Colombo,98,98,0,0.0,0.0,30,-2.7726,0.438,0.594,0.5422,0.5,0.35,28807,4.6,4,2.3
t7,Long-stay consultant,economic,accessibility,distance,lp741c5,Cinnamon Red Colombo,98,98,1,0.010204,1.02,4,-2.1972,0.719,0.781,0.6266,0.375,0.35,36530,4.5,4,1.9
t7,Long-stay consultant,economic,accessibility,distance,lp9855f,Fairway Colombo - Sri Lanka's First Hotel With Robot Technology,98,98,0,0.0,0.0,29,-3.3322,0.094,0.188,0.525,0.531,0.5,28429,4.2,4,2.1
t7,Long-stay consultant,economic,accessibility,distance,lp655a9e91,Zest Metropole,98,98,0,0.0,0.0,28,-3.3673,0.125,0.219,0.5375,0.656,0.5,21223,4.3,4,2.0
t7,Long-stay consultant,economic,accessibility,distance,lp656d3aa9,Sofia Colombo City Hotel,98,98,0,0.0,0.0,27,-2.3979,0.625,0.531,0.5922,0.594,0.35,23620,4.3,4,2.4
t7,Long-stay consultant,economic,accessibility,distance,lp803e1,Galle Face Hotel,98,98,0,0.0,0.0,26,-3.0445,0.281,0.406,0.8141,0.281,0.4,38531,4.5,5,1.8
t7,Long-stay consultant,economic,accessibility,distance,lpb1537,Shangri-La Colombo,98,98,0,0.0,0.0,25,-3.2189,0.219,0.156,0.9281,0.031,0.4,68781,4.7,5,1.9
t7,Long-stay consultant,economic,accessibility,distance,lp3e58e,The Kingsbury Colombo,98,98,0,0.0,0.0,24,-3.4012,0.062,0.062,0.8766,0.312,0.55,37025,4.2,5,2.2
t7,Long-stay consultant,economic,accessibility,distance,lp30277,Hilton Colombo Residence,98,98,0,0.0,0.0,23,-1.7918,0.812,0.75,0.9062,0.188,0.55,43133,4.4,5,0.9
t7,Long-stay consultant,economic,accessibility,distance,lp67708,Supun Arcade Residency,98,98,0,0.0,0.0,22,-2.9957,0.375,0.344,0.4906,0.719,0.725,20768,3.8,4,5.7
t7,Long-stay consultant,economic,accessibility,distance,lp7c172,Mirage Colombo,98,98,0,0.0,0.0,21,-3.1781,0.25,0.031,0.6328,0.75,0.8,20482,3.8,4,6.3
t7,Long-stay consultant,economic,accessibility,distance,lp33ddb,"Taj Samudra, Colombo",98,98,0,0.0,0.0,20,-3.091,0.344,0.312,0.9016,0.156,0.55,43993,4.5,5,1.7
t7,Long-stay consultant,economic,accessibility,distance,lpa0a8a,NH Collection Colombo,98,98,0,0.0,0.0,19,-2.4849,0.656,0.812,0.9594,0.344,0.325,36981,4.6,5,2.0
t7,Long-stay consultant,economic,accessibility,distance,lp1bc0d,Hilton Colombo Hotel,98,98,0,0.0,0.0,18,-3.2581,0.188,0.094,0.8547,0.125,0.475,47767,4.2,5,1.9
t7,Long-stay consultant,economic,accessibility,distance,lp71118,CityRest Fort,98,98,0,0.0,0.0,17,-3.2958,0.156,0.25,0.1922,0.969,0.45,11502,3.5,3,2.0
t7,Long-stay consultant,economic,accessibility,distance,lp43673,Pegasus Reef - A Beach Resort in Colombo,98,98,0,0.0,0.0,16,-3.4657,0.0,0.0,0.5859,0.781,0.95,20121,4.0,4,8.1
t7,Long-stay consultant,economic,accessibility,distance,lpc0df6,Fern Colombo,98,98,29,0.295918,29.59,2,-0.6931,0.938,0.938,0.1422,0.844,0.75,16245,4.0,3,1.8
t7,Long-stay consultant,economic,accessibility,distance,lp6574b103,"Amari Colombo, Sri Lanka",98,98,0,0.0,0.0,15,-2.8332,0.469,0.719,0.8687,0.219,0.4,42203,4.5,5,2.2
t7,Long-stay consultant,economic,accessibility,distance,lp81760,The Steuart by Citrus,98,98,0,0.0,0.0,14,-3.434,0.031,0.125,0.4266,0.625,0.5,22604,4.2,4,2.2
t7,Long-stay consultant,economic,accessibility,distance,lp67286,Colombo Court Hotel & Spa,98,98,0,0.0,0.0,13,-1.9459,0.781,0.844,0.5938,0.094,0.725,52144,4.5,4,3.3
t7,Long-stay consultant,economic,accessibility,distance,lpc08f9,Morven Hotel Colombo,98,98,0,0.0,0.0,12,-2.8904,0.5,0.5,0.6703,0.688,0.2,21054,4.5,4,2.1
t7,Long-stay consultant,economic,accessibility,distance,lp857b8,Zylan Colombo,98,98,50,0.510204,51.02,1,0.0,0.969,0.969,0.6047,0.438,0.8,34557,4.5,4,2.0
t7,Long-stay consultant,economic,accessibility,distance,lp72a36,Best Western Elyon Colombo,98,98,0,0.0,0.0,11,-1.3863,0.844,0.625,0.5687,0.812,0.875,19568,4.2,4,5.1
t7,Long-stay consultant,economic,accessibility,distance,lp800a1,Nyne Hotels Lake Lodge - Colombo,98,98,0,0.0,0.0,10,-2.0794,0.75,0.656,0.5094,0.25,0.2,39335,4.6,4,1.5
t7,Long-stay consultant,economic,accessibility,distance,lp656d40c7,Sheraton Colombo Hotel,98,98,0,0.0,0.0,9,-2.6391,0.531,0.688,0.7312,0.062,0.4,56627,4.7,5,2.2
t7,Long-stay consultant,economic,accessibility,distance,lp40d3f,Global Towers Hotel & Apartments,98,98,0,0.0,0.0,8,-3.1355,0.312,0.281,0.5375,0.875,0.725,16041,3.5,4,5.6
t7,Long-stay consultant,economic,accessibility,distance,lp5f0e5,Paradise Road Tintagel Colombo,98,98,18,0.183673,18.37,3,-1.0986,0.906,0.906,0.8687,0.0,0.85,96633,4.5,5,1.7
t7,Long-stay consultant,economic,accessibility,distance,lp6e625,Hotel Janaki,98,98,0,0.0,0.0,7,-1.6094,0.875,0.875,0.2188,0.906,0.825,15319,4.0,3,4.2
t7,Long-stay consultant,economic,accessibility,distance,lp76eba,Radisson Hotel Colombo,98,98,0,0.0,0.0,6,-2.9444,0.406,0.375,0.4703,0.562,0.8,27402,4.2,4,5.0
t7,Long-stay consultant,economic,accessibility,distance,lp65589ffb,MaRadha Colombo,98,98,0,0.0,0.0,31,-2.7081,0.562,0.438,0.325,0.406,0.675,35408,4.8,3,3.6
t7,Long-stay consultant,economic,accessibility,distance,lp6f007,Clock Inn Colombo,98,98,0,0.0,0.0,32,-2.3026,0.688,0.562,0.0563,0.938,0.625,13715,3.8,2,3.4
t7,Long-stay consultant,economic,accessibility,price_asc,lp102b02,Marino Beach Colombo,11,11,0,0.0,0.0,32,-2.8332,0.594,0.469,0.9047,0.469,0.625,30177,4.6,5,3.2
t7,Long-stay consultant,economic,accessibility,price_asc,lp6557c6e0,Granbell Hotel Colombo,11,11,0,0.0,0.0,31,-2.7726,0.438,0.594,0.5422,0.5,0.35,28807,4.6,4,2.3
t7,Long-stay consultant,economic,accessibility,price_asc,lp741c5,Cinnamon Red Colombo,11,11,0,0.0,0.0,4,-2.9957,0.719,0.781,0.6266,0.375,0.35,36530,4.5,4,1.9
t7,Long-stay consultant,economic,accessibility,price_asc,lp9855f,Fairway Colombo - Sri Lanka's First Hotel With Robot Technology,11,11,0,0.0,0.0,30,-2.7081,0.094,0.188,0.525,0.531,0.5,28429,4.2,4,2.1
t7,Long-stay consultant,economic,accessibility,price_asc,lp655a9e91,Zest Metropole,11,11,0,0.0,0.0,29,-2.3979,0.125,0.219,0.5375,0.656,0.5,21223,4.3,4,2.0
t7,Long-stay consultant,economic,accessibility,price_asc,lp656d3aa9,Sofia Colombo City Hotel,11,11,0,0.0,0.0,28,-2.5649,0.625,0.531,0.5922,0.594,0.35,23620,4.3,4,2.4
t7,Long-stay consultant,economic,accessibility,price_asc,lp803e1,Galle Face Hotel,11,11,0,0.0,0.0,27,-3.1355,0.281,0.406,0.8141,0.281,0.4,38531,4.5,5,1.8
t7,Long-stay consultant,economic,accessibility,price_asc,lpb1537,Shangri-La Colombo,11,11,0,0.0,0.0,26,-3.434,0.219,0.156,0.9281,0.031,0.4,68781,4.7,5,1.9
t7,Long-stay consultant,economic,accessibility,price_asc,lp3e58e,The Kingsbury Colombo,11,11,0,0.0,0.0,25,-3.091,0.062,0.062,0.8766,0.312,0.55,37025,4.2,5,2.2
t7,Long-stay consultant,economic,accessibility,price_asc,lp30277,Hilton Colombo Residence,11,11,0,0.0,0.0,24,-3.2581,0.812,0.75,0.9062,0.188,0.55,43133,4.4,5,0.9
t7,Long-stay consultant,economic,accessibility,price_asc,lp67708,Supun Arcade Residency,11,11,0,0.0,0.0,23,-2.1972,0.375,0.344,0.4906,0.719,0.725,20768,3.8,4,5.7
t7,Long-stay consultant,economic,accessibility,price_asc,lp7c172,Mirage Colombo,11,11,0,0.0,0.0,22,-2.0794,0.25,0.031,0.6328,0.75,0.8,20482,3.8,4,6.3
t7,Long-stay consultant,economic,accessibility,price_asc,lp33ddb,"Taj Samudra, Colombo",11,11,0,0.0,0.0,21,-3.2958,0.344,0.312,0.9016,0.156,0.55,43993,4.5,5,1.7
t7,Long-stay consultant,economic,accessibility,price_asc,lpa0a8a,NH Collection Colombo,11,11,0,0.0,0.0,20,-3.0445,0.656,0.812,0.9594,0.344,0.325,36981,4.6,5,2.0
t7,Long-stay consultant,economic,accessibility,price_asc,lp1bc0d,Hilton Colombo Hotel,11,11,0,0.0,0.0,19,-3.3322,0.188,0.094,0.8547,0.125,0.475,47767,4.2,5,1.9
t7,Long-stay consultant,economic,accessibility,price_asc,lp71118,CityRest Fort,11,11,5,0.454545,45.45,1,0.0,0.156,0.25,0.1922,0.969,0.45,11502,3.5,3,2.0
t7,Long-stay consultant,economic,accessibility,price_asc,lp43673,Pegasus Reef - A Beach Resort in Colombo,11,11,0,0.0,0.0,17,-1.9459,0.0,0.0,0.5859,0.781,0.95,20121,4.0,4,8.1
t7,Long-stay consultant,economic,accessibility,price_asc,lpc0df6,Fern Colombo,11,11,0,0.0,0.0,16,-1.6094,0.938,0.938,0.1422,0.844,0.75,16245,4.0,3,1.8
t7,Long-stay consultant,economic,accessibility,price_asc,lp6574b103,"Amari Colombo, Sri Lanka",11,11,0,0.0,0.0,15,-3.2189,0.469,0.719,0.8687,0.219,0.4,42203,4.5,5,2.2
t7,Long-stay consultant,economic,accessibility,price_asc,lp81760,The Steuart by Citrus,11,11,0,0.0,0.0,14,-2.4849,0.031,0.125,0.4266,0.625,0.5,22604,4.2,4,2.2
t7,Long-stay consultant,economic,accessibility,price_asc,lp67286,Colombo Court Hotel & Spa,11,11,0,0.0,0.0,13,-3.3673,0.781,0.844,0.5938,0.094,0.725,52144,4.5,4,3.3
t7,Long-stay consultant,economic,accessibility,price_asc,lpc08f9,Morven Hotel Colombo,11,11,0,0.0,0.0,12,-2.3026,0.5,0.5,0.6703,0.688,0.2,21054,4.5,4,2.1
t7,Long-stay consultant,economic,accessibility,price_asc,lp857b8,Zylan Colombo,11,11,0,0.0,0.0,11,-2.8904,0.969,0.969,0.6047,0.438,0.8,34557,4.5,4,2.0
t7,Long-stay consultant,economic,accessibility,price_asc,lp72a36,Best Western Elyon Colombo,11,11,0,0.0,0.0,10,-1.7918,0.844,0.625,0.5687,0.812,0.875,19568,4.2,4,5.1
t7,Long-stay consultant,economic,accessibility,price_asc,lp800a1,Nyne Hotels Lake Lodge - Colombo,11,11,0,0.0,0.0,9,-3.1781,0.75,0.656,0.5094,0.25,0.2,39335,4.6,4,1.5
t7,Long-stay consultant,economic,accessibility,price_asc,lp656d40c7,Sheraton Colombo Hotel,11,11,0,0.0,0.0,8,-3.4012,0.531,0.688,0.7312,0.062,0.4,56627,4.7,5,2.2
t7,Long-stay consultant,economic,accessibility,price_asc,lp40d3f,Global Towers Hotel & Apartments,11,11,0,0.0,0.0,7,-1.3863,0.312,0.281,0.5375,0.875,0.725,16041,3.5,4,5.6
t7,Long-stay consultant,economic,accessibility,price_asc,lp5f0e5,Paradise Road Tintagel Colombo,11,11,0,0.0,0.0,6,-3.4657,0.906,0.906,0.8687,0.0,0.85,96633,4.5,5,1.7
t7,Long-stay consultant,economic,accessibility,price_asc,lp6e625,Hotel Janaki,11,11,2,0.181818,18.18,3,-1.0986,0.875,0.875,0.2188,0.906,0.825,15319,4.0,3,4.2
t7,Long-stay consultant,economic,accessibility,price_asc,lp76eba,Radisson Hotel Colombo,11,11,0,0.0,0.0,5,-2.6391,0.406,0.375,0.4703,0.562,0.8,27402,4.2,4,5.0
t7,Long-stay consultant,economic,accessibility,price_asc,lp65589ffb,MaRadha Colombo,11,11,0,0.0,0.0,18,-2.9444,0.562,0.438,0.325,0.406,0.675,35408,4.8,3,3.6
t7,Long-stay consultant,economic,accessibility,price_asc,lp6f007,Clock Inn Colombo,11,11,4,0.363636,36.36,2,-0.6931,0.688,0.562,0.0563,0.938,0.625,13715,3.8,2,3.4
t7,Long-stay consultant,economic,accessibility,price_desc,lp102b02,Marino Beach Colombo,7,7,0,0.0,0.0,4,-2.7726,0.594,0.469,0.9047,0.469,0.625,30177,4.6,5,3.2
t7,Long-stay consultant,economic,accessibility,price_desc,lp6557c6e0,Granbell Hotel Colombo,7,7,0,0.0,0.0,30,-2.8332,0.438,0.594,0.5422,0.5,0.35,28807,4.6,4,2.3
t7,Long-stay consultant,economic,accessibility,price_desc,lp741c5,Cinnamon Red Colombo,7,7,0,0.0,0.0,29,-2.5649,0.719,0.781,0.6266,0.375,0.35,36530,4.5,4,1.9
t7,Long-stay consultant,economic,accessibility,price_desc,lp9855f,Fairway Colombo - Sri Lanka's First Hotel With Robot Technology,7,7,0,0.0,0.0,28,-2.8904,0.094,0.188,0.525,0.531,0.5,28429,4.2,4,2.1
t7,Long-stay consultant,economic,accessibility,price_desc,lp655a9e91,Zest Metropole,7,7,0,0.0,0.0,27,-3.091,0.125,0.219,0.5375,0.656,0.5,21223,4.3,4,2.0
t7,Long-stay consultant,economic,accessibility,price_desc,lp656d3aa9,Sofia Colombo City Hotel,7,7,0,0.0,0.0,26,-2.9957,0.625,0.531,0.5922,0.594,0.35,23620,4.3,4,2.4
t7,Long-stay consultant,economic,accessibility,price_desc,lp803e1,Galle Face Hotel,7,7,0,0.0,0.0,25,-2.3026,0.281,0.406,0.8141,0.281,0.4,38531,4.5,5,1.8
t7,Long-stay consultant,economic,accessibility,price_desc,lpb1537,Shangri-La Colombo,7,7,2,0.285714,28.57,3,-0.6931,0.219,0.156,0.9281,0.031,0.4,68781,4.7,5,1.9
t7,Long-stay consultant,economic,accessibility,price_desc,lp3e58e,The Kingsbury Colombo,7,7,0,0.0,0.0,24,-2.3979,0.062,0.062,0.8766,0.312,0.55,37025,4.2,5,2.2
t7,Long-stay consultant,economic,accessibility,price_desc,lp30277,Hilton Colombo Residence,7,7,0,0.0,0.0,23,-1.9459,0.812,0.75,0.9062,0.188,0.55,43133,4.4,5,0.9
t7,Long-stay consultant,economic,accessibility,price_desc,lp67708,Supun Arcade Residency,7,7,0,0.0,0.0,22,-3.1781,0.375,0.344,0.4906,0.719,0.725,20768,3.8,4,5.7
t7,Long-stay consultant,economic,accessibility,price_desc,lp7c172,Mirage Colombo,7,7,0,0.0,0.0,21,-3.2189,0.25,0.031,0.6328,0.75,0.8,20482,3.8,4,6.3
t7,Long-stay consultant,economic,accessibility,price_desc,lp33ddb,"Taj Samudra, Colombo",7,7,0,0.0,0.0,20,-1.7918,0.344,0.312,0.9016,0.156,0.55,43993,4.5,5,1.7
t7,Long-stay consultant,economic,accessibility,price_desc,lpa0a8a,NH Collection Colombo,7,7,0,0.0,0.0,19,-2.4849,0.656,0.812,0.9594,0.344,0.325,36981,4.6,5,2.0
t7,Long-stay consultant,economic,accessibility,price_desc,lp1bc0d,Hilton Colombo Hotel,7,7,0,0.0,0.0,18,-1.6094,0.188,0.094,0.8547,0.125,0.475,47767,4.2,5,1.9
t7,Long-stay consultant,economic,accessibility,price_desc,lp71118,CityRest Fort,7,7,0,0.0,0.0,17,-3.4657,0.156,0.25,0.1922,0.969,0.45,11502,3.5,3,2.0
t7,Long-stay consultant,economic,accessibility,price_desc,lp43673,Pegasus Reef - A Beach Resort in Colombo,7,7,0,0.0,0.0,16,-3.2581,0.0,0.0,0.5859,0.781,0.95,20121,4.0,4,8.1
t7,Long-stay consultant,economic,accessibility,price_desc,lpc0df6,Fern Colombo,7,7,0,0.0,0.0,15,-3.3322,0.938,0.938,0.1422,0.844,0.75,16245,4.0,3,1.8
t7,Long-stay consultant,economic,accessibility,price_desc,lp6574b103,"Amari Colombo, Sri Lanka",7,7,0,0.0,0.0,14,-2.0794,0.469,0.719,0.8687,0.219,0.4,42203,4.5,5,2.2
t7,Long-stay consultant,economic,accessibility,price_desc,lp81760,The Steuart by Citrus,7,7,0,0.0,0.0,13,-3.0445,0.031,0.125,0.4266,0.625,0.5,22604,4.2,4,2.2
t7,Long-stay consultant,economic,accessibility,price_desc,lp67286,Colombo Court Hotel & Spa,7,7,0,0.0,0.0,12,-1.3863,0.781,0.844,0.5938,0.094,0.725,52144,4.5,4,3.3
t7,Long-stay consultant,economic,accessibility,price_desc,lpc08f9,Morven Hotel Colombo,7,7,0,0.0,0.0,11,-3.1355,0.5,0.5,0.6703,0.688,0.2,21054,4.5,4,2.1
t7,Long-stay consultant,economic,accessibility,price_desc,lp857b8,Zylan Colombo,7,7,0,0.0,0.0,10,-2.7081,0.969,0.969,0.6047,0.438,0.8,34557,4.5,4,2.0
t7,Long-stay consultant,economic,accessibility,price_desc,lp72a36,Best Western Elyon Colombo,7,7,0,0.0,0.0,9,-3.2958,0.844,0.625,0.5687,0.812,0.875,19568,4.2,4,5.1
t7,Long-stay consultant,economic,accessibility,price_desc,lp800a1,Nyne Hotels Lake Lodge - Colombo,7,7,0,0.0,0.0,8,-2.1972,0.75,0.656,0.5094,0.25,0.2,39335,4.6,4,1.5
t7,Long-stay consultant,economic,accessibility,price_desc,lp656d40c7,Sheraton Colombo Hotel,7,7,3,0.428571,42.86,1,-1.0986,0.531,0.688,0.7312,0.062,0.4,56627,4.7,5,2.2
t7,Long-stay consultant,economic,accessibility,price_desc,lp40d3f,Global Towers Hotel & Apartments,7,7,0,0.0,0.0,7,-3.3673,0.312,0.281,0.5375,0.875,0.725,16041,3.5,4,5.6
t7,Long-stay consultant,economic,accessibility,price_desc,lp5f0e5,Paradise Road Tintagel Colombo,7,7,2,0.285714,28.57,2,0.0,0.906,0.906,0.8687,0.0,0.85,96633,4.5,5,1.7
t7,Long-stay consultant,economic,accessibility,price_desc,lp6e625,Hotel Janaki,7,7,0,0.0,0.0,6,-3.4012,0.875,0.875,0.2188,0.906,0.825,15319,4.0,3,4.2
t7,Long-stay consultant,economic,accessibility,price_desc,lp76eba,Radisson Hotel Colombo,7,7,0,0.0,0.0,5,-2.9444,0.406,0.375,0.4703,0.562,0.8,27402,4.2,4,5.0
t7,Long-stay consultant,economic,accessibility,price_desc,lp65589ffb,MaRadha Colombo,7,7,0,0.0,0.0,31,-2.6391,0.562,0.438,0.325,0.406,0.675,35408,4.8,3,3.6
t7,Long-stay consultant,economic,accessibility,price_desc,lp6f007,Clock Inn Colombo,7,7,0,0.0,0.0,32,-3.434,0.688,0.562,0.0563,0.938,0.625,13715,3.8,2,3.4
t7,Long-stay consultant,economic,accessibility,rating,lp102b02,Marino Beach Colombo,26,26,0,0.0,0.0,4,-1.7918,0.594,0.469,0.9047,0.469,0.625,30177,4.6,5,3.2
t7,Long-stay consultant,economic,accessibility,rating,lp6557c6e0,Granbell Hotel Colombo,26,26,0,0.0,0.0,30,-1.9459,0.438,0.594,0.5422,0.5,0.35,28807,4.6,4,2.3
t7,Long-stay consultant,economic,accessibility,rating,lp741c5,Cinnamon Red Colombo,26,26,0,0.0,0.0,29,-2.3979,0.719,0.781,0.6266,0.375,0.35,36530,4.5,4,1.9
t7,Long-stay consultant,economic,accessibility,rating,lp9855f,Fairway Colombo - Sri Lanka's First Hotel With Robot Technology,26,26,0,0.0,0.0,28,-3.091,0.094,0.188,0.525,0.531,0.5,28429,4.2,4,2.1
t7,Long-stay consultant,economic,accessibility,rating,lp655a9e91,Zest Metropole,26,26,0,0.0,0.0,27,-2.8904,0.125,0.219,0.5375,0.656,0.5,21223,4.3,4,2.0
t7,Long-stay consultant,economic,accessibility,rating,lp656d3aa9,Sofia Colombo City Hotel,26,26,0,0.0,0.0,26,-2.8332,0.625,0.531,0.5922,0.594,0.35,23620,4.3,4,2.4
t7,Long-stay consultant,economic,accessibility,rating,lp803e1,Galle Face Hotel,26,26,0,0.0,0.0,25,-2.6391,0.281,0.406,0.8141,0.281,0.4,38531,4.5,5,1.8
t7,Long-stay consultant,economic,accessibility,rating,lpb1537,Shangri-La Colombo,26,26,7,0.269231,26.92,3,-1.0986,0.219,0.156,0.9281,0.031,0.4,68781,4.7,5,1.9
t7,Long-stay consultant,economic,accessibility,rating,lp3e58e,The Kingsbury Colombo,26,26,0,0.0,0.0,24,-3.1355,0.062,0.062,0.8766,0.312,0.55,37025,4.2,5,2.2
t7,Long-stay consultant,economic,accessibility,rating,lp30277,Hilton Colombo Residence,26,26,0,0.0,0.0,23,-2.7726,0.812,0.75,0.9062,0.188,0.55,43133,4.4,5,0.9
t7,Long-stay consultant,economic,accessibility,rating,lp67708,Supun Arcade Residency,26,26,0,0.0,0.0,22,-3.3673,0.375,0.344,0.4906,0.719,0.725,20768,3.8,4,5.7
t7,Long-stay consultant,economic,accessibility,rating,lp7c172,Mirage Colombo,26,26,0,0.0,0.0,21,-3.4012,0.25,0.031,0.6328,0.75,0.8,20482,3.8,4,6.3
t7,Long-stay consultant,economic,accessibility,rating,lp33ddb,"Taj Samudra, Colombo",26,26,0,0.0,0.0,20,-2.7081,0.344,0.312,0.9016,0.156,0.55,43993,4.5,5,1.7
t7,Long-stay consultant,economic,accessibility,rating,lpa0a8a,NH Collection Colombo,26,26,0,0.0,0.0,19,-1.6094,0.656,0.812,0.9594,0.344,0.325,36981,4.6,5,2.0
t7,Long-stay consultant,economic,accessibility,rating,lp1bc0d,Hilton Colombo Hotel,26,26,0,0.0,0.0,18,-3.0445,0.188,0.094,0.8547,0.125,0.475,47767,4.2,5,1.9
t7,Long-stay consultant,economic,accessibility,rating,lp71118,CityRest Fort,26,26,0,0.0,0.0,17,-3.4657,0.156,0.25,0.1922,0.969,0.45,11502,3.5,3,2.0
t7,Long-stay consultant,economic,accessibility,rating,lp43673,Pegasus Reef - A Beach Resort in Colombo,26,26,0,0.0,0.0,31,-3.2958,0.0,0.0,0.5859,0.781,0.95,20121,4.0,4,8.1
t7,Long-stay consultant,economic,accessibility,rating,lpc0df6,Fern Colombo,26,26,0,0.0,0.0,16,-3.2189,0.938,0.938,0.1422,0.844,0.75,16245,4.0,3,1.8
t7,Long-stay consultant,economic,accessibility,rating,lp6574b103,"Amari Colombo, Sri Lanka",26,26,0,0.0,0.0,15,-2.4849,0.469,0.719,0.8687,0.219,0.4,42203,4.5,5,2.2
t7,Long-stay consultant,economic,accessibility,rating,lp81760,The Steuart by Citrus,26,26,0,0.0,0.0,14,-3.1781,0.031,0.125,0.4266,0.625,0.5,22604,4.2,4,2.2
t7,Long-stay consultant,economic,accessibility,rating,lp67286,Colombo Court Hotel & Spa,26,26,0,0.0,0.0,13,-2.3026,0.781,0.844,0.5938,0.094,0.725,52144,4.5,4,3.3
t7,Long-stay consultant,economic,accessibility,rating,lpc08f9,Morven Hotel Colombo,26,26,0,0.0,0.0,12,-2.5649,0.5,0.5,0.6703,0.688,0.2,21054,4.5,4,2.1
t7,Long-stay consultant,economic,accessibility,rating,lp857b8,Zylan Colombo,26,26,0,0.0,0.0,11,-2.0794,0.969,0.969,0.6047,0.438,0.8,34557,4.5,4,2.0
t7,Long-stay consultant,economic,accessibility,rating,lp72a36,Best Western Elyon Colombo,26,26,0,0.0,0.0,10,-2.9444,0.844,0.625,0.5687,0.812,0.875,19568,4.2,4,5.1
t7,Long-stay consultant,economic,accessibility,rating,lp800a1,Nyne Hotels Lake Lodge - Colombo,26,26,0,0.0,0.0,9,-1.3863,0.75,0.656,0.5094,0.25,0.2,39335,4.6,4,1.5
t7,Long-stay consultant,economic,accessibility,rating,lp656d40c7,Sheraton Colombo Hotel,26,26,7,0.269231,26.92,2,-0.6931,0.531,0.688,0.7312,0.062,0.4,56627,4.7,5,2.2
t7,Long-stay consultant,economic,accessibility,rating,lp40d3f,Global Towers Hotel & Apartments,26,26,0,0.0,0.0,8,-3.434,0.312,0.281,0.5375,0.875,0.725,16041,3.5,4,5.6
t7,Long-stay consultant,economic,accessibility,rating,lp5f0e5,Paradise Road Tintagel Colombo,26,26,0,0.0,0.0,7,-2.1972,0.906,0.906,0.8687,0.0,0.85,96633,4.5,5,1.7
t7,Long-stay consultant,economic,accessibility,rating,lp6e625,Hotel Janaki,26,26,0,0.0,0.0,6,-3.2581,0.875,0.875,0.2188,0.906,0.825,15319,4.0,3,4.2
t7,Long-stay consultant,economic,accessibility,rating,lp76eba,Radisson Hotel Colombo,26,26,0,0.0,0.0,5,-2.9957,0.406,0.375,0.4703,0.562,0.8,27402,4.2,4,5.0
t7,Long-stay consultant,economic,accessibility,rating,lp65589ffb,MaRadha Colombo,26,26,12,0.461538,46.15,1,0.0,0.562,0.438,0.325,0.406,0.675,35408,4.8,3,3.6
t7,Long-stay consultant,economic,accessibility,rating,lp6f007,Clock Inn Colombo,26,26,0,0.0,0.0,32,-3.3322,0.688,0.562,0.0563,0.938,0.625,13715,3.8,2,3.4
t7,Long-stay consultant,economic,accessibility,travel,lp102b02,Marino Beach Colombo,81,81,0,0.0,0.0,4,-2.8332,0.594,0.469,0.9047,0.469,0.625,30177,4.6,5,3.2
t7,Long-stay consultant,economic,accessibility,travel,lp6557c6e0,Granbell Hotel Colombo,81,81,0,0.0,0.0,30,-2.7081,0.438,0.594,0.5422,0.5,0.35,28807,4.6,4,2.3
t7,Long-stay consultant,economic,accessibility,travel,lp741c5,Cinnamon Red Colombo,81,81,0,0.0,0.0,29,-1.9459,0.719,0.781,0.6266,0.375,0.35,36530,4.5,4,1.9
t7,Long-stay consultant,economic,accessibility,travel,lp9855f,Fairway Colombo - Sri Lanka's First Hotel With Robot Technology,81,81,0,0.0,0.0,28,-3.3322,0.094,0.188,0.525,0.531,0.5,28429,4.2,4,2.1
t7,Long-stay consultant,economic,accessibility,travel,lp655a9e91,Zest Metropole,81,81,0,0.0,0.0,27,-3.2189,0.125,0.219,0.5375,0.656,0.5,21223,4.3,4,2.0
t7,Long-stay consultant,economic,accessibility,travel,lp656d3aa9,Sofia Colombo City Hotel,81,81,0,0.0,0.0,26,-2.6391,0.625,0.531,0.5922,0.594,0.35,23620,4.3,4,2.4
t7,Long-stay consultant,economic,accessibility,travel,lp803e1,Galle Face Hotel,81,81,0,0.0,0.0,25,-3.0445,0.281,0.406,0.8141,0.281,0.4,38531,4.5,5,1.8
t7,Long-stay consultant,economic,accessibility,travel,lpb1537,Shangri-La Colombo,81,81,0,0.0,0.0,24,-3.2581,0.219,0.156,0.9281,0.031,0.4,68781,4.7,5,1.9
t7,Long-stay consultant,economic,accessibility,travel,lp3e58e,The Kingsbury Colombo,81,81,0,0.0,0.0,23,-3.3673,0.062,0.062,0.8766,0.312,0.55,37025,4.2,5,2.2
t7,Long-stay consultant,economic,accessibility,travel,lp30277,Hilton Colombo Residence,81,81,0,0.0,0.0,22,-1.6094,0.812,0.75,0.9062,0.188,0.55,43133,4.4,5,0.9
t7,Long-stay consultant,economic,accessibility,travel,lp67708,Supun Arcade Residency,81,81,0,0.0,0.0,21,-2.9957,0.375,0.344,0.4906,0.719,0.725,20768,3.8,4,5.7
t7,Long-stay consultant,economic,accessibility,travel,lp7c172,Mirage Colombo,81,81,0,0.0,0.0,20,-3.434,0.25,0.031,0.6328,0.75,0.8,20482,3.8,4,6.3
t7,Long-stay consultant,economic,accessibility,travel,lp33ddb,"Taj Samudra, Colombo",81,81,0,0.0,0.0,19,-3.091,0.344,0.312,0.9016,0.156,0.55,43993,4.5,5,1.7
t7,Long-stay consultant,economic,accessibility,travel,lpa0a8a,NH Collection Colombo,81,81,0,0.0,0.0,18,-2.0794,0.656,0.812,0.9594,0.344,0.325,36981,4.6,5,2.0
t7,Long-stay consultant,economic,accessibility,travel,lp1bc0d,Hilton Colombo Hotel,81,81,0,0.0,0.0,17,-3.2958,0.188,0.094,0.8547,0.125,0.475,47767,4.2,5,1.9
t7,Long-stay consultant,economic,accessibility,travel,lp71118,CityRest Fort,81,81,0,0.0,0.0,16,-3.1781,0.156,0.25,0.1922,0.969,0.45,11502,3.5,3,2.0
t7,Long-stay consultant,economic,accessibility,travel,lp43673,Pegasus Reef - A Beach Resort in Colombo,81,81,0,0.0,0.0,15,-3.4657,0.0,0.0,0.5859,0.781,0.95,20121,4.0,4,8.1
t7,Long-stay consultant,economic,accessibility,travel,lpc0df6,Fern Colombo,81,81,25,0.308642,30.86,2,-0.6931,0.938,0.938,0.1422,0.844,0.75,16245,4.0,3,1.8
t7,Long-stay consultant,economic,accessibility,travel,lp6574b103,"Amari Colombo, Sri Lanka",81,81,0,0.0,0.0,14,-2.3026,0.469,0.719,0.8687,0.219,0.4,42203,4.5,5,2.2
t7,Long-stay consultant,economic,accessibility,travel,lp81760,The Steuart by Citrus,81,81,0,0.0,0.0,13,-3.4012,0.031,0.125,0.4266,0.625,0.5,22604,4.2,4,2.2
t7,Long-stay consultant,economic,accessibility,travel,lp67286,Colombo Court Hotel & Spa,81,81,0,0.0,0.0,12,-1.7918,0.781,0.844,0.5938,0.094,0.725,52144,4.5,4,3.3
t7,Long-stay consultant,economic,accessibility,travel,lpc08f9,Morven Hotel Colombo,81,81,0,0.0,0.0,11,-2.7726,0.5,0.5,0.6703,0.688,0.2,21054,4.5,4,2.1
t7,Long-stay consultant,economic,accessibility,travel,lp857b8,Zylan Colombo,81,81,40,0.493827,49.38,1,0.0,0.969,0.969,0.6047,0.438,0.8,34557,4.5,4,2.0
t7,Long-stay consultant,economic,accessibility,travel,lp72a36,Best Western Elyon Colombo,81,81,0,0.0,0.0,10,-2.3979,0.844,0.625,0.5687,0.812,0.875,19568,4.2,4,5.1
t7,Long-stay consultant,economic,accessibility,travel,lp800a1,Nyne Hotels Lake Lodge - Colombo,81,81,0,0.0,0.0,9,-2.4849,0.75,0.656,0.5094,0.25,0.2,39335,4.6,4,1.5
t7,Long-stay consultant,economic,accessibility,travel,lp656d40c7,Sheraton Colombo Hotel,81,81,0,0.0,0.0,8,-2.1972,0.531,0.688,0.7312,0.062,0.4,56627,4.7,5,2.2
t7,Long-stay consultant,economic,accessibility,travel,lp40d3f,Global Towers Hotel & Apartments,81,81,0,0.0,0.0,7,-3.1355,0.312,0.281,0.5375,0.875,0.725,16041,3.5,4,5.6
t7,Long-stay consultant,economic,accessibility,travel,lp5f0e5,Paradise Road Tintagel Colombo,81,81,16,0.197531,19.75,3,-1.0986,0.906,0.906,0.8687,0.0,0.85,96633,4.5,5,1.7
t7,Long-stay consultant,economic,accessibility,travel,lp6e625,Hotel Janaki,81,81,0,0.0,0.0,6,-1.3863,0.875,0.875,0.2188,0.906,0.825,15319,4.0,3,4.2
t7,Long-stay consultant,economic,accessibility,travel,lp76eba,Radisson Hotel Colombo,81,81,0,0.0,0.0,5,-2.9444,0.406,0.375,0.4703,0.562,0.8,27402,4.2,4,5.0
t7,Long-stay consultant,economic,accessibility,travel,lp65589ffb,MaRadha Colombo,81,81,0,0.0,0.0,31,-2.8904,0.562,0.438,0.325,0.406,0.675,35408,4.8,3,3.6
t7,Long-stay consultant,economic,accessibility,travel,lp6f007,Clock Inn Colombo,81,81,0,0.0,0.0,32,-2.5649,0.688,0.562,0.0563,0.938,0.625,13715,3.8,2,3.4
t8,Value-seeking couple,facility,economic,distance,lp102b02,Marino Beach Colombo,90,90,1,0.011111,1.11,4,-2.1972,0.719,0.719,0.9047,0.469,0.625,30177,4.6,5,3.2
t8,Value-seeking couple,facility,economic,distance,lp6557c6e0,Granbell Hotel Colombo,90,90,50,0.555556,55.56,1,0.0,0.969,0.75,0.5422,0.5,0.35,28807,4.6,4,2.3
t8,Value-seeking couple,facility,economic,distance,lp741c5,Cinnamon Red Colombo,90,90,0,0.0,0.0,30,-1.9459,0.781,0.844,0.6266,0.375,0.35,36530,4.5,4,1.9
t8,Value-seeking couple,facility,economic,distance,lp9855f,Fairway Colombo - Sri Lanka's First Hotel With Robot Technology,90,90,0,0.0,0.0,29,-3.0445,0.281,0.125,0.525,0.531,0.5,28429,4.2,4,2.1
t8,Value-seeking couple,facility,economic,distance,lp655a9e91,Zest Metropole,90,90,0,0.0,0.0,28,-3.091,0.25,0.156,0.5375,0.656,0.5,21223,4.3,4,2.0
t8,Value-seeking couple,facility,economic,distance,lp656d3aa9,Sofia Colombo City Hotel,90,90,0,0.0,0.0,27,-1.3863,0.812,0.938,0.5922,0.594,0.35,23620,4.3,4,2.4
t8,Value-seeking couple,facility,economic,distance,lp803e1,Galle Face Hotel,90,90,0,0.0,0.0,26,-2.3026,0.688,0.562,0.8141,0.281,0.4,38531,4.5,5,1.8
t8,Value-seeking couple,facility,economic,distance,lpb1537,Shangri-La Colombo,90,90,0,0.0,0.0,25,-2.7726,0.5,0.438,0.9281,0.031,0.4,68781,4.7,5,1.9
t8,Value-seeking couple,facility,economic,distance,lp3e58e,The Kingsbury Colombo,90,90,0,0.0,0.0,24,-2.9957,0.375,0.281,0.8766,0.312,0.55,37025,4.2,5,2.2
t8,Value-seeking couple,facility,economic,distance,lp30277,Hilton Colombo Residence,90,90,0,0.0,0.0,23,-2.3979,0.656,0.406,0.9062,0.188,0.55,43133,4.4,5,0.9
t8,Value-seeking couple,facility,economic,distance,lp67708,Supun Arcade Residency,90,90,0,0.0,0.0,22,-3.3673,0.094,0.469,0.4906,0.719,0.725,20768,3.8,4,5.7
t8,Value-seeking couple,facility,economic,distance,lp7c172,Mirage Colombo,90,90,0,0.0,0.0,21,-3.434,0.031,0.094,0.6328,0.75,0.8,20482,3.8,4,6.3
t8,Value-seeking couple,facility,economic,distance,lp33ddb,"Taj Samudra, Colombo",90,90,0,0.0,0.0,20,-2.4849,0.625,0.531,0.9016,0.156,0.55,43993,4.5,5,1.7
t8,Value-seeking couple,facility,economic,distance,lpa0a8a,NH Collection Colombo,90,90,0,0.0,0.0,19,-1.6094,0.844,0.875,0.9594,0.344,0.325,36981,4.6,5,2.0
t8,Value-seeking couple,facility,economic,distance,lp1bc0d,Hilton Colombo Hotel,90,90,0,0.0,0.0,18,-2.9444,0.406,0.062,0.8547,0.125,0.475,47767,4.2,5,1.9
t8,Value-seeking couple,facility,economic,distance,lp71118,CityRest Fort,90,90,0,0.0,0.0,17,-3.1355,0.312,0.188,0.1922,0.969,0.45,11502,3.5,3,2.0
t8,Value-seeking couple,facility,economic,distance,lp43673,Pegasus Reef - A Beach Resort in Colombo,90,90,0,0.0,0.0,16,-3.4657,0.0,0.0,0.5859,0.781,0.95,20121,4.0,4,8.1
t8,Value-seeking couple,facility,economic,distance,lpc0df6,Fern Colombo,90,90,0,0.0,0.0,15,-2.8904,0.438,0.281,0.1422,0.844,0.75,16245,4.0,3,1.8
t8,Value-seeking couple,facility,economic,distance,lp6574b103,"Amari Colombo, Sri Lanka",90,90,20,0.222222,22.22,2,-0.6931,0.906,0.812,0.8687,0.219,0.4,42203,4.5,5,2.2
t8,Value-seeking couple,facility,economic,distance,lp81760,The Steuart by Citrus,90,90,0,0.0,0.0,14,-3.1781,0.344,0.375,0.4266,0.625,0.5,22604,4.2,4,2.2
t8,Value-seeking couple,facility,economic,distance,lp67286,Colombo Court Hotel & Spa,90,90,0,0.0,0.0,13,-2.5649,0.562,0.781,0.5938,0.094,0.725,52144,4.5,4,3.3
t8,Value-seeking couple,facility,economic,distance,lpc08f9,Morven Hotel Colombo,90,90,0,0.0,0.0,12,-1.7918,0.875,0.656,0.6703,0.688,0.2,21054,4.5,4,2.1
t8,Value-seeking couple,facility,economic,distance,lp857b8,Zylan Colombo,90,90,0,0.0,0.0,11,-3.2189,0.219,0.219,0.6047,0.438,0.8,34557,4.5,4,2.0
t8,Value-seeking couple,facility,economic,distance,lp72a36,Best Western Elyon Colombo,90,90,0,0.0,0.0,10,-3.4012,0.062,0.031,0.5687,0.812,0.875,19568,4.2,4,5.1
t8,Value-seeking couple,facility,economic,distance,lp800a1,Nyne Hotels Lake Lodge - Colombo,90,90,0,0.0,0.0,9,-2.0794,0.75,0.625,0.5094,0.25,0.2,39335,4.6,4,1.5
t8,Value-seeking couple,facility,economic,distance,lp656d40c7,Sheraton Colombo Hotel,90,90,19,0.211111,21.11,3,-1.0986,0.938,0.969,0.7312,0.062,0.4,56627,4.7,5,2.2
t8,Value-seeking couple,facility,economic,distance,lp40d3f,Global Towers Hotel & Apartments,90,90,0,0.0,0.0,8,-3.3322,0.125,0.5,0.5375,0.875,0.725,16041,3.5,4,5.6
t8,Value-seeking couple,facility,economic,distance,lp5f0e5,Paradise Road Tintagel Colombo,90,90,0,0.0,0.0,7,-2.8332,0.469,0.344,0.8687,0.0,0.85,96633,4.5,5,1.7
t8,Value-seeking couple,facility,economic,distance,lp6e625,Hotel Janaki,90,90,0,0.0,0.0,6,-3.2581,0.188,0.25,0.2188,0.906,0.825,15319,4.0,3,4.2
t8,Value-seeking couple,facility,economic,distance,lp76eba,Radisson Hotel Colombo,90,90,0,0.0,0.0,5,-3.2958,0.156,0.594,0.4703,0.562,0.8,27402,4.2,4,5.0
t8,Value-seeking couple,facility,economic,distance,lp65589ffb,MaRadha Colombo,90,90,0,0.0,0.0,31,-2.7081,0.531,0.688,0.325,0.406,0.675,35408,4.8,3,3.6
t8,Value-seeking couple,facility,economic,distance,lp6f007,Clock Inn Colombo,90,90,0,0.0,0.0,32,-2.6391,0.594,0.906,0.0563,0.938,0.625,13715,3.8,2,3.4
t8,Value-seeking couple,facility,economic,price_asc,lp102b02,Marino Beach Colombo,8,8,0,0.0,0.0,32,-2.8332,0.719,0.719,0.9047,0.469,0.625,30177,4.6,5,3.2
t8,Value-seeking couple,facility,economic,price_asc,lp6557c6e0,Granbell Hotel Colombo,8,8,0,0.0,0.0,6,-2.7726,0.969,0.75,0.5422,0.5,0.35,28807,4.6,4,2.3
t8,Value-seeking couple,facility,economic,price_asc,lp741c5,Cinnamon Red Colombo,8,8,0,0.0,0.0,17,-2.9957,0.781,0.844,0.6266,0.375,0.35,36530,4.5,4,1.9
t8,Value-seeking couple,facility,economic,price_asc,lp9855f,Fairway Colombo - Sri Lanka's First Hotel With Robot Technology,8,8,0,0.0,0.0,4,-2.7081,0.281,0.125,0.525,0.531,0.5,28429,4.2,4,2.1
t8,Value-seeking couple,facility,economic,price_asc,lp655a9e91,Zest Metropole,8,8,0,0.0,0.0,30,-2.3979,0.25,0.156,0.5375,0.656,0.5,21223,4.3,4,2.0
t8,Value-seeking couple,facility,economic,price_asc,lp656d3aa9,Sofia Colombo City Hotel,8,8,0,0.0,0.0,29,-2.5649,0.812,0.938,0.5922,0.594,0.35,23620,4.3,4,2.4
t8,Value-seeking couple,facility,economic,price_asc,lp803e1,Galle Face Hotel,8,8,0,0.0,0.0,28,-3.1355,0.688,0.562,0.8141,0.281,0.4,38531,4.5,5,1.8
t8,Value-seeking couple,facility,economic,price_asc,lpb1537,Shangri-La Colombo,8,8,0,0.0,0.0,27,-3.434,0.5,0.438,0.9281,0.031,0.4,68781,4.7,5,1.9
t8,Value-seeking couple,facility,economic,price_asc,lp3e58e,The Kingsbury Colombo,8,8,0,0.0,0.0,26,-3.091,0.375,0.281,0.8766,0.312,0.55,37025,4.2,5,2.2
t8,Value-seeking couple,facility,economic,price_asc,lp30277,Hilton Colombo Residence,8,8,0,0.0,0.0,25,-3.2581,0.656,0.406,0.9062,0.188,0.55,43133,4.4,5,0.9
t8,Value-seeking couple,facility,economic,price_asc,lp67708,Supun Arcade Residency,8,8,0,0.0,0.0,24,-2.1972,0.094,0.469,0.4906,0.719,0.725,20768,3.8,4,5.7
t8,Value-seeking couple,facility,economic,price_asc,lp7c172,Mirage Colombo,8,8,0,0.0,0.0,23,-2.0794,0.031,0.094,0.6328,0.75,0.8,20482,3.8,4,6.3
t8,Value-seeking couple,facility,economic,price_asc,lp33ddb,"Taj Samudra, Colombo",8,8,0,0.0,0.0,22,-3.2958,0.625,0.531,0.9016,0.156,0.55,43993,4.5,5,1.7
t8,Value-seeking couple,facility,economic,price_asc,lpa0a8a,NH Collection Colombo,8,8,0,0.0,0.0,21,-3.0445,0.844,0.875,0.9594,0.344,0.325,36981,4.6,5,2.0
t8,Value-seeking couple,facility,economic,price_asc,lp1bc0d,Hilton Colombo Hotel,8,8,0,0.0,0.0,20,-3.3322,0.406,0.062,0.8547,0.125,0.475,47767,4.2,5,1.9
t8,Value-seeking couple,facility,economic,price_asc,lp71118,CityRest Fort,8,8,6,0.75,75.0,1,0.0,0.312,0.188,0.1922,0.969,0.45,11502,3.5,3,2.0
t8,Value-seeking couple,facility,economic,price_asc,lp43673,Pegasus Reef - A Beach Resort in Colombo,8,8,0,0.0,0.0,31,-1.9459,0.0,0.0,0.5859,0.781,0.95,20121,4.0,4,8.1
t8,Value-seeking couple,facility,economic,price_asc,lpc0df6,Fern Colombo,8,8,0,0.0,0.0,18,-1.6094,0.438,0.281,0.1422,0.844,0.75,16245,4.0,3,1.8
t8,Value-seeking couple,facility,economic,price_asc,lp6574b103,"Amari Colombo, Sri Lanka",8,8,0,0.0,0.0,16,-3.2189,0.906,0.812,0.8687,0.219,0.4,42203,4.5,5,2.2
t8,Value-seeking couple,facility,economic,price_asc,lp81760,The Steuart by Citrus,8,8,0,0.0,0.0,15,-2.4849,0.344,0.375,0.4266,0.625,0.5,22604,4.2,4,2.2
t8,Value-seeking couple,facility,economic,price_asc,lp67286,Colombo Court Hotel & Spa,8,8,0,0.0,0.0,14,-3.3673,0.562,0.781,0.5938,0.094,0.725,52144,4.5,4,3.3
t8,Value-seeking couple,facility,economic,price_asc,lpc08f9,Morven Hotel Colombo,8,8,0,0.0,0.0,13,-2.3026,0.875,0.656,0.6703,0.688,0.2,21054,4.5,4,2.1
t8,Value-seeking couple,facility,economic,price_asc,lp857b8,Zylan Colombo,8,8,0,0.0,0.0,12,-2.8904,0.219,0.219,0.6047,0.438,0.8,34557,4.5,4,2.0
t8,Value-seeking couple,facility,economic,price_asc,lp72a36,Best Western Elyon Colombo,8,8,0,0.0,0.0,11,-1.7918,0.062,0.031,0.5687,0.812,0.875,19568,4.2,4,5.1
t8,Value-seeking couple,facility,economic,price_asc,lp800a1,Nyne Hotels Lake Lodge - Colombo,8,8,0,0.0,0.0,10,-3.1781,0.75,0.625,0.5094,0.25,0.2,39335,4.6,4,1.5
t8,Value-seeking couple,facility,economic,price_asc,lp656d40c7,Sheraton Colombo Hotel,8,8,0,0.0,0.0,9,-3.4012,0.938,0.969,0.7312,0.062,0.4,56627,4.7,5,2.2
t8,Value-seeking couple,facility,economic,price_asc,lp40d3f,Global Towers Hotel & Apartments,8,8,0,0.0,0.0,8,-1.3863,0.125,0.5,0.5375,0.875,0.725,16041,3.5,4,5.6
t8,Value-seeking couple,facility,economic,price_asc,lp5f0e5,Paradise Road Tintagel Colombo,8,8,0,0.0,0.0,7,-3.4657,0.469,0.344,0.8687,0.0,0.85,96633,4.5,5,1.7
t8,Value-seeking couple,facility,economic,price_asc,lp6e625,Hotel Janaki,8,8,1,0.125,12.5,2,-1.0986,0.188,0.25,0.2188,0.906,0.825,15319,4.0,3,4.2
t8,Value-seeking couple,facility,economic,price_asc,lp76eba,Radisson Hotel Colombo,8,8,0,0.0,0.0,5,-2.6391,0.156,0.594,0.4703,0.562,0.8,27402,4.2,4,5.0
t8,Value-seeking couple,facility,economic,price_asc,lp65589ffb,MaRadha Colombo,8,8,0,0.0,0.0,19,-2.9444,0.531,0.688,0.325,0.406,0.675,35408,4.8,3,3.6
t8,Value-seeking couple,facility,economic,price_asc,lp6f007,Clock Inn Colombo,8,8,1,0.125,12.5,3,-0.6931,0.594,0.906,0.0563,0.938,0.625,13715,3.8,2,3.4
t8,Value-seeking couple,facility,economic,price_desc,lp102b02,Marino Beach Colombo,34,34,0,0.0,0.0,4,-2.7726,0.719,0.719,0.9047,0.469,0.625,30177,4.6,5,3.2
t8,Value-seeking couple,facility,economic,price_desc,lp6557c6e0,Granbell Hotel Colombo,34,34,0,0.0,0.0,30,-2.8332,0.969,0.75,0.5422,0.5,0.35,28807,4.6,4,2.3
t8,Value-seeking couple,facility,economic,price_desc,lp741c5,Cinnamon Red Colombo,34,34,0,0.0,0.0,29,-2.5649,0.781,0.844,0.6266,0.375,0.35,36530,4.5,4,1.9
t8,Value-seeking couple,facility,economic,price_desc,lp9855f,Fairway Colombo - Sri Lanka's First Hotel With Robot Technology,34,34,0,0.0,0.0,28,-2.8904,0.281,0.125,0.525,0.531,0.5,28429,4.2,4,2.1
t8,Value-seeking couple,facility,economic,price_desc,lp655a9e91,Zest Metropole,34,34,0,0.0,0.0,27,-3.091,0.25,0.156,0.5375,0.656,0.5,21223,4.3,4,2.0
t8,Value-seeking couple,facility,economic,price_desc,lp656d3aa9,Sofia Colombo City Hotel,34,34,0,0.0,0.0,26,-2.9957,0.812,0.938,0.5922,0.594,0.35,23620,4.3,4,2.4
t8,Value-seeking couple,facility,economic,price_desc,lp803e1,Galle Face Hotel,34,34,0,0.0,0.0,25,-2.3026,0.688,0.562,0.8141,0.281,0.4,38531,4.5,5,1.8
t8,Value-seeking couple,facility,economic,price_desc,lpb1537,Shangri-La Colombo,34,34,15,0.441176,44.12,1,-0.6931,0.5,0.438,0.9281,0.031,0.4,68781,4.7,5,1.9
t8,Value-seeking couple,facility,economic,price_desc,lp3e58e,The Kingsbury Colombo,34,34,0,0.0,0.0,24,-2.3979,0.375,0.281,0.8766,0.312,0.55,37025,4.2,5,2.2
t8,Value-seeking couple,facility,economic,price_desc,lp30277,Hilton Colombo Residence,34,34,0,0.0,0.0,23,-1.9459,0.656,0.406,0.9062,0.188,0.55,43133,4.4,5,0.9
t8,Value-seeking couple,facility,economic,price_desc,lp67708,Supun Arcade Residency,34,34,0,0.0,0.0,22,-3.1781,0.094,0.469,0.4906,0.719,0.725,20768,3.8,4,5.7
t8,Value-seeking couple,facility,economic,price_desc,lp7c172,Mirage Colombo,34,34,0,0.0,0.0,21,-3.2189,0.031,0.094,0.6328,0.75,0.8,20482,3.8,4,6.3
t8,Value-seeking couple,facility,economic,price_desc,lp33ddb,"Taj Samudra, Colombo",34,34,0,0.0,0.0,20,-1.7918,0.625,0.531,0.9016,0.156,0.55,43993,4.5,5,1.7
t8,Value-seeking couple,facility,economic,price_desc,lpa0a8a,NH Collection Colombo,34,34,0,0.0,0.0,19,-2.4849,0.844,0.875,0.9594,0.344,0.325,36981,4.6,5,2.0
t8,Value-seeking couple,facility,economic,price_desc,lp1bc0d,Hilton Colombo Hotel,34,34,0,0.0,0.0,18,-1.6094,0.406,0.062,0.8547,0.125,0.475,47767,4.2,5,1.9
t8,Value-seeking couple,facility,economic,price_desc,lp71118,CityRest Fort,34,34,0,0.0,0.0,17,-3.4657,0.312,0.188,0.1922,0.969,0.45,11502,3.5,3,2.0
t8,Value-seeking couple,facility,economic,price_desc,lp43673,Pegasus Reef - A Beach Resort in Colombo,34,34,0,0.0,0.0,16,-3.2581,0.0,0.0,0.5859,0.781,0.95,20121,4.0,4,8.1
t8,Value-seeking couple,facility,economic,price_desc,lpc0df6,Fern Colombo,34,34,0,0.0,0.0,15,-3.3322,0.438,0.281,0.1422,0.844,0.75,16245,4.0,3,1.8
t8,Value-seeking couple,facility,economic,price_desc,lp6574b103,"Amari Colombo, Sri Lanka",34,34,0,0.0,0.0,14,-2.0794,0.906,0.812,0.8687,0.219,0.4,42203,4.5,5,2.2
t8,Value-seeking couple,facility,economic,price_desc,lp81760,The Steuart by Citrus,34,34,0,0.0,0.0,13,-3.0445,0.344,0.375,0.4266,0.625,0.5,22604,4.2,4,2.2
t8,Value-seeking couple,facility,economic,price_desc,lp67286,Colombo Court Hotel & Spa,34,34,0,0.0,0.0,12,-1.3863,0.562,0.781,0.5938,0.094,0.725,52144,4.5,4,3.3
t8,Value-seeking couple,facility,economic,price_desc,lpc08f9,Morven Hotel Colombo,34,34,0,0.0,0.0,11,-3.1355,0.875,0.656,0.6703,0.688,0.2,21054,4.5,4,2.1
t8,Value-seeking couple,facility,economic,price_desc,lp857b8,Zylan Colombo,34,34,0,0.0,0.0,10,-2.7081,0.219,0.219,0.6047,0.438,0.8,34557,4.5,4,2.0
t8,Value-seeking couple,facility,economic,price_desc,lp72a36,Best Western Elyon Colombo,34,34,0,0.0,0.0,9,-3.2958,0.062,0.031,0.5687,0.812,0.875,19568,4.2,4,5.1
t8,Value-seeking couple,facility,economic,price_desc,lp800a1,Nyne Hotels Lake Lodge - Colombo,34,34,0,0.0,0.0,8,-2.1972,0.75,0.625,0.5094,0.25,0.2,39335,4.6,4,1.5
t8,Value-seeking couple,facility,economic,price_desc,lp656d40c7,Sheraton Colombo Hotel,34,34,5,0.147059,14.71,3,-1.0986,0.938,0.969,0.7312,0.062,0.4,56627,4.7,5,2.2
t8,Value-seeking couple,facility,economic,price_desc,lp40d3f,Global Towers Hotel & Apartments,34,34,0,0.0,0.0,7,-3.3673,0.125,0.5,0.5375,0.875,0.725,16041,3.5,4,5.6
t8,Value-seeking couple,facility,economic,price_desc,lp5f0e5,Paradise Road Tintagel Colombo,34,34,14,0.411765,41.18,2,0.0,0.469,0.344,0.8687,0.0,0.85,96633,4.5,5,1.7
t8,Value-seeking couple,facility,economic,price_desc,lp6e625,Hotel Janaki,34,34,0,0.0,0.0,6,-3.4012,0.188,0.25,0.2188,0.906,0.825,15319,4.0,3,4.2
t8,Value-seeking couple,facility,economic,price_desc,lp76eba,Radisson Hotel Colombo,34,34,0,0.0,0.0,5,-2.9444,0.156,0.594,0.4703,0.562,0.8,27402,4.2,4,5.0
t8,Value-seeking couple,facility,economic,price_desc,lp65589ffb,MaRadha Colombo,34,34,0,0.0,0.0,31,-2.6391,0.531,0.688,0.325,0.406,0.675,35408,4.8,3,3.6
t8,Value-seeking couple,facility,economic,price_desc,lp6f007,Clock Inn Colombo,34,34,0,0.0,0.0,32,-3.434,0.594,0.906,0.0563,0.938,0.625,13715,3.8,2,3.4
t8,Value-seeking couple,facility,economic,rating,lp102b02,Marino Beach Colombo,24,23,0,0.0,0.0,5,-1.9459,0.719,0.719,0.9047,0.469,0.625,30177,4.6,5,3.2
t8,Value-seeking couple,facility,economic,rating,lp6557c6e0,Granbell Hotel Colombo,24,24,1,0.041667,4.17,4,-1.3285,0.969,0.75,0.5422,0.5,0.35,28807,4.6,4,2.3
t8,Value-seeking couple,facility,economic,rating,lp741c5,Cinnamon Red Colombo,24,23,0,0.0,0.0,30,-2.3026,0.781,0.844,0.6266,0.375,0.35,36530,4.5,4,1.9
t8,Value-seeking couple,facility,economic,rating,lp9855f,Fairway Colombo - Sri Lanka's First Hotel With Robot Technology,24,24,0,0.0,0.0,29,-2.9847,0.281,0.125,0.525,0.531,0.5,28429,4.2,4,2.1
t8,Value-seeking couple,facility,economic,rating,lp655a9e91,Zest Metropole,24,24,0,0.0,0.0,28,-2.8277,0.25,0.156,0.5375,0.656,0.5,21223,4.3,4,2.0
t8,Value-seeking couple,facility,economic,rating,lp656d3aa9,Sofia Colombo City Hotel,24,24,0,0.0,0.0,27,-2.7609,0.812,0.938,0.5922,0.594,0.35,23620,4.3,4,2.4
t8,Value-seeking couple,facility,economic,rating,lp803e1,Galle Face Hotel,24,23,0,0.0,0.0,26,-2.3979,0.688,0.562,0.8141,0.281,0.4,38531,4.5,5,1.8
t8,Value-seeking couple,facility,economic,rating,lpb1537,Shangri-La Colombo,24,23,6,0.26087,26.09,2,-1.0986,0.5,0.438,0.9281,0.031,0.4,68781,4.7,5,1.9
t8,Value-seeking couple,facility,economic,rating,lp3e58e,The Kingsbury Colombo,24,23,0,0.0,0.0,25,-2.9957,0.375,0.281,0.8766,0.312,0.55,37025,4.2,5,2.2
t8,Value-seeking couple,facility,economic,rating,lp30277,Hilton Colombo Residence,24,23,0,0.0,0.0,24,-2.7726,0.656,0.406,0.9062,0.188,0.55,43133,4.4,5,0.9
t8,Value-seeking couple,facility,economic,rating,lp67708,Supun Arcade Residency,24,24,0,0.0,0.0,23,-3.3339,0.094,0.469,0.4906,0.719,0.725,20768,3.8,4,5.7
t8,Value-seeking couple,facility,economic,rating,lp7c172,Mirage Colombo,24,24,0,0.0,0.0,22,-3.3694,0.031,0.094,0.6328,0.75,0.8,20482,3.8,4,6.3
t8,Value-seeking couple,facility,economic,rating,lp33ddb,"Taj Samudra, Colombo",24,23,0,0.0,0.0,21,-2.4849,0.625,0.531,0.9016,0.156,0.55,43993,4.5,5,1.7
t8,Value-seeking couple,facility,economic,rating,lpa0a8a,NH Collection Colombo,24,23,0,0.0,0.0,20,-1.6094,0.844,0.875,0.9594,0.344,0.325,36981,4.6,5,2.0
t8,Value-seeking couple,facility,economic,rating,lp1bc0d,Hilton Colombo Hotel,24,23,0,0.0,0.0,19,-2.9444,0.406,0.062,0.8547,0.125,0.475,47767,4.2,5,1.9
t8,Value-seeking couple,facility,economic,rating,lp71118,CityRest Fort,24,24,0,0.0,0.0,18,-3.4037,0.312,0.188,0.1922,0.969,0.45,11502,3.5,3,2.0
t8,Value-seeking couple,facility,economic,rating,lp43673,Pegasus Reef - A Beach Resort in Colombo,24,24,0,0.0,0.0,31,-3.2584,0.0,0.0,0.5859,0.781,0.95,20121,4.0,4,8.1
t8,Value-seeking couple,facility,economic,rating,lpc0df6,Fern Colombo,24,24,0,0.0,0.0,17,-3.1763,0.438,0.281,0.1422,0.844,0.75,16245,4.0,3,1.8
t8,Value-seeking couple,facility,economic,rating,lp6574b103,"Amari Colombo, Sri Lanka",24,23,0,0.0,0.0,6,-2.0794,0.906,0.812,0.8687,0.219,0.4,42203,4.5,5,2.2
t8,Value-seeking couple,facility,economic,rating,lp81760,The Steuart by Citrus,24,24,0,0.0,0.0,7,-3.0369,0.344,0.375,0.4266,0.625,0.5,22604,4.2,4,2.2
t8,Value-seeking couple,facility,economic,rating,lp67286,Colombo Court Hotel & Spa,24,23,0,0.0,0.0,8,-2.5649,0.562,0.781,0.5938,0.094,0.725,52144,4.5,4,3.3
t8,Value-seeking couple,facility,economic,rating,lpc08f9,Morven Hotel Colombo,24,24,0,0.0,0.0,9,-2.1346,0.875,0.656,0.6703,0.688,0.2,21054,4.5,4,2.1
t8,Value-seeking couple,facility,economic,rating,lp857b8,Zylan Colombo,24,23,0,0.0,0.0,10,-2.7081,0.219,0.219,0.6047,0.438,0.8,34557,4.5,4,2.0
t8,Value-seeking couple,facility,economic,rating,lp72a36,Best Western Elyon Colombo,24,24,0,0.0,0.0,16,-3.1323,0.062,0.031,0.5687,0.812,0.875,19568,4.2,4,5.1
t8,Value-seeking couple,facility,economic,rating,lp800a1,Nyne Hotels Lake Lodge - Colombo,24,23,0,0.0,0.0,11,-1.7918,0.75,0.625,0.5094,0.25,0.2,39335,4.6,4,1.5
t8,Value-seeking couple,facility,economic,rating,lp656d40c7,Sheraton Colombo Hotel,24,23,11,0.478261,47.83,1,-0.6931,0.938,0.969,0.7312,0.062,0.4,56627,4.7,5,2.2
t8,Value-seeking couple,facility,economic,rating,lp40d3f,Global Towers Hotel & Apartments,24,24,0,0.0,0.0,12,-3.4369,0.125,0.5,0.5375,0.875,0.725,16041,3.5,4,5.6
t8,Value-seeking couple,facility,economic,rating,lp5f0e5,Paradise Road Tintagel Colombo,24,23,0,0.0,0.0,13,-2.6391,0.469,0.344,0.8687,0.0,0.85,96633,4.5,5,1.7
t8,Value-seeking couple,facility,economic,rating,lp6e625,Hotel Janaki,24,24,0,0.0,0.0,14,-3.2183,0.188,0.25,0.2188,0.906,0.825,15319,4.0,3,4.2
t8,Value-seeking couple,facility,economic,rating,lp76eba,Radisson Hotel Colombo,24,24,0,0.0,0.0,15,-3.0859,0.156,0.594,0.4703,0.562,0.8,27402,4.2,4,5.0
t8,Value-seeking couple,facility,economic,rating,lp65589ffb,MaRadha Colombo,24,23,6,0.26087,26.09,3,0.0,0.531,0.688,0.325,0.406,0.675,35408,4.8,3,3.6
t8,Value-seeking couple,facility,economic,rating,lp6f007,Clock Inn Colombo,24,24,0,0.0,0.0,32,-3.2969,0.594,0.906,0.0563,0.938,0.625,13715,3.8,2,3.4
t8,Value-seeking couple,facility,economic,travel,lp102b02,Marino Beach Colombo,63,63,0,0.0,0.0,4,-2.1972,0.719,0.719,0.9047,0.469,0.625,30177,4.6,5,3.2
t8,Value-seeking couple,facility,economic,travel,lp6557c6e0,Granbell Hotel Colombo,63,63,0,0.0,0.0,30,-1.9459,0.969,0.75,0.5422,0.5,0.35,28807,4.6,4,2.3
t8,Value-seeking couple,facility,economic,travel,lp741c5,Cinnamon Red Colombo,63,63,0,0.0,0.0,29,-1.6094,0.781,0.844,0.6266,0.375,0.35,36530,4.5,4,1.9
t8,Value-seeking couple,facility,economic,travel,lp9855f,Fairway Colombo - Sri Lanka's First Hotel With Robot Technology,63,63,0,0.0,0.0,28,-3.2581,0.281,0.125,0.525,0.531,0.5,28429,4.2,4,2.1
t8,Value-seeking couple,facility,economic,travel,lp655a9e91,Zest Metropole,63,63,0,0.0,0.0,27,-3.2958,0.25,0.156,0.5375,0.656,0.5,21223,4.3,4,2.0
t8,Value-seeking couple,facility,economic,travel,lp656d3aa9,Sofia Colombo City Hotel,63,63,18,0.285714,28.57,2,-0.6931,0.812,0.938,0.5922,0.594,0.35,23620,4.3,4,2.4
t8,Value-seeking couple,facility,economic,travel,lp803e1,Galle Face Hotel,63,63,0,0.0,0.0,26,-2.5649,0.688,0.562,0.8141,0.281,0.4,38531,4.5,5,1.8
t8,Value-seeking couple,facility,economic,travel,lpb1537,Shangri-La Colombo,63,63,0,0.0,0.0,25,-2.9444,0.5,0.438,0.9281,0.031,0.4,68781,4.7,5,1.9
t8,Value-seeking couple,facility,economic,travel,lp3e58e,The Kingsbury Colombo,63,63,0,0.0,0.0,24,-3.091,0.375,0.281,0.8766,0.312,0.55,37025,4.2,5,2.2
t8,Value-seeking couple,facility,economic,travel,lp30277,Hilton Colombo Residence,63,63,0,0.0,0.0,23,-2.8904,0.656,0.406,0.9062,0.188,0.55,43133,4.4,5,0.9
t8,Value-seeking couple,facility,economic,travel,lp67708,Supun Arcade Residency,63,63,0,0.0,0.0,22,-2.8332,0.094,0.469,0.4906,0.719,0.725,20768,3.8,4,5.7
t8,Value-seeking couple,facility,economic,travel,lp7c172,Mirage Colombo,63,63,0,0.0,0.0,21,-3.3673,0.031,0.094,0.6328,0.75,0.8,20482,3.8,4,6.3
t8,Value-seeking couple,facility,economic,travel,lp33ddb,"Taj Samudra, Colombo",63,63,0,0.0,0.0,20,-2.7081,0.625,0.531,0.9016,0.156,0.55,43993,4.5,5,1.7
t8,Value-seeking couple,facility,economic,travel,lpa0a8a,NH Collection Colombo,63,63,0,0.0,0.0,19,-1.3863,0.844,0.875,0.9594,0.344,0.325,36981,4.6,5,2.0
t8,Value-seeking couple,facility,economic,travel,lp1bc0d,Hilton Colombo Hotel,63,63,0,0.0,0.0,18,-3.4012,0.406,0.062,0.8547,0.125,0.475,47767,4.2,5,1.9
t8,Value-seeking couple,facility,economic,travel,lp71118,CityRest Fort,63,63,0,0.0,0.0,17,-3.3322,0.312,0.188,0.1922,0.969,0.45,11502,3.5,3,2.0
t8,Value-seeking couple,facility,economic,travel,lp43673,Pegasus Reef - A Beach Resort in Colombo,63,63,0,0.0,0.0,16,-3.4657,0.0,0.0,0.5859,0.781,0.95,20121,4.0,4,8.1
t8,Value-seeking couple,facility,economic,travel,lpc0df6,Fern Colombo,63,63,0,0.0,0.0,15,-3.0445,0.438,0.281,0.1422,0.844,0.75,16245,4.0,3,1.8
t8,Value-seeking couple,facility,economic,travel,lp6574b103,"Amari Colombo, Sri Lanka",63,63,15,0.238095,23.81,3,-1.0986,0.906,0.812,0.8687,0.219,0.4,42203,4.5,5,2.2
t8,Value-seeking couple,facility,economic,travel,lp81760,The Steuart by Citrus,63,63,0,0.0,0.0,14,-3.1355,0.344,0.375,0.4266,0.625,0.5,22604,4.2,4,2.2
t8,Value-seeking couple,facility,economic,travel,lp67286,Colombo Court Hotel & Spa,63,63,0,0.0,0.0,13,-2.3026,0.562,0.781,0.5938,0.094,0.725,52144,4.5,4,3.3
t8,Value-seeking couple,facility,economic,travel,lpc08f9,Morven Hotel Colombo,63,63,0,0.0,0.0,12,-2.0794,0.875,0.656,0.6703,0.688,0.2,21054,4.5,4,2.1
t8,Value-seeking couple,facility,economic,travel,lp857b8,Zylan Colombo,63,63,0,0.0,0.0,11,-3.1781,0.219,0.219,0.6047,0.438,0.8,34557,4.5,4,2.0
t8,Value-seeking couple,facility,economic,travel,lp72a36,Best Western Elyon Colombo,63,63,0,0.0,0.0,10,-3.434,0.062,0.031,0.5687,0.812,0.875,19568,4.2,4,5.1
t8,Value-seeking couple,facility,economic,travel,lp800a1,Nyne Hotels Lake Lodge - Colombo,63,63,0,0.0,0.0,9,-2.4849,0.75,0.625,0.5094,0.25,0.2,39335,4.6,4,1.5
t8,Value-seeking couple,facility,economic,travel,lp656d40c7,Sheraton Colombo Hotel,63,63,30,0.47619,47.62,1,0.0,0.938,0.969,0.7312,0.062,0.4,56627,4.7,5,2.2
t8,Value-seeking couple,facility,economic,travel,lp40d3f,Global Towers Hotel & Apartments,63,63,0,0.0,0.0,8,-2.7726,0.125,0.5,0.5375,0.875,0.725,16041,3.5,4,5.6
t8,Value-seeking couple,facility,economic,travel,lp5f0e5,Paradise Road Tintagel Colombo,63,63,0,0.0,0.0,7,-2.9957,0.469,0.344,0.8687,0.0,0.85,96633,4.5,5,1.7
t8,Value-seeking couple,facility,economic,travel,lp6e625,Hotel Janaki,63,63,0,0.0,0.0,6,-3.2189,0.188,0.25,0.2188,0.906,0.825,15319,4.0,3,4.2
t8,Value-seeking couple,facility,economic,travel,lp76eba,Radisson Hotel Colombo,63,63,0,0.0,0.0,5,-2.6391,0.156,0.594,0.4703,0.562,0.8,27402,4.2,4,5.0
t8,Value-seeking couple,facility,economic,travel,lp65589ffb,MaRadha Colombo,63,63,0,0.0,0.0,31,-2.3979,0.531,0.688,0.325,0.406,0.675,35408,4.8,3,3.6
t8,Value-seeking couple,facility,economic,travel,lp6f007,Clock Inn Colombo,63,63,0,0.0,0.0,32,-1.7918,0.594,0.906,0.0563,0.938,0.625,13715,3.8,2,3.4
t9,Remote worker,disruption,spatial,distance,lp102b02,Marino Beach Colombo,104,103,0,0.0,0.0,9,-2.3026,0.688,0.812,0.9047,0.469,0.625,30177,4.6,5,3.2
t9,Remote worker,disruption,spatial,distance,lp6557c6e0,Granbell Hotel Colombo,104,103,0,0.0,0.0,30,-2.4849,0.594,0.594,0.5422,0.5,0.35,28807,4.6,4,2.3
t9,Remote worker,disruption,spatial,distance,lp741c5,Cinnamon Red Colombo,104,103,0,0.0,0.0,29,-2.6391,0.562,0.531,0.6266,0.375,0.35,36530,4.5,4,1.9
t9,Remote worker,disruption,spatial,distance,lp9855f,Fairway Colombo - Sri Lanka's First Hotel With Robot Technology,104,103,0,0.0,0.0,28,-3.3322,0.062,0.062,0.525,0.531,0.5,28429,4.2,4,2.1
t9,Remote worker,disruption,spatial,distance,lp655a9e91,Zest Metropole,104,103,0,0.0,0.0,27,-3.3673,0.031,0.094,0.5375,0.656,0.5,21223,4.3,4,2.0
t9,Remote worker,disruption,spatial,distance,lp656d3aa9,Sofia Colombo City Hotel,104,103,0,0.0,0.0,26,-2.3979,0.656,0.719,0.5922,0.594,0.35,23620,4.3,4,2.4
t9,Remote worker,disruption,spatial,distance,lp803e1,Galle Face Hotel,104,103,0,0.0,0.0,25,-3.1355,0.281,0.406,0.8141,0.281,0.4,38531,4.5,5,1.8
t9,Remote worker,disruption,spatial,distance,lpb1537,Shangri-La Colombo,104,103,0,0.0,0.0,24,-3.2189,0.219,0.219,0.9281,0.031,0.4,68781,4.7,5,1.9
t9,Remote worker,disruption,spatial,distance,lp3e58e,The Kingsbury Colombo,104,103,1,0.009709,0.97,4,-3.2958,0.156,0.156,0.8766,0.312,0.55,37025,4.2,5,2.2
t9,Remote worker,disruption,spatial,distance,lp30277,Hilton Colombo Residence,104,103,0,0.0,0.0,23,-3.091,0.312,0.25,0.9062,0.188,0.55,43133,4.4,5,0.9
t9,Remote worker,disruption,spatial,distance,lp67708,Supun Arcade Residency,104,103,34,0.330097,33.01,2,-0.6931,0.938,0.875,0.4906,0.719,0.725,20768,3.8,4,5.7
t9,Remote worker,disruption,spatial,distance,lp7c172,Mirage Colombo,104,103,46,0.446602,44.66,1,0.0,0.969,0.969,0.6328,0.75,0.8,20482,3.8,4,6.3
t9,Remote worker,disruption,spatial,distance,lp33ddb,"Taj Samudra, Colombo",104,103,0,0.0,0.0,22,-3.1781,0.25,0.312,0.9016,0.156,0.55,43993,4.5,5,1.7
t9,Remote worker,disruption,spatial,distance,lpa0a8a,NH Collection Colombo,104,103,0,0.0,0.0,21,-2.7081,0.5,0.562,0.9594,0.344,0.325,36981,4.6,5,2.0
t9,Remote worker,disruption,spatial,distance,lp1bc0d,Hilton Colombo Hotel,104,103,0,0.0,0.0,20,-3.2581,0.188,0.031,0.8547,0.125,0.475,47767,4.2,5,1.9
t9,Remote worker,disruption,spatial,distance,lp71118,CityRest Fort,104,104,0,0.0,0.0,18,-3.3857,0.125,0.125,0.1922,0.969,0.45,11502,3.5,3,2.0
t9,Remote worker,disruption,spatial,distance,lp43673,Pegasus Reef - A Beach Resort in Colombo,104,103,0,0.0,0.0,31,-3.4657,0.0,0.0,0.5859,0.781,0.95,20121,4.0,4,8.1
t9,Remote worker,disruption,spatial,distance,lpc0df6,Fern Colombo,104,104,0,0.0,0.0,17,-2.8781,0.406,0.344,0.1422,0.844,0.75,16245,4.0,3,1.8
t9,Remote worker,disruption,spatial,distance,lp6574b103,"Amari Colombo, Sri Lanka",104,103,0,0.0,0.0,16,-2.7726,0.531,0.5,0.8687,0.219,0.4,42203,4.5,5,2.2
t9,Remote worker,disruption,spatial,distance,lp81760,The Steuart by Citrus,104,103,0,0.0,0.0,5,-3.434,0.094,0.188,0.4266,0.625,0.5,22604,4.2,4,2.2
t9,Remote worker,disruption,spatial,distance,lp67286,Colombo Court Hotel & Spa,104,103,0,0.0,0.0,6,-2.0794,0.719,0.688,0.5938,0.094,0.725,52144,4.5,4,3.3
t9,Remote worker,disruption,spatial,distance,lpc08f9,Morven Hotel Colombo,104,103,0,0.0,0.0,7,-2.8332,0.469,0.469,0.6703,0.688,0.2,21054,4.5,4,2.1
t9,Remote worker,disruption,spatial,distance,lp857b8,Zylan Colombo,104,103,0,0.0,0.0,8,-2.9444,0.438,0.281,0.6047,0.438,0.8,34557,4.5,4,2.0
t9,Remote worker,disruption,spatial,distance,lp72a36,Best Western Elyon Colombo,104,104,0,0.0,0.0,10,-1.6006,0.844,0.75,0.5687,0.812,0.875,19568,4.2,4,5.1
t9,Remote worker,disruption,spatial,distance,lp800a1,Nyne Hotels Lake Lodge - Colombo,104,103,0,0.0,0.0,11,-3.0445,0.344,0.438,0.5094,0.25,0.2,39335,4.6,4,1.5
t9,Remote worker,disruption,spatial,distance,lp656d40c7,Sheraton Colombo Hotel,104,103,0,0.0,0.0,12,-2.5649,0.625,0.625,0.7312,0.062,0.4,56627,4.7,5,2.2
t9,Remote worker,disruption,spatial,distance,lp40d3f,Global Towers Hotel & Apartments,104,104,23,0.221154,22.12,3,-1.088,0.906,0.938,0.5375,0.875,0.725,16041,3.5,4,5.6
t9,Remote worker,disruption,spatial,distance,lp5f0e5,Paradise Road Tintagel Colombo,104,103,0,0.0,0.0,13,-2.9957,0.375,0.375,0.8687,0.0,0.85,96633,4.5,5,1.7
t9,Remote worker,disruption,spatial,distance,lp6e625,Hotel Janaki,104,104,0,0.0,0.0,14,-1.7851,0.812,0.656,0.2188,0.906,0.825,15319,4.0,3,4.2
t9,Remote worker,disruption,spatial,distance,lp76eba,Radisson Hotel Colombo,104,103,0,0.0,0.0,15,-1.3863,0.875,0.906,0.4703,0.562,0.8,27402,4.2,4,5.0
t9,Remote worker,disruption,spatial,distance,lp65589ffb,MaRadha Colombo,104,103,0,0.0,0.0,19,-1.9459,0.781,0.844,0.325,0.406,0.675,35408,4.8,3,3.6
t9,Remote worker,disruption,spatial,distance,lp6f007,Clock Inn Colombo,104,104,0,0.0,0.0,32,-2.1894,0.75,0.781,0.0563,0.938,0.625,13715,3.8,2,3.4
t9,Remote worker,disruption,spatial,price_asc,lp102b02,Marino Beach Colombo,4,4,0,0.0,0.0,32,-2.8332,0.688,0.812,0.9047,0.469,0.625,30177,4.6,5,3.2
t9,Remote worker,disruption,spatial,price_asc,lp6557c6e0,Granbell Hotel Colombo,4,4,0,0.0,0.0,31,-2.7726,0.594,0.594,0.5422,0.5,0.35,28807,4.6,4,2.3
t9,Remote worker,disruption,spatial,price_asc,lp741c5,Cinnamon Red Colombo,4,4,0,0.0,0.0,3,-2.9957,0.562,0.531,0.6266,0.375,0.35,36530,4.5,4,1.9
t9,Remote worker,disruption,spatial,price_asc,lp9855f,Fairway Colombo - Sri Lanka's First Hotel With Robot Technology,4,4,0,0.0,0.0,30,-2.7081,0.062,0.062,0.525,0.531,0.5,28429,4.2,4,2.1
t9,Remote worker,disruption,spatial,price_asc,lp655a9e91,Zest Metropole,4,4,0,0.0,0.0,29,-2.3979,0.031,0.094,0.5375,0.656,0.5,21223,4.3,4,2.0
t9,Remote worker,disruption,spatial,price_asc,lp656d3aa9,Sofia Colombo City Hotel,4,4,0,0.0,0.0,28,-2.5649,0.656,0.719,0.5922,0.594,0.35,23620,4.3,4,2.4
t9,Remote worker,disruption,spatial,price_asc,lp803e1,Galle Face Hotel,4,4,0,0.0,0.0,27,-3.1355,0.281,0.406,0.8141,0.281,0.4,38531,4.5,5,1.8
t9,Remote worker,disruption,spatial,price_asc,lpb1537,Shangri-La Colombo,4,4,0,0.0,0.0,26,-3.434,0.219,0.219,0.9281,0.031,0.4,68781,4.7,5,1.9
t9,Remote worker,disruption,spatial,price_asc,lp3e58e,The Kingsbury Colombo,4,4,0,0.0,0.0,25,-3.091,0.156,0.156,0.8766,0.312,0.55,37025,4.2,5,2.2
t9,Remote worker,disruption,spatial,price_asc,lp30277,Hilton Colombo Residence,4,4,0,0.0,0.0,24,-3.2581,0.312,0.25,0.9062,0.188,0.55,43133,4.4,5,0.9
t9,Remote worker,disruption,spatial,price_asc,lp67708,Supun Arcade Residency,4,4,0,0.0,0.0,23,-2.1972,0.938,0.875,0.4906,0.719,0.725,20768,3.8,4,5.7
t9,Remote worker,disruption,spatial,price_asc,lp7c172,Mirage Colombo,4,4,0,0.0,0.0,22,-2.0794,0.969,0.969,0.6328,0.75,0.8,20482,3.8,4,6.3
t9,Remote worker,disruption,spatial,price_asc,lp33ddb,"Taj Samudra, Colombo",4,4,0,0.0,0.0,21,-3.2958,0.25,0.312,0.9016,0.156,0.55,43993,4.5,5,1.7
t9,Remote worker,disruption,spatial,price_asc,lpa0a8a,NH Collection Colombo,4,4,0,0.0,0.0,20,-3.0445,0.5,0.562,0.9594,0.344,0.325,36981,4.6,5,2.0
t9,Remote worker,disruption,spatial,price_asc,lp1bc0d,Hilton Colombo Hotel,4,4,0,0.0,0.0,19,-3.3322,0.188,0.031,0.8547,0.125,0.475,47767,4.2,5,1.9
t9,Remote worker,disruption,spatial,price_asc,lp71118,CityRest Fort,4,4,3,0.75,75.0,1,0.0,0.125,0.125,0.1922,0.969,0.45,11502,3.5,3,2.0
t9,Remote worker,disruption,spatial,price_asc,lp43673,Pegasus Reef - A Beach Resort in Colombo,4,4,0,0.0,0.0,17,-1.9459,0.0,0.0,0.5859,0.781,0.95,20121,4.0,4,8.1
t9,Remote worker,disruption,spatial,price_asc,lpc0df6,Fern Colombo,4,4,0,0.0,0.0,16,-1.6094,0.406,0.344,0.1422,0.844,0.75,16245,4.0,3,1.8
t9,Remote worker,disruption,spatial,price_asc,lp6574b103,"Amari Colombo, Sri Lanka",4,4,0,0.0,0.0,15,-3.2189,0.531,0.5,0.8687,0.219,0.4,42203,4.5,5,2.2
t9,Remote worker,disruption,spatial,price_asc,lp81760,The Steuart by Citrus,4,4,0,0.0,0.0,14,-2.4849,0.094,0.188,0.4266,0.625,0.5,22604,4.2,4,2.2
t9,Remote worker,disruption,spatial,price_asc,lp67286,Colombo Court Hotel & Spa,4,4,0,0.0,0.0,13,-3.3673,0.719,0.688,0.5938,0.094,0.725,52144,4.5,4,3.3
t9,Remote worker,disruption,spatial,price_asc,lpc08f9,Morven Hotel Colombo,4,4,0,0.0,0.0,12,-2.3026,0.469,0.469,0.6703,0.688,0.2,21054,4.5,4,2.1
t9,Remote worker,disruption,spatial,price_asc,lp857b8,Zylan Colombo,4,4,0,0.0,0.0,11,-2.8904,0.438,0.281,0.6047,0.438,0.8,34557,4.5,4,2.0
t9,Remote worker,disruption,spatial,price_asc,lp72a36,Best Western Elyon Colombo,4,4,0,0.0,0.0,10,-1.7918,0.844,0.75,0.5687,0.812,0.875,19568,4.2,4,5.1
t9,Remote worker,disruption,spatial,price_asc,lp800a1,Nyne Hotels Lake Lodge - Colombo,4,4,0,0.0,0.0,9,-3.1781,0.344,0.438,0.5094,0.25,0.2,39335,4.6,4,1.5
t9,Remote worker,disruption,spatial,price_asc,lp656d40c7,Sheraton Colombo Hotel,4,4,0,0.0,0.0,8,-3.4012,0.625,0.625,0.7312,0.062,0.4,56627,4.7,5,2.2
t9,Remote worker,disruption,spatial,price_asc,lp40d3f,Global Towers Hotel & Apartments,4,4,0,0.0,0.0,7,-1.3863,0.906,0.938,0.5375,0.875,0.725,16041,3.5,4,5.6
t9,Remote worker,disruption,spatial,price_asc,lp5f0e5,Paradise Road Tintagel Colombo,4,4,0,0.0,0.0,6,-3.4657,0.375,0.375,0.8687,0.0,0.85,96633,4.5,5,1.7
t9,Remote worker,disruption,spatial,price_asc,lp6e625,Hotel Janaki,4,4,0,0.0,0.0,5,-1.0986,0.812,0.656,0.2188,0.906,0.825,15319,4.0,3,4.2
t9,Remote worker,disruption,spatial,price_asc,lp76eba,Radisson Hotel Colombo,4,4,0,0.0,0.0,4,-2.6391,0.875,0.906,0.4703,0.562,0.8,27402,4.2,4,5.0
t9,Remote worker,disruption,spatial,price_asc,lp65589ffb,MaRadha Colombo,4,4,0,0.0,0.0,18,-2.9444,0.781,0.844,0.325,0.406,0.675,35408,4.8,3,3.6
t9,Remote worker,disruption,spatial,price_asc,lp6f007,Clock Inn Colombo,4,4,1,0.25,25.0,2,-0.6931,0.75,0.781,0.0563,0.938,0.625,13715,3.8,2,3.4
t9,Remote worker,disruption,spatial,price_desc,lp102b02,Marino Beach Colombo,7,7,0,0.0,0.0,4,-2.7726,0.688,0.812,0.9047,0.469,0.625,30177,4.6,5,3.2
t9,Remote worker,disruption,spatial,price_desc,lp6557c6e0,Granbell Hotel Colombo,7,7,0,0.0,0.0,30,-2.8332,0.594,0.594,0.5422,0.5,0.35,28807,4.6,4,2.3
t9,Remote worker,disruption,spatial,price_desc,lp741c5,Cinnamon Red Colombo,7,7,0,0.0,0.0,29,-2.5649,0.562,0.531,0.6266,0.375,0.35,36530,4.5,4,1.9
t9,Remote worker,disruption,spatial,price_desc,lp9855f,Fairway Colombo - Sri Lanka's First Hotel With Robot Technology,7,7,0,0.0,0.0,28,-2.8904,0.062,0.062,0.525,0.531,0.5,28429,4.2,4,2.1
t9,Remote worker,disruption,spatial,price_desc,lp655a9e91,Zest Metropole,7,7,0,0.0,0.0,27,-3.091,0.031,0.094,0.5375,0.656,0.5,21223,4.3,4,2.0
t9,Remote worker,disruption,spatial,price_desc,lp656d3aa9,Sofia Colombo City Hotel,7,7,0,0.0,0.0,26,-2.9957,0.656,0.719,0.5922,0.594,0.35,23620,4.3,4,2.4
t9,Remote worker,disruption,spatial,price_desc,lp803e1,Galle Face Hotel,7,7,0,0.0,0.0,25,-2.3026,0.281,0.406,0.8141,0.281,0.4,38531,4.5,5,1.8
t9,Remote worker,disruption,spatial,price_desc,lpb1537,Shangri-La Colombo,7,7,2,0.285714,28.57,3,-0.6931,0.219,0.219,0.9281,0.031,0.4,68781,4.7,5,1.9
t9,Remote worker,disruption,spatial,price_desc,lp3e58e,The Kingsbury Colombo,7,7,0,0.0,0.0,24,-2.3979,0.156,0.156,0.8766,0.312,0.55,37025,4.2,5,2.2
t9,Remote worker,disruption,spatial,price_desc,lp30277,Hilton Colombo Residence,7,7,0,0.0,0.0,23,-1.9459,0.312,0.25,0.9062,0.188,0.55,43133,4.4,5,0.9
t9,Remote worker,disruption,spatial,price_desc,lp67708,Supun Arcade Residency,7,7,0,0.0,0.0,22,-3.1781,0.938,0.875,0.4906,0.719,0.725,20768,3.8,4,5.7
t9,Remote worker,disruption,spatial,price_desc,lp7c172,Mirage Colombo,7,7,0,0.0,0.0,21,-3.2189,0.969,0.969,0.6328,0.75,0.8,20482,3.8,4,6.3
t9,Remote worker,disruption,spatial,price_desc,lp33ddb,"Taj Samudra, Colombo",7,7,0,0.0,0.0,20,-1.7918,0.25,0.312,0.9016,0.156,0.55,43993,4.5,5,1.7
t9,Remote worker,disruption,spatial,price_desc,lpa0a8a,NH Collection Colombo,7,7,0,0.0,0.0,19,-2.4849,0.5,0.562,0.9594,0.344,0.325,36981,4.6,5,2.0
t9,Remote worker,disruption,spatial,price_desc,lp1bc0d,Hilton Colombo Hotel,7,7,0,0.0,0.0,18,-1.6094,0.188,0.031,0.8547,0.125,0.475,47767,4.2,5,1.9
t9,Remote worker,disruption,spatial,price_desc,lp71118,CityRest Fort,7,7,0,0.0,0.0,17,-3.4657,0.125,0.125,0.1922,0.969,0.45,11502,3.5,3,2.0
t9,Remote worker,disruption,spatial,price_desc,lp43673,Pegasus Reef - A Beach Resort in Colombo,7,7,0,0.0,0.0,16,-3.2581,0.0,0.0,0.5859,0.781,0.95,20121,4.0,4,8.1
t9,Remote worker,disruption,spatial,price_desc,lpc0df6,Fern Colombo,7,7,0,0.0,0.0,15,-3.3322,0.406,0.344,0.1422,0.844,0.75,16245,4.0,3,1.8
t9,Remote worker,disruption,spatial,price_desc,lp6574b103,"Amari Colombo, Sri Lanka",7,7,0,0.0,0.0,14,-2.0794,0.531,0.5,0.8687,0.219,0.4,42203,4.5,5,2.2
t9,Remote worker,disruption,spatial,price_desc,lp81760,The Steuart by Citrus,7,7,0,0.0,0.0,13,-3.0445,0.094,0.188,0.4266,0.625,0.5,22604,4.2,4,2.2
t9,Remote worker,disruption,spatial,price_desc,lp67286,Colombo Court Hotel & Spa,7,7,0,0.0,0.0,12,-1.3863,0.719,0.688,0.5938,0.094,0.725,52144,4.5,4,3.3
t9,Remote worker,disruption,spatial,price_desc,lpc08f9,Morven Hotel Colombo,7,7,0,0.0,0.0,11,-3.1355,0.469,0.469,0.6703,0.688,0.2,21054,4.5,4,2.1
t9,Remote worker,disruption,spatial,price_desc,lp857b8,Zylan Colombo,7,7,0,0.0,0.0,10,-2.7081,0.438,0.281,0.6047,0.438,0.8,34557,4.5,4,2.0
t9,Remote worker,disruption,spatial,price_desc,lp72a36,Best Western Elyon Colombo,7,7,0,0.0,0.0,9,-3.2958,0.844,0.75,0.5687,0.812,0.875,19568,4.2,4,5.1
t9,Remote worker,disruption,spatial,price_desc,lp800a1,Nyne Hotels Lake Lodge - Colombo,7,7,0,0.0,0.0,8,-2.1972,0.344,0.438,0.5094,0.25,0.2,39335,4.6,4,1.5
t9,Remote worker,disruption,spatial,price_desc,lp656d40c7,Sheraton Colombo Hotel,7,7,3,0.428571,42.86,1,-1.0986,0.625,0.625,0.7312,0.062,0.4,56627,4.7,5,2.2
t9,Remote worker,disruption,spatial,price_desc,lp40d3f,Global Towers Hotel & Apartments,7,7,0,0.0,0.0,7,-3.3673,0.906,0.938,0.5375,0.875,0.725,16041,3.5,4,5.6
t9,Remote worker,disruption,spatial,price_desc,lp5f0e5,Paradise Road Tintagel Colombo,7,7,2,0.285714,28.57,2,0.0,0.375,0.375,0.8687,0.0,0.85,96633,4.5,5,1.7
t9,Remote worker,disruption,spatial,price_desc,lp6e625,Hotel Janaki,7,7,0,0.0,0.0,6,-3.4012,0.812,0.656,0.2188,0.906,0.825,15319,4.0,3,4.2
t9,Remote worker,disruption,spatial,price_desc,lp76eba,Radisson Hotel Colombo,7,7,0,0.0,0.0,5,-2.9444,0.875,0.906,0.4703,0.562,0.8,27402,4.2,4,5.0
t9,Remote worker,disruption,spatial,price_desc,lp65589ffb,MaRadha Colombo,7,7,0,0.0,0.0,31,-2.6391,0.781,0.844,0.325,0.406,0.675,35408,4.8,3,3.6
t9,Remote worker,disruption,spatial,price_desc,lp6f007,Clock Inn Colombo,7,7,0,0.0,0.0,32,-3.434,0.75,0.781,0.0563,0.938,0.625,13715,3.8,2,3.4
t9,Remote worker,disruption,spatial,rating,lp102b02,Marino Beach Colombo,27,27,0,0.0,0.0,4,-1.3863,0.688,0.812,0.9047,0.469,0.625,30177,4.6,5,3.2
t9,Remote worker,disruption,spatial,rating,lp6557c6e0,Granbell Hotel Colombo,27,27,0,0.0,0.0,30,-1.6094,0.594,0.594,0.5422,0.5,0.35,28807,4.6,4,2.3
t9,Remote worker,disruption,spatial,rating,lp741c5,Cinnamon Red Colombo,27,27,0,0.0,0.0,29,-2.1972,0.562,0.531,0.6266,0.375,0.35,36530,4.5,4,1.9
t9,Remote worker,disruption,spatial,rating,lp9855f,Fairway Colombo - Sri Lanka's First Hotel With Robot Technology,27,27,0,0.0,0.0,28,-3.1355,0.062,0.062,0.525,0.531,0.5,28429,4.2,4,2.1
t9,Remote worker,disruption,spatial,rating,lp655a9e91,Zest Metropole,27,27,0,0.0,0.0,27,-2.8904,0.031,0.094,0.5375,0.656,0.5,21223,4.3,4,2.0
t9,Remote worker,disruption,spatial,rating,lp656d3aa9,Sofia Colombo City Hotel,27,27,0,0.0,0.0,26,-2.8332,0.656,0.719,0.5922,0.594,0.35,23620,4.3,4,2.4
t9,Remote worker,disruption,spatial,rating,lp803e1,Galle Face Hotel,27,27,0,0.0,0.0,25,-2.6391,0.281,0.406,0.8141,0.281,0.4,38531,4.5,5,1.8
t9,Remote worker,disruption,spatial,rating,lpb1537,Shangri-La Colombo,27,27,4,0.148148,14.81,3,-1.0986,0.219,0.219,0.9281,0.031,0.4,68781,4.7,5,1.9
t9,Remote worker,disruption,spatial,rating,lp3e58e,The Kingsbury Colombo,27,27,0,0.0,0.0,24,-3.091,0.156,0.156,0.8766,0.312,0.55,37025,4.2,5,2.2
t9,Remote worker,disruption,spatial,rating,lp30277,Hilton Colombo Residence,27,27,0,0.0,0.0,23,-2.7726,0.312,0.25,0.9062,0.188,0.55,43133,4.4,5,0.9
t9,Remote worker,disruption,spatial,rating,lp67708,Supun Arcade Residency,27,27,0,0.0,0.0,22,-3.3673,0.938,0.875,0.4906,0.719,0.725,20768,3.8,4,5.7
t9,Remote worker,disruption,spatial,rating,lp7c172,Mirage Colombo,27,27,0,0.0,0.0,21,-3.3322,0.969,0.969,0.6328,0.75,0.8,20482,3.8,4,6.3
t9,Remote worker,disruption,spatial,rating,lp33ddb,"Taj Samudra, Colombo",27,27,0,0.0,0.0,20,-2.7081,0.25,0.312,0.9016,0.156,0.55,43993,4.5,5,1.7
t9,Remote worker,disruption,spatial,rating,lpa0a8a,NH Collection Colombo,27,27,0,0.0,0.0,19,-1.7918,0.5,0.562,0.9594,0.344,0.325,36981,4.6,5,2.0
t9,Remote worker,disruption,spatial,rating,lp1bc0d,Hilton Colombo Hotel,27,27,0,0.0,0.0,18,-3.0445,0.188,0.031,0.8547,0.125,0.475,47767,4.2,5,1.9
t9,Remote worker,disruption,spatial,rating,lp71118,CityRest Fort,27,27,0,0.0,0.0,17,-3.4657,0.125,0.125,0.1922,0.969,0.45,11502,3.5,3,2.0
t9,Remote worker,disruption,spatial,rating,lp43673,Pegasus Reef - A Beach Resort in Colombo,27,27,0,0.0,0.0,31,-3.2958,0.0,0.0,0.5859,0.781,0.95,20121,4.0,4,8.1
t9,Remote worker,disruption,spatial,rating,lpc0df6,Fern Colombo,27,27,0,0.0,0.0,16,-3.2581,0.406,0.344,0.1422,0.844,0.75,16245,4.0,3,1.8
t9,Remote worker,disruption,spatial,rating,lp6574b103,"Amari Colombo, Sri Lanka",27,27,0,0.0,0.0,15,-2.3026,0.531,0.5,0.8687,0.219,0.4,42203,4.5,5,2.2
t9,Remote worker,disruption,spatial,rating,lp81760,The Steuart by Citrus,27,27,0,0.0,0.0,14,-3.1781,0.094,0.188,0.4266,0.625,0.5,22604,4.2,4,2.2
t9,Remote worker,disruption,spatial,rating,lp67286,Colombo Court Hotel & Spa,27,27,0,0.0,0.0,13,-2.0794,0.719,0.688,0.5938,0.094,0.725,52144,4.5,4,3.3
t9,Remote worker,disruption,spatial,rating,lpc08f9,Morven Hotel Colombo,27,27,0,0.0,0.0,12,-2.3979,0.469,0.469,0.6703,0.688,0.2,21054,4.5,4,2.1
t9,Remote worker,disruption,spatial,rating,lp857b8,Zylan Colombo,27,27,0,0.0,0.0,11,-2.4849,0.438,0.281,0.6047,0.438,0.8,34557,4.5,4,2.0
t9,Remote worker,disruption,spatial,rating,lp72a36,Best Western Elyon Colombo,27,27,0,0.0,0.0,10,-2.9957,0.844,0.75,0.5687,0.812,0.875,19568,4.2,4,5.1
t9,Remote worker,disruption,spatial,rating,lp800a1,Nyne Hotels Lake Lodge - Colombo,27,27,0,0.0,0.0,9,-1.9459,0.344,0.438,0.5094,0.25,0.2,39335,4.6,4,1.5
t9,Remote worker,disruption,spatial,rating,lp656d40c7,Sheraton Colombo Hotel,27,27,9,0.333333,33.33,2,-0.6931,0.625,0.625,0.7312,0.062,0.4,56627,4.7,5,2.2
t9,Remote worker,disruption,spatial,rating,lp40d3f,Global Towers Hotel & Apartments,27,27,0,0.0,0.0,8,-3.434,0.906,0.938,0.5375,0.875,0.725,16041,3.5,4,5.6
t9,Remote worker,disruption,spatial,rating,lp5f0e5,Paradise Road Tintagel Colombo,27,27,0,0.0,0.0,7,-2.5649,0.375,0.375,0.8687,0.0,0.85,96633,4.5,5,1.7
t9,Remote worker,disruption,spatial,rating,lp6e625,Hotel Janaki,27,27,0,0.0,0.0,6,-3.2189,0.812,0.656,0.2188,0.906,0.825,15319,4.0,3,4.2
t9,Remote worker,disruption,spatial,rating,lp76eba,Radisson Hotel Colombo,27,27,0,0.0,0.0,5,-2.9444,0.875,0.906,0.4703,0.562,0.8,27402,4.2,4,5.0
t9,Remote worker,disruption,spatial,rating,lp65589ffb,MaRadha Colombo,27,27,14,0.518519,51.85,1,0.0,0.781,0.844,0.325,0.406,0.675,35408,4.8,3,3.6
t9,Remote worker,disruption,spatial,rating,lp6f007,Clock Inn Colombo,27,27,0,0.0,0.0,32,-3.4012,0.75,0.781,0.0563,0.938,0.625,13715,3.8,2,3.4
t9,Remote worker,disruption,spatial,travel,lp102b02,Marino Beach Colombo,63,63,0,0.0,0.0,4,-1.7918,0.688,0.812,0.9047,0.469,0.625,30177,4.6,5,3.2
t9,Remote worker,disruption,spatial,travel,lp6557c6e0,Granbell Hotel Colombo,63,63,0,0.0,0.0,30,-2.5649,0.594,0.594,0.5422,0.5,0.35,28807,4.6,4,2.3
t9,Remote worker,disruption,spatial,travel,lp741c5,Cinnamon Red Colombo,63,63,0,0.0,0.0,29,-2.6391,0.562,0.531,0.6266,0.375,0.35,36530,4.5,4,1.9
t9,Remote worker,disruption,spatial,travel,lp9855f,Fairway Colombo - Sri Lanka's First Hotel With Robot Technology,63,63,0,0.0,0.0,28,-3.434,0.062,0.062,0.525,0.531,0.5,28429,4.2,4,2.1
t9,Remote worker,disruption,spatial,travel,lp655a9e91,Zest Metropole,63,63,0,0.0,0.0,27,-3.3322,0.031,0.094,0.5375,0.656,0.5,21223,4.3,4,2.0
t9,Remote worker,disruption,spatial,travel,lp656d3aa9,Sofia Colombo City Hotel,63,63,0,0.0,0.0,26,-2.3026,0.656,0.719,0.5922,0.594,0.35,23620,4.3,4,2.4
t9,Remote worker,disruption,spatial,travel,lp803e1,Galle Face Hotel,63,63,0,0.0,0.0,25,-3.0445,0.281,0.406,0.8141,0.281,0.4,38531,4.5,5,1.8
t9,Remote worker,disruption,spatial,travel,lpb1537,Shangri-La Colombo,63,63,0,0.0,0.0,24,-3.2189,0.219,0.219,0.9281,0.031,0.4,68781,4.7,5,1.9
t9,Remote worker,disruption,spatial,travel,lp3e58e,The Kingsbury Colombo,63,63,0,0.0,0.0,23,-3.2581,0.156,0.156,0.8766,0.312,0.55,37025,4.2,5,2.2
t9,Remote worker,disruption,spatial,travel,lp30277,Hilton Colombo Residence,63,63,0,0.0,0.0,22,-3.1781,0.312,0.25,0.9062,0.188,0.55,43133,4.4,5,0.9
t9,Remote worker,disruption,spatial,travel,lp67708,Supun Arcade Residency,63,63,0,0.0,0.0,21,-1.3863,0.938,0.875,0.4906,0.719,0.725,20768,3.8,4,5.7
t9,Remote worker,disruption,spatial,travel,lp7c172,Mirage Colombo,63,63,24,0.380952,38.1,2,0.0,0.969,0.969,0.6328,0.75,0.8,20482,3.8,4,6.3
t9,Remote worker,disruption,spatial,travel,lp33ddb,"Taj Samudra, Colombo",63,63,0,0.0,0.0,20,-3.091,0.25,0.312,0.9016,0.156,0.55,43993,4.5,5,1.7
t9,Remote worker,disruption,spatial,travel,lpa0a8a,NH Collection Colombo,63,63,0,0.0,0.0,19,-2.7081,0.5,0.562,0.9594,0.344,0.325,36981,4.6,5,2.0
t9,Remote worker,disruption,spatial,travel,lp1bc0d,Hilton Colombo Hotel,63,63,0,0.0,0.0,18,-3.4012,0.188,0.031,0.8547,0.125,0.475,47767,4.2,5,1.9
t9,Remote worker,disruption,spatial,travel,lp71118,CityRest Fort,63,63,0,0.0,0.0,17,-3.3673,0.125,0.125,0.1922,0.969,0.45,11502,3.5,3,2.0
t9,Remote worker,disruption,spatial,travel,lp43673,Pegasus Reef - A Beach Resort in Colombo,63,63,0,0.0,0.0,16,-3.4657,0.0,0.0,0.5859,0.781,0.95,20121,4.0,4,8.1
t9,Remote worker,disruption,spatial,travel,lpc0df6,Fern Colombo,63,63,0,0.0,0.0,15,-2.9444,0.406,0.344,0.1422,0.844,0.75,16245,4.0,3,1.8
t9,Remote worker,disruption,spatial,travel,lp6574b103,"Amari Colombo, Sri Lanka",63,63,0,0.0,0.0,14,-2.7726,0.531,0.5,0.8687,0.219,0.4,42203,4.5,5,2.2
t9,Remote worker,disruption,spatial,travel,lp81760,The Steuart by Citrus,63,63,0,0.0,0.0,13,-3.2958,0.094,0.188,0.4266,0.625,0.5,22604,4.2,4,2.2
t9,Remote worker,disruption,spatial,travel,lp67286,Colombo Court Hotel & Spa,63,63,0,0.0,0.0,12,-2.1972,0.719,0.688,0.5938,0.094,0.725,52144,4.5,4,3.3
t9,Remote worker,disruption,spatial,travel,lpc08f9,Morven Hotel Colombo,63,63,0,0.0,0.0,11,-2.8332,0.469,0.469,0.6703,0.688,0.2,21054,4.5,4,2.1
t9,Remote worker,disruption,spatial,travel,lp857b8,Zylan Colombo,63,63,0,0.0,0.0,10,-3.1355,0.438,0.281,0.6047,0.438,0.8,34557,4.5,4,2.0
t9,Remote worker,disruption,spatial,travel,lp72a36,Best Western Elyon Colombo,63,63,0,0.0,0.0,9,-1.9459,0.844,0.75,0.5687,0.812,0.875,19568,4.2,4,5.1
t9,Remote worker,disruption,spatial,travel,lp800a1,Nyne Hotels Lake Lodge - Colombo,63,63,0,0.0,0.0,8,-2.8904,0.344,0.438,0.5094,0.25,0.2,39335,4.6,4,1.5
t9,Remote worker,disruption,spatial,travel,lp656d40c7,Sheraton Colombo Hotel,63,63,0,0.0,0.0,7,-2.4849,0.625,0.625,0.7312,0.062,0.4,56627,4.7,5,2.2
t9,Remote worker,disruption,spatial,travel,lp40d3f,Global Towers Hotel & Apartments,63,63,26,0.412698,41.27,1,-0.6931,0.906,0.938,0.5375,0.875,0.725,16041,3.5,4,5.6
t9,Remote worker,disruption,spatial,travel,lp5f0e5,Paradise Road Tintagel Colombo,63,63,0,0.0,0.0,6,-2.9957,0.375,0.375,0.8687,0.0,0.85,96633,4.5,5,1.7
t9,Remote worker,disruption,spatial,travel,lp6e625,Hotel Janaki,63,63,0,0.0,0.0,5,-2.3979,0.812,0.656,0.2188,0.906,0.825,15319,4.0,3,4.2
t9,Remote worker,disruption,spatial,travel,lp76eba,Radisson Hotel Colombo,63,63,13,0.206349,20.63,3,-1.0986,0.875,0.906,0.4703,0.562,0.8,27402,4.2,4,5.0
t9,Remote worker,disruption,spatial,travel,lp65589ffb,MaRadha Colombo,63,63,0,0.0,0.0,31,-1.6094,0.781,0.844,0.325,0.406,0.675,35408,4.8,3,3.6
t9,Remote worker,disruption,spatial,travel,lp6f007,Clock Inn Colombo,63,63,0,0.0,0.0,32,-2.0794,0.75,0.781,0.0563,0.938,0.625,13715,3.8,2,3.4
t10,Business traveller,accessibility,facility,distance,lp102b02,Marino Beach Colombo,100,100,0,0.0,0.0,5,-2.6391,0.5,0.469,0.9047,0.469,0.625,30177,4.6,5,3.2
t10,Business traveller,accessibility,facility,distance,lp6557c6e0,Granbell Hotel Colombo,100,100,0,0.0,0.0,30,-2.9957,0.312,0.594,0.5422,0.5,0.35,28807,4.6,4,2.3
t10,Business traveller,accessibility,facility,distance,lp741c5,Cinnamon Red Colombo,100,100,0,0.0,0.0,29,-2.7081,0.531,0.781,0.6266,0.375,0.35,36530,4.5,4,1.9
t10,Business traveller,accessibility,facility,distance,lp9855f,Fairway Colombo - Sri Lanka's First Hotel With Robot Technology,100,100,0,0.0,0.0,28,-3.2958,0.094,0.125,0.525,0.531,0.5,28429,4.2,4,2.1
t10,Business traveller,accessibility,facility,distance,lp655a9e91,Zest Metropole,100,100,0,0.0,0.0,27,-3.3322,0.125,0.219,0.5375,0.656,0.5,21223,4.3,4,2.0
t10,Business traveller,accessibility,facility,distance,lp656d3aa9,Sofia Colombo City Hotel,100,100,0,0.0,0.0,26,-2.8332,0.469,0.531,0.5922,0.594,0.35,23620,4.3,4,2.4
t10,Business traveller,accessibility,facility,distance,lp803e1,Galle Face Hotel,100,100,0,0.0,0.0,25,-3.1355,0.25,0.406,0.8141,0.281,0.4,38531,4.5,5,1.8
t10,Business traveller,accessibility,facility,distance,lpb1537,Shangri-La Colombo,100,100,0,0.0,0.0,24,-3.2189,0.219,0.188,0.9281,0.031,0.4,68781,4.7,5,1.9
t10,Business traveller,accessibility,facility,distance,lp3e58e,The Kingsbury Colombo,100,100,0,0.0,0.0,23,-3.4012,0.062,0.062,0.8766,0.312,0.55,37025,4.2,5,2.2
t10,Business traveller,accessibility,facility,distance,lp30277,Hilton Colombo Residence,100,100,0,0.0,0.0,22,-2.3979,0.656,0.719,0.9062,0.188,0.55,43133,4.4,5,0.9
t10,Business traveller,accessibility,facility,distance,lp67708,Supun Arcade Residency,100,100,0,0.0,0.0,21,-1.7918,0.781,0.344,0.4906,0.719,0.725,20768,3.8,4,5.7
t10,Business traveller,accessibility,facility,distance,lp7c172,Mirage Colombo,100,100,0,0.0,0.0,20,-2.7726,0.562,0.156,0.6328,0.75,0.8,20482,3.8,4,6.3
t10,Business traveller,accessibility,facility,distance,lp33ddb,"Taj Samudra, Colombo",100,100,0,0.0,0.0,19,-3.1781,0.281,0.312,0.9016,0.156,0.55,43993,4.5,5,1.7
t10,Business traveller,accessibility,facility,distance,lpa0a8a,NH Collection Colombo,100,100,0,0.0,0.0,18,-2.8904,0.438,0.812,0.9594,0.344,0.325,36981,4.6,5,2.0
t10,Business traveller,accessibility,facility,distance,lp1bc0d,Hilton Colombo Hotel,100,100,1,0.01,1.0,4,-3.2581,0.188,0.031,0.8547,0.125,0.475,47767,4.2,5,1.9
t10,Business traveller,accessibility,facility,distance,lp71118,CityRest Fort,100,100,0,0.0,0.0,17,-3.3673,0.156,0.25,0.1922,0.969,0.45,11502,3.5,3,2.0
t10,Business traveller,accessibility,facility,distance,lp43673,Pegasus Reef - A Beach Resort in Colombo,100,100,0,0.0,0.0,16,-3.4657,0.0,0.0,0.5859,0.781,0.95,20121,4.0,4,8.1
t10,Business traveller,accessibility,facility,distance,lpc0df6,Fern Colombo,100,100,20,0.2,20.0,3,-1.0986,0.875,0.938,0.1422,0.844,0.75,16245,4.0,3,1.8
t10,Business traveller,accessibility,facility,distance,lp6574b103,"Amari Colombo, Sri Lanka",100,100,0,0.0,0.0,15,-3.0445,0.375,0.688,0.8687,0.219,0.4,42203,4.5,5,2.2
t10,Business traveller,accessibility,facility,distance,lp81760,The Steuart by Citrus,100,100,0,0.0,0.0,14,-3.434,0.031,0.094,0.4266,0.625,0.5,22604,4.2,4,2.2
t10,Business traveller,accessibility,facility,distance,lp67286,Colombo Court Hotel & Spa,100,100,0,0.0,0.0,13,-1.9459,0.812,0.844,0.5938,0.094,0.725,52144,4.5,4,3.3
t10,Business traveller,accessibility,facility,distance,lpc08f9,Morven Hotel Colombo,100,100,0,0.0,0.0,12,-3.091,0.344,0.5,0.6703,0.688,0.2,21054,4.5,4,2.1
t10,Business traveller,accessibility,facility,distance,lp857b8,Zylan Colombo,100,100,30,0.3,30.0,2,-0.6931,0.938,0.969,0.6047,0.438,0.8,34557,4.5,4,2.0
t10,Business traveller,accessibility,facility,distance,lp72a36,Best Western Elyon Colombo,100,100,49,0.49,49.0,1,0.0,0.969,0.75,0.5687,0.812,0.875,19568,4.2,4,5.1
t10,Business traveller,accessibility,facility,distance,lp800a1,Nyne Hotels Lake Lodge - Colombo,100,100,0,0.0,0.0,11,-2.4849,0.594,0.625,0.5094,0.25,0.2,39335,4.6,4,1.5
t10,Business traveller,accessibility,facility,distance,lp656d40c7,Sheraton Colombo Hotel,100,100,0,0.0,0.0,10,-2.9444,0.406,0.656,0.7312,0.062,0.4,56627,4.7,5,2.2
t10,Business traveller,accessibility,facility,distance,lp40d3f,Global Towers Hotel & Apartments,100,100,0,0.0,0.0,9,-2.1972,0.688,0.281,0.5375,0.875,0.725,16041,3.5,4,5.6
t10,Business traveller,accessibility,facility,distance,lp5f0e5,Paradise Road Tintagel Colombo,100,100,0,0.0,0.0,8,-1.6094,0.844,0.906,0.8687,0.0,0.85,96633,4.5,5,1.7
t10,Business traveller,accessibility,facility,distance,lp6e625,Hotel Janaki,100,100,0,0.0,0.0,7,-1.3863,0.906,0.875,0.2188,0.906,0.825,15319,4.0,3,4.2
t10,Business traveller,accessibility,facility,distance,lp76eba,Radisson Hotel Colombo,100,100,0,0.0,0.0,6,-2.3026,0.719,0.375,0.4703,0.562,0.8,27402,4.2,4,5.0
t10,Business traveller,accessibility,facility,distance,lp65589ffb,MaRadha Colombo,100,100,0,0.0,0.0,31,-2.5649,0.625,0.438,0.325,0.406,0.675,35408,4.8,3,3.6
t10,Business traveller,accessibility,facility,distance,lp6f007,Clock Inn Colombo,100,100,0,0.0,0.0,32,-2.0794,0.75,0.562,0.0563,0.938,0.625,13715,3.8,2,3.4
t10,Business traveller,accessibility,facility,price_asc,lp102b02,Marino Beach Colombo,7,7,0,0.0,0.0,32,-2.8332,0.5,0.469,0.9047,0.469,0.625,30177,4.6,5,3.2
t10,Business traveller,accessibility,facility,price_asc,lp6557c6e0,Granbell Hotel Colombo,7,7,0,0.0,0.0,6,-2.7726,0.312,0.594,0.5422,0.5,0.35,28807,4.6,4,2.3
t10,Business traveller,accessibility,facility,price_asc,lp741c5,Cinnamon Red Colombo,7,7,0,0.0,0.0,17,-2.9957,0.531,0.781,0.6266,0.375,0.35,36530,4.5,4,1.9
t10,Business traveller,accessibility,facility,price_asc,lp9855f,Fairway Colombo - Sri Lanka's First Hotel With Robot Technology,7,7,0,0.0,0.0,4,-2.7081,0.094,0.125,0.525,0.531,0.5,28429,4.2,4,2.1
t10,Business traveller,accessibility,facility,price_asc,lp655a9e91,Zest Metropole,7,7,0,0.0,0.0,30,-2.3979,0.125,0.219,0.5375,0.656,0.5,21223,4.3,4,2.0
t10,Business traveller,accessibility,facility,price_asc,lp656d3aa9,Sofia Colombo City Hotel,7,7,0,0.0,0.0,29,-2.5649,0.469,0.531,0.5922,0.594,0.35,23620,4.3,4,2.4
t10,Business traveller,accessibility,facility,price_asc,lp803e1,Galle Face Hotel,7,7,0,0.0,0.0,28,-3.1355,0.25,0.406,0.8141,0.281,0.4,38531,4.5,5,1.8
t10,Business traveller,accessibility,facility,price_asc,lpb1537,Shangri-La Colombo,7,7,0,0.0,0.0,27,-3.434,0.219,0.188,0.9281,0.031,0.4,68781,4.7,5,1.9
t10,Business traveller,accessibility,facility,price_asc,lp3e58e,The Kingsbury Colombo,7,7,0,0.0,0.0,26,-3.091,0.062,0.062,0.8766,0.312,0.55,37025,4.2,5,2.2
t10,Business traveller,accessibility,facility,price_asc,lp30277,Hilton Colombo Residence,7,7,0,0.0,0.0,25,-3.2581,0.656,0.719,0.9062,0.188,0.55,43133,4.4,5,0.9
t10,Business traveller,accessibility,facility,price_asc,lp67708,Supun Arcade Residency,7,7,0,0.0,0.0,24,-2.1972,0.781,0.344,0.4906,0.719,0.725,20768,3.8,4,5.7
t10,Business traveller,accessibility,facility,price_asc,lp7c172,Mirage Colombo,7,7,0,0.0,0.0,23,-2.0794,0.562,0.156,0.6328,0.75,0.8,20482,3.8,4,6.3
t10,Business traveller,accessibility,facility,price_asc,lp33ddb,"Taj Samudra, Colombo",7,7,0,0.0,0.0,22,-3.2958,0.281,0.312,0.9016,0.156,0.55,43993,4.5,5,1.7
t10,Business traveller,accessibility,facility,price_asc,lpa0a8a,NH Collection Colombo,7,7,0,0.0,0.0,21,-3.0445,0.438,0.812,0.9594,0.344,0.325,36981,4.6,5,2.0
t10,Business traveller,accessibility,facility,price_asc,lp1bc0d,Hilton Colombo Hotel,7,7,0,0.0,0.0,20,-3.3322,0.188,0.031,0.8547,0.125,0.475,47767,4.2,5,1.9
t10,Business traveller,accessibility,facility,price_asc,lp71118,CityRest Fort,7,7,1,0.142857,14.29,3,0.0,0.156,0.25,0.1922,0.969,0.45,11502,3.5,3,2.0
t10,Business traveller,accessibility,facility,price_asc,lp43673,Pegasus Reef - A Beach Resort in Colombo,7,7,0,0.0,0.0,31,-1.9459,0.0,0.0,0.5859,0.781,0.95,20121,4.0,4,8.1
t10,Business traveller,accessibility,facility,price_asc,lpc0df6,Fern Colombo,7,7,0,0.0,0.0,18,-1.6094,0.875,0.938,0.1422,0.844,0.75,16245,4.0,3,1.8
t10,Business traveller,accessibility,facility,price_asc,lp6574b103,"Amari Colombo, Sri Lanka",7,7,0,0.0,0.0,16,-3.2189,0.375,0.688,0.8687,0.219,0.4,42203,4.5,5,2.2
t10,Business traveller,accessibility,facility,price_asc,lp81760,The Steuart by Citrus,7,7,0,0.0,0.0,15,-2.4849,0.031,0.094,0.4266,0.625,0.5,22604,4.2,4,2.2
t10,Business traveller,accessibility,facility,price_asc,lp67286,Colombo Court Hotel & Spa,7,7,0,0.0,0.0,14,-3.3673,0.812,0.844,0.5938,0.094,0.725,52144,4.5,4,3.3
t10,Business traveller,accessibility,facility,price_asc,lpc08f9,Morven Hotel Colombo,7,7,0,0.0,0.0,13,-2.3026,0.344,0.5,0.6703,0.688,0.2,21054,4.5,4,2.1
t10,Business traveller,accessibility,facility,price_asc,lp857b8,Zylan Colombo,7,7,0,0.0,0.0,12,-2.8904,0.938,0.969,0.6047,0.438,0.8,34557,4.5,4,2.0
t10,Business traveller,accessibility,facility,price_asc,lp72a36,Best Western Elyon Colombo,7,7,0,0.0,0.0,11,-1.7918,0.969,0.75,0.5687,0.812,0.875,19568,4.2,4,5.1
t10,Business traveller,accessibility,facility,price_asc,lp800a1,Nyne Hotels Lake Lodge - Colombo,7,7,0,0.0,0.0,10,-3.1781,0.594,0.625,0.5094,0.25,0.2,39335,4.6,4,1.5
t10,Business traveller,accessibility,facility,price_asc,lp656d40c7,Sheraton Colombo Hotel,7,7,0,0.0,0.0,9,-3.4012,0.406,0.656,0.7312,0.062,0.4,56627,4.7,5,2.2
t10,Business traveller,accessibility,facility,price_asc,lp40d3f,Global Towers Hotel & Apartments,7,7,0,0.0,0.0,8,-1.3863,0.688,0.281,0.5375,0.875,0.725,16041,3.5,4,5.6
t10,Business traveller,accessibility,facility,price_asc,lp5f0e5,Paradise Road Tintagel Colombo,7,7,0,0.0,0.0,7,-3.4657,0.844,0.906,0.8687,0.0,0.85,96633,4.5,5,1.7
t10,Business traveller,accessibility,facility,price_asc,lp6e625,Hotel Janaki,7,7,2,0.285714,28.57,2,-1.0986,0.906,0.875,0.2188,0.906,0.825,15319,4.0,3,4.2
t10,Business traveller,accessibility,facility,price_asc,lp76eba,Radisson Hotel Colombo,7,7,0,0.0,0.0,5,-2.6391,0.719,0.375,0.4703,0.562,0.8,27402,4.2,4,5.0
t10,Business traveller,accessibility,facility,price_asc,lp65589ffb,MaRadha Colombo,7,7,0,0.0,0.0,19,-2.9444,0.625,0.438,0.325,0.406,0.675,35408,4.8,3,3.6
t10,Business traveller,accessibility,facility,price_asc,lp6f007,Clock Inn Colombo,7,7,4,0.571429,57.14,1,-0.6931,0.75,0.562,0.0563,0.938,0.625,13715,3.8,2,3.4
t10,Business traveller,accessibility,facility,price_desc,lp102b02,Marino Beach Colombo,5,5,0,0.0,0.0,4,-2.7726,0.5,0.469,0.9047,0.469,0.625,30177,4.6,5,3.2
t10,Business traveller,accessibility,facility,price_desc,lp6557c6e0,Granbell Hotel Colombo,5,5,0,0.0,0.0,30,-2.8332,0.312,0.594,0.5422,0.5,0.35,28807,4.6,4,2.3
t10,Business traveller,accessibility,facility,price_desc,lp741c5,Cinnamon Red Colombo,5,5,0,0.0,0.0,29,-2.5649,0.531,0.781,0.6266,0.375,0.35,36530,4.5,4,1.9
t10,Business traveller,accessibility,facility,price_desc,lp9855f,Fairway Colombo - Sri Lanka's First Hotel With Robot Technology,5,5,0,0.0,0.0,28,-2.8904,0.094,0.125,0.525,0.531,0.5,28429,4.2,4,2.1
t10,Business traveller,accessibility,facility,price_desc,lp655a9e91,Zest Metropole,5,5,0,0.0,0.0,27,-3.091,0.125,0.219,0.5375,0.656,0.5,21223,4.3,4,2.0
t10,Business traveller,accessibility,facility,price_desc,lp656d3aa9,Sofia Colombo City Hotel,5,5,0,0.0,0.0,26,-2.9957,0.469,0.531,0.5922,0.594,0.35,23620,4.3,4,2.4
t10,Business traveller,accessibility,facility,price_desc,lp803e1,Galle Face Hotel,5,5,0,0.0,0.0,25,-2.3026,0.25,0.406,0.8141,0.281,0.4,38531,4.5,5,1.8
t10,Business traveller,accessibility,facility,price_desc,lpb1537,Shangri-La Colombo,5,5,1,0.2,20.0,3,-0.6931,0.219,0.188,0.9281,0.031,0.4,68781,4.7,5,1.9
t10,Business traveller,accessibility,facility,price_desc,lp3e58e,The Kingsbury Colombo,5,5,0,0.0,0.0,24,-2.3979,0.062,0.062,0.8766,0.312,0.55,37025,4.2,5,2.2
t10,Business traveller,accessibility,facility,price_desc,lp30277,Hilton Colombo Residence,5,5,0,0.0,0.0,23,-1.9459,0.656,0.719,0.9062,0.188,0.55,43133,4.4,5,0.9
t10,Business traveller,accessibility,facility,price_desc,lp67708,Supun Arcade Residency,5,5,0,0.0,0.0,22,-3.1781,0.781,0.344,0.4906,0.719,0.725,20768,3.8,4,5.7
t10,Business traveller,accessibility,facility,price_desc,lp7c172,Mirage Colombo,5,5,0,0.0,0.0,21,-3.2189,0.562,0.156,0.6328,0.75,0.8,20482,3.8,4,6.3
t10,Business traveller,accessibility,facility,price_desc,lp33ddb,"Taj Samudra, Colombo",5,5,0,0.0,0.0,20,-1.7918,0.281,0.312,0.9016,0.156,0.55,43993,4.5,5,1.7
t10,Business traveller,accessibility,facility,price_desc,lpa0a8a,NH Collection Colombo,5,5,0,0.0,0.0,19,-2.4849,0.438,0.812,0.9594,0.344,0.325,36981,4.6,5,2.0
t10,Business traveller,accessibility,facility,price_desc,lp1bc0d,Hilton Colombo Hotel,5,5,0,0.0,0.0,18,-1.6094,0.188,0.031,0.8547,0.125,0.475,47767,4.2,5,1.9
t10,Business traveller,accessibility,facility,price_desc,lp71118,CityRest Fort,5,5,0,0.0,0.0,17,-3.4657,0.156,0.25,0.1922,0.969,0.45,11502,3.5,3,2.0
t10,Business traveller,accessibility,facility,price_desc,lp43673,Pegasus Reef - A Beach Resort in Colombo,5,5,0,0.0,0.0,16,-3.2581,0.0,0.0,0.5859,0.781,0.95,20121,4.0,4,8.1
t10,Business traveller,accessibility,facility,price_desc,lpc0df6,Fern Colombo,5,5,0,0.0,0.0,15,-3.3322,0.875,0.938,0.1422,0.844,0.75,16245,4.0,3,1.8
t10,Business traveller,accessibility,facility,price_desc,lp6574b103,"Amari Colombo, Sri Lanka",5,5,0,0.0,0.0,14,-2.0794,0.375,0.688,0.8687,0.219,0.4,42203,4.5,5,2.2
t10,Business traveller,accessibility,facility,price_desc,lp81760,The Steuart by Citrus,5,5,0,0.0,0.0,13,-3.0445,0.031,0.094,0.4266,0.625,0.5,22604,4.2,4,2.2
t10,Business traveller,accessibility,facility,price_desc,lp67286,Colombo Court Hotel & Spa,5,5,0,0.0,0.0,12,-1.3863,0.812,0.844,0.5938,0.094,0.725,52144,4.5,4,3.3
t10,Business traveller,accessibility,facility,price_desc,lpc08f9,Morven Hotel Colombo,5,5,0,0.0,0.0,11,-3.1355,0.344,0.5,0.6703,0.688,0.2,21054,4.5,4,2.1
t10,Business traveller,accessibility,facility,price_desc,lp857b8,Zylan Colombo,5,5,0,0.0,0.0,10,-2.7081,0.938,0.969,0.6047,0.438,0.8,34557,4.5,4,2.0
t10,Business traveller,accessibility,facility,price_desc,lp72a36,Best Western Elyon Colombo,5,5,0,0.0,0.0,9,-3.2958,0.969,0.75,0.5687,0.812,0.875,19568,4.2,4,5.1
t10,Business traveller,accessibility,facility,price_desc,lp800a1,Nyne Hotels Lake Lodge - Colombo,5,5,0,0.0,0.0,8,-2.1972,0.594,0.625,0.5094,0.25,0.2,39335,4.6,4,1.5
t10,Business traveller,accessibility,facility,price_desc,lp656d40c7,Sheraton Colombo Hotel,5,5,1,0.2,20.0,2,-1.0986,0.406,0.656,0.7312,0.062,0.4,56627,4.7,5,2.2
t10,Business traveller,accessibility,facility,price_desc,lp40d3f,Global Towers Hotel & Apartments,5,5,0,0.0,0.0,7,-3.3673,0.688,0.281,0.5375,0.875,0.725,16041,3.5,4,5.6
t10,Business traveller,accessibility,facility,price_desc,lp5f0e5,Paradise Road Tintagel Colombo,5,5,3,0.6,60.0,1,0.0,0.844,0.906,0.8687,0.0,0.85,96633,4.5,5,1.7
t10,Business traveller,accessibility,facility,price_desc,lp6e625,Hotel Janaki,5,5,0,0.0,0.0,6,-3.4012,0.906,0.875,0.2188,0.906,0.825,15319,4.0,3,4.2
t10,Business traveller,accessibility,facility,price_desc,lp76eba,Radisson Hotel Colombo,5,5,0,0.0,0.0,5,-2.9444,0.719,0.375,0.4703,0.562,0.8,27402,4.2,4,5.0
t10,Business traveller,accessibility,facility,price_desc,lp65589ffb,MaRadha Colombo,5,5,0,0.0,0.0,31,-2.6391,0.625,0.438,0.325,0.406,0.675,35408,4.8,3,3.6
t10,Business traveller,accessibility,facility,price_desc,lp6f007,Clock Inn Colombo,5,5,0,0.0,0.0,32,-3.434,0.75,0.562,0.0563,0.938,0.625,13715,3.8,2,3.4
t10,Business traveller,accessibility,facility,rating,lp102b02,Marino Beach Colombo,23,23,0,0.0,0.0,4,-1.6094,0.5,0.469,0.9047,0.469,0.625,30177,4.6,5,3.2
t10,Business traveller,accessibility,facility,rating,lp6557c6e0,Granbell Hotel Colombo,23,23,0,0.0,0.0,30,-1.9459,0.312,0.594,0.5422,0.5,0.35,28807,4.6,4,2.3
t10,Business traveller,accessibility,facility,rating,lp741c5,Cinnamon Red Colombo,23,23,0,0.0,0.0,29,-2.3979,0.531,0.781,0.6266,0.375,0.35,36530,4.5,4,1.9
t10,Business traveller,accessibility,facility,rating,lp9855f,Fairway Colombo - Sri Lanka's First Hotel With Robot Technology,23,23,0,0.0,0.0,28,-3.091,0.094,0.125,0.525,0.531,0.5,28429,4.2,4,2.1
t10,Business traveller,accessibility,facility,rating,lp655a9e91,Zest Metropole,23,23,0,0.0,0.0,27,-2.8904,0.125,0.219,0.5375,0.656,0.5,21223,4.3,4,2.0
t10,Business traveller,accessibility,facility,rating,lp656d3aa9,Sofia Colombo City Hotel,23,23,0,0.0,0.0,26,-2.8332,0.469,0.531,0.5922,0.594,0.35,23620,4.3,4,2.4
t10,Business traveller,accessibility,facility,rating,lp803e1,Galle Face Hotel,23,23,0,0.0,0.0,25,-2.6391,0.25,0.406,0.8141,0.281,0.4,38531,4.5,5,1.8
t10,Business traveller,accessibility,facility,rating,lpb1537,Shangri-La Colombo,23,23,7,0.304348,30.43,2,-1.0986,0.219,0.188,0.9281,0.031,0.4,68781,4.7,5,1.9
t10,Business traveller,accessibility,facility,rating,lp3e58e,The Kingsbury Colombo,23,23,0,0.0,0.0,24,-3.1355,0.062,0.062,0.8766,0.312,0.55,37025,4.2,5,2.2
t10,Business traveller,accessibility,facility,rating,lp30277,Hilton Colombo Residence,23,23,0,0.0,0.0,23,-2.7726,0.656,0.719,0.9062,0.188,0.55,43133,4.4,5,0.9
t10,Business traveller,accessibility,facility,rating,lp67708,Supun Arcade Residency,23,23,0,0.0,0.0,22,-3.3322,0.781,0.344,0.4906,0.719,0.725,20768,3.8,4,5.7
t10,Business traveller,accessibility,facility,rating,lp7c172,Mirage Colombo,23,23,0,0.0,0.0,21,-3.4012,0.562,0.156,0.6328,0.75,0.8,20482,3.8,4,6.3
t10,Business traveller,accessibility,facility,rating,lp33ddb,"Taj Samudra, Colombo",23,23,0,0.0,0.0,20,-2.7081,0.281,0.312,0.9016,0.156,0.55,43993,4.5,5,1.7
t10,Business traveller,accessibility,facility,rating,lpa0a8a,NH Collection Colombo,23,23,0,0.0,0.0,19,-1.7918,0.438,0.812,0.9594,0.344,0.325,36981,4.6,5,2.0
t10,Business traveller,accessibility,facility,rating,lp1bc0d,Hilton Colombo Hotel,23,23,0,0.0,0.0,18,-3.0445,0.188,0.031,0.8547,0.125,0.475,47767,4.2,5,1.9
t10,Business traveller,accessibility,facility,rating,lp71118,CityRest Fort,23,23,0,0.0,0.0,17,-3.4657,0.156,0.25,0.1922,0.969,0.45,11502,3.5,3,2.0
t10,Business traveller,accessibility,facility,rating,lp43673,Pegasus Reef - A Beach Resort in Colombo,23,23,0,0.0,0.0,31,-3.2958,0.0,0.0,0.5859,0.781,0.95,20121,4.0,4,8.1
t10,Business traveller,accessibility,facility,rating,lpc0df6,Fern Colombo,23,23,0,0.0,0.0,16,-3.2189,0.875,0.938,0.1422,0.844,0.75,16245,4.0,3,1.8
t10,Business traveller,accessibility,facility,rating,lp6574b103,"Amari Colombo, Sri Lanka",23,23,0,0.0,0.0,15,-2.4849,0.375,0.688,0.8687,0.219,0.4,42203,4.5,5,2.2
t10,Business traveller,accessibility,facility,rating,lp81760,The Steuart by Citrus,23,23,0,0.0,0.0,14,-3.1781,0.031,0.094,0.4266,0.625,0.5,22604,4.2,4,2.2
t10,Business traveller,accessibility,facility,rating,lp67286,Colombo Court Hotel & Spa,23,23,0,0.0,0.0,13,-2.3026,0.812,0.844,0.5938,0.094,0.725,52144,4.5,4,3.3
t10,Business traveller,accessibility,facility,rating,lpc08f9,Morven Hotel Colombo,23,23,0,0.0,0.0,12,-2.5649,0.344,0.5,0.6703,0.688,0.2,21054,4.5,4,2.1
t10,Business traveller,accessibility,facility,rating,lp857b8,Zylan Colombo,23,23,0,0.0,0.0,11,-2.0794,0.938,0.969,0.6047,0.438,0.8,34557,4.5,4,2.0
t10,Business traveller,accessibility,facility,rating,lp72a36,Best Western Elyon Colombo,23,23,0,0.0,0.0,10,-2.9444,0.969,0.75,0.5687,0.812,0.875,19568,4.2,4,5.1
t10,Business traveller,accessibility,facility,rating,lp800a1,Nyne Hotels Lake Lodge - Colombo,23,23,0,0.0,0.0,9,-1.3863,0.594,0.625,0.5094,0.25,0.2,39335,4.6,4,1.5
t10,Business traveller,accessibility,facility,rating,lp656d40c7,Sheraton Colombo Hotel,23,23,5,0.217391,21.74,3,-0.6931,0.406,0.656,0.7312,0.062,0.4,56627,4.7,5,2.2
t10,Business traveller,accessibility,facility,rating,lp40d3f,Global Towers Hotel & Apartments,23,23,0,0.0,0.0,8,-3.434,0.688,0.281,0.5375,0.875,0.725,16041,3.5,4,5.6
t10,Business traveller,accessibility,facility,rating,lp5f0e5,Paradise Road Tintagel Colombo,23,23,0,0.0,0.0,7,-2.1972,0.844,0.906,0.8687,0.0,0.85,96633,4.5,5,1.7
t10,Business traveller,accessibility,facility,rating,lp6e625,Hotel Janaki,23,23,0,0.0,0.0,6,-3.2581,0.906,0.875,0.2188,0.906,0.825,15319,4.0,3,4.2
t10,Business traveller,accessibility,facility,rating,lp76eba,Radisson Hotel Colombo,23,23,0,0.0,0.0,5,-2.9957,0.719,0.375,0.4703,0.562,0.8,27402,4.2,4,5.0
t10,Business traveller,accessibility,facility,rating,lp65589ffb,MaRadha Colombo,23,23,11,0.478261,47.83,1,0.0,0.625,0.438,0.325,0.406,0.675,35408,4.8,3,3.6
t10,Business traveller,accessibility,facility,rating,lp6f007,Clock Inn Colombo,23,23,0,0.0,0.0,32,-3.3673,0.75,0.562,0.0563,0.938,0.625,13715,3.8,2,3.4
t10,Business traveller,accessibility,facility,travel,lp102b02,Marino Beach Colombo,66,65,0,0.0,0.0,5,-2.8904,0.5,0.469,0.9047,0.469,0.625,30177,4.6,5,3.2
t10,Business traveller,accessibility,facility,travel,lp6557c6e0,Granbell Hotel Colombo,66,65,0,0.0,0.0,30,-2.4849,0.312,0.594,0.5422,0.5,0.35,28807,4.6,4,2.3
t10,Business traveller,accessibility,facility,travel,lp741c5,Cinnamon Red Colombo,66,65,0,0.0,0.0,29,-2.3026,0.531,0.781,0.6266,0.375,0.35,36530,4.5,4,1.9
t10,Business traveller,accessibility,facility,travel,lp9855f,Fairway Colombo - Sri Lanka's First Hotel With Robot Technology,66,65,0,0.0,0.0,28,-3.2581,0.094,0.125,0.525,0.531,0.5,28429,4.2,4,2.1
t10,Business traveller,accessibility,facility,travel,lp655a9e91,Zest Metropole,66,65,0,0.0,0.0,27,-3.2958,0.125,0.219,0.5375,0.656,0.5,21223,4.3,4,2.0
t10,Business traveller,accessibility,facility,travel,lp656d3aa9,Sofia Colombo City Hotel,66,65,0,0.0,0.0,26,-2.7081,0.469,0.531,0.5922,0.594,0.35,23620,4.3,4,2.4
t10,Business traveller,accessibility,facility,travel,lp803e1,Galle Face Hotel,66,65,0,0.0,0.0,25,-2.9444,0.25,0.406,0.8141,0.281,0.4,38531,4.5,5,1.8
t10,Business traveller,accessibility,facility,travel,lpb1537,Shangri-La Colombo,66,65,0,0.0,0.0,24,-3.2189,0.219,0.188,0.9281,0.031,0.4,68781,4.7,5,1.9
t10,Business traveller,accessibility,facility,travel,lp3e58e,The Kingsbury Colombo,66,65,0,0.0,0.0,23,-3.434,0.062,0.062,0.8766,0.312,0.55,37025,4.2,5,2.2
t10,Business traveller,accessibility,facility,travel,lp30277,Hilton Colombo Residence,66,65,0,0.0,0.0,22,-2.0794,0.656,0.719,0.9062,0.188,0.55,43133,4.4,5,0.9
t10,Business traveller,accessibility,facility,travel,lp67708,Supun Arcade Residency,66,65,0,0.0,0.0,21,-2.9957,0.781,0.344,0.4906,0.719,0.725,20768,3.8,4,5.7
t10,Business traveller,accessibility,facility,travel,lp7c172,Mirage Colombo,66,65,0,0.0,0.0,20,-3.1781,0.562,0.156,0.6328,0.75,0.8,20482,3.8,4,6.3
t10,Business traveller,accessibility,facility,travel,lp33ddb,"Taj Samudra, Colombo",66,65,0,0.0,0.0,19,-3.1355,0.281,0.312,0.9016,0.156,0.55,43993,4.5,5,1.7
t10,Business traveller,accessibility,facility,travel,lpa0a8a,NH Collection Colombo,66,65,0,0.0,0.0,18,-1.7918,0.438,0.812,0.9594,0.344,0.325,36981,4.6,5,2.0
t10,Business traveller,accessibility,facility,travel,lp1bc0d,Hilton Colombo Hotel,66,65,0,0.0,0.0,17,-3.4012,0.188,0.031,0.8547,0.125,0.475,47767,4.2,5,1.9
t10,Business traveller,accessibility,facility,travel,lp71118,CityRest Fort,66,66,0,0.0,0.0,16,-3.3089,0.156,0.25,0.1922,0.969,0.45,11502,3.5,3,2.0
t10,Business traveller,accessibility,facility,travel,lp43673,Pegasus Reef - A Beach Resort in Colombo,66,65,0,0.0,0.0,15,-3.4657,0.0,0.0,0.5859,0.781,0.95,20121,4.0,4,8.1
t10,Business traveller,accessibility,facility,travel,lpc0df6,Fern Colombo,66,66,21,0.318182,31.82,2,-0.6826,0.875,0.938,0.1422,0.844,0.75,16245,4.0,3,1.8
t10,Business traveller,accessibility,facility,travel,lp6574b103,"Amari Colombo, Sri Lanka",66,65,0,0.0,0.0,14,-2.5649,0.375,0.688,0.8687,0.219,0.4,42203,4.5,5,2.2
t10,Business traveller,accessibility,facility,travel,lp81760,The Steuart by Citrus,66,65,0,0.0,0.0,13,-3.3673,0.031,0.094,0.4266,0.625,0.5,22604,4.2,4,2.2
t10,Business traveller,accessibility,facility,travel,lp67286,Colombo Court Hotel & Spa,66,65,0,0.0,0.0,12,-1.6094,0.812,0.844,0.5938,0.094,0.725,52144,4.5,4,3.3
t10,Business traveller,accessibility,facility,travel,lpc08f9,Morven Hotel Colombo,66,65,0,0.0,0.0,11,-2.7726,0.344,0.5,0.6703,0.688,0.2,21054,4.5,4,2.1
t10,Business traveller,accessibility,facility,travel,lp857b8,Zylan Colombo,66,65,31,0.476923,47.69,1,0.0,0.938,0.969,0.6047,0.438,0.8,34557,4.5,4,2.0
t10,Business traveller,accessibility,facility,travel,lp72a36,Best Western Elyon Colombo,66,66,1,0.015152,1.52,4,-1.9331,0.969,0.75,0.5687,0.812,0.875,19568,4.2,4,5.1
t10,Business traveller,accessibility,facility,travel,lp800a1,Nyne Hotels Lake Lodge - Colombo,66,65,0,0.0,0.0,10,-2.1972,0.594,0.625,0.5094,0.25,0.2,39335,4.6,4,1.5
t10,Business traveller,accessibility,facility,travel,lp656d40c7,Sheraton Colombo Hotel,66,65,0,0.0,0.0,9,-2.3979,0.406,0.656,0.7312,0.062,0.4,56627,4.7,5,2.2
t10,Business traveller,accessibility,facility,travel,lp40d3f,Global Towers Hotel & Apartments,66,66,0,0.0,0.0,8,-3.0228,0.688,0.281,0.5375,0.875,0.725,16041,3.5,4,5.6
t10,Business traveller,accessibility,facility,travel,lp5f0e5,Paradise Road Tintagel Colombo,66,65,13,0.2,20.0,3,-1.0986,0.844,0.906,0.8687,0.0,0.85,96633,4.5,5,1.7
t10,Business traveller,accessibility,facility,travel,lp6e625,Hotel Janaki,66,66,0,0.0,0.0,7,-1.3758,0.906,0.875,0.2188,0.906,0.825,15319,4.0,3,4.2
t10,Business traveller,accessibility,facility,travel,lp76eba,Radisson Hotel Colombo,66,65,0,0.0,0.0,6,-3.091,0.719,0.375,0.4703,0.562,0.8,27402,4.2,4,5.0
t10,Business traveller,accessibility,facility,travel,lp65589ffb,MaRadha Colombo,66,65,0,0.0,0.0,31,-2.8332,0.625,0.438,0.325,0.406,0.675,35408,4.8,3,3.6
t10,Business traveller,accessibility,facility,travel,lp6f007,Clock Inn Colombo,66,66,0,0.0,0.0,32,-2.6201,0.75,0.562,0.0563,0.938,0.625,13715,3.8,2,3.4
