participant,task,task_index,primary,final_sort,n_sort_events,first_sort_ms,previous_sort,switched
fc04983c-b3fb-4d76-a273-27c597a50d0f,t1,0,spatial,distance,0,,,False
fc04983c-b3fb-4d76-a273-27c597a50d0f,t2,1,accessibility,distance,0,,distance,False
fc04983c-b3fb-4d76-a273-27c597a50d0f,t3,2,economic,distance,0,,distance,False
fc04983c-b3fb-4d76-a273-27c597a50d0f,t4,3,facility,distance,0,,distance,False
fc04983c-b3fb-4d76-a273-27c597a50d0f,t5,4,disruption,distance,0,,distance,False
fc04983c-b3fb-4d76-a273-27c597a50d0f,t6,5,spatial,distance,0,,distance,False
fc04983c-b3fb-4d76-a273-27c597a50d0f,t7,6,economic,distance,0,,distance,False
fc04983c-b3fb-4d76-a273-27c597a50d0f,t8,7,facility,distance,0,,distance,False
fc04983c-b3fb-4d76-a273-27c597a50d0f,t9,8,disruption,distance,0,,distance,False
fc04983c-b3fb-4d76-a273-27c597a50d0f,t10,9,accessibility,distance,0,,distance,False
2612831e-3be0-4d7e-98a6-d0af8dfcd0fb,t1,0,spatial,distance,0,,,False
2612831e-3be0-4d7e-98a6-d0af8dfcd0fb,t2,1,accessibility,distance,0,,distance,False
2612831e-3be0-4d7e-98a6-d0af8dfcd0fb,t3,2,economic,distance,0,,distance,False
2612831e-3be0-4d7e-98a6-d0af8dfcd0fb,t4,3,facility,distance,0,,distance,False
2612831e-3be0-4d7e-98a6-d0af8dfcd0fb,t5,4,disruption,distance,0,,distance,False
2612831e-3be0-4d7e-98a6-d0af8dfcd0fb,t6,5,spatial,distance,0,,distance,False
2612831e-3be0-4d7e-98a6-d0af8dfcd0fb,t7,6,economic,distance,0,,distance,False
2612831e-3be0-4d7e-98a6-d0af8dfcd0fb,t8,7,facility,distance,0,,distance,False
2612831e-3be0-4d7e-98a6-d0af8dfcd0fb,t9,8,disruption,distance,0,,distance,False
2612831e-3be0-4d7e-98a6-d0af8dfcd0fb,t10,9,accessibility,distance,0,,distance,False
7383b98f-cf7b-4de0-ba0a-eb5bc3f073fd,t1,0,spatial,distance,0,,,False
7383b98f-cf7b-4de0-ba0a-eb5bc3f073fd,t2,1,accessibility,distance,0,,distance,False
7383b98f-cf7b-4de0-ba0a-eb5bc3f073fd,t3,2,economic,distance,0,,distance,False
7383b98f-cf7b-4de0-ba0a-eb5bc3f073fd,t4,3,facility,distance,0,,distance,False
69e681b3-0d76-49e2-b491-4fb99efc8066,t1,0,spatial,distance,0,,,False
69e681b3-0d76-49e2-b491-4fb99efc8066,t2,1,accessibility,distance,0,,distance,False
69e681b3-0d76-49e2-b491-4fb99efc8066,t3,2,economic,distance,0,,distance,False
69e681b3-0d76-49e2-b491-4fb99efc8066,t4,3,facility,distance,0,,distance,False
69e681b3-0d76-49e2-b491-4fb99efc8066,t5,4,disruption,distance,0,,distance,False
69e681b3-0d76-49e2-b491-4fb99efc8066,t6,5,spatial,distance,0,,distance,False
69e681b3-0d76-49e2-b491-4fb99efc8066,t7,6,economic,distance,0,,distance,False
69e681b3-0d76-49e2-b491-4fb99efc8066,t8,7,facility,distance,0,,distance,False
69e681b3-0d76-49e2-b491-4fb99efc8066,t9,8,disruption,distance,0,,distance,False
69e681b3-0d76-49e2-b491-4fb99efc8066,t10,9,accessibility,distance,0,,distance,False
054695fc-2388-4c77-a4f5-28f4f0f3d3a3,t1,0,spatial,price_asc,2,21731,,False
054695fc-2388-4c77-a4f5-28f4f0f3d3a3,t2,1,accessibility,distance,0,,price_asc,True
054695fc-2388-4c77-a4f5-28f4f0f3d3a3,t3,2,economic,distance,0,,distance,False
054695fc-2388-4c77-a4f5-28f4f0f3d3a3,t4,3,facility,distance,0,,distance,False
054695fc-2388-4c77-a4f5-28f4f0f3d3a3,t5,4,disruption,distance,0,,distance,False
054695fc-2388-4c77-a4f5-28f4f0f3d3a3,t6,5,spatial,distance,0,,distance,False
054695fc-2388-4c77-a4f5-28f4f0f3d3a3,t7,6,economic,distance,0,,distance,False
054695fc-2388-4c77-a4f5-28f4f0f3d3a3,t8,7,facility,distance,0,,distance,False
054695fc-2388-4c77-a4f5-28f4f0f3d3a3,t9,8,disruption,distance,0,,distance,False
054695fc-2388-4c77-a4f5-28f4f0f3d3a3,t10,9,accessibility,distance,0,,distance,False
68361e58-98a9-4e0c-a44c-4a608b4b8ac5,t1,0,spatial,distance,0,,,False
68361e58-98a9-4e0c-a44c-4a608b4b8ac5,t2,1,accessibility,distance,0,,distance,False
68361e58-98a9-4e0c-a44c-4a608b4b8ac5,t3,2,economic,price_asc,1,17921,distance,True
68361e58-98a9-4e0c-a44c-4a608b4b8ac5,t4,3,facility,distance,0,,price_asc,True
68361e58-98a9-4e0c-a44c-4a608b4b8ac5,t5,4,disruption,travel,1,24986,distance,True
68361e58-98a9-4e0c-a44c-4a608b4b8ac5,t6,5,spatial,distance,0,,travel,True
68361e58-98a9-4e0c-a44c-4a608b4b8ac5,t7,6,economic,distance,0,,distance,False
68361e58-98a9-4e0c-a44c-4a608b4b8ac5,t8,7,facility,distance,0,,distance,False
68361e58-98a9-4e0c-a44c-4a608b4b8ac5,t9,8,disruption,distance,0,,distance,False
68361e58-98a9-4e0c-a44c-4a608b4b8ac5,t10,9,accessibility,distance,0,,distance,False
a29c6aee-213d-4c4c-a702-20d89b2f7518,t1,0,spatial,distance,0,,,False
a29c6aee-213d-4c4c-a702-20d89b2f7518,t2,1,accessibility,distance,0,,distance,False
a29c6aee-213d-4c4c-a702-20d89b2f7518,t3,2,economic,distance,0,,distance,False
a29c6aee-213d-4c4c-a702-20d89b2f7518,t4,3,facility,distance,0,,distance,False
a29c6aee-213d-4c4c-a702-20d89b2f7518,t5,4,disruption,distance,0,,distance,False
a29c6aee-213d-4c4c-a702-20d89b2f7518,t6,5,spatial,distance,0,,distance,False
a29c6aee-213d-4c4c-a702-20d89b2f7518,t7,6,economic,distance,0,,distance,False
a29c6aee-213d-4c4c-a702-20d89b2f7518,t8,7,facility,distance,0,,distance,False
a29c6aee-213d-4c4c-a702-20d89b2f7518,t9,8,disruption,distance,0,,distance,False
a29c6aee-213d-4c4c-a702-20d89b2f7518,t10,9,accessibility,distance,0,,distance,False
1aa01656-9aa7-4766-9df8-c8f71fab1751,t1,0,spatial,distance,0,,,False
1aa01656-9aa7-4766-9df8-c8f71fab1751,t2,1,accessibility,distance,0,,distance,False
1aa01656-9aa7-4766-9df8-c8f71fab1751,t3,2,economic,distance,0,,distance,False
1aa01656-9aa7-4766-9df8-c8f71fab1751,t4,3,facility,distance,0,,distance,False
1aa01656-9aa7-4766-9df8-c8f71fab1751,t5,4,disruption,distance,0,,distance,False
1aa01656-9aa7-4766-9df8-c8f71fab1751,t6,5,spatial,distance,0,,distance,False
1aa01656-9aa7-4766-9df8-c8f71fab1751,t7,6,economic,distance,0,,distance,False
1aa01656-9aa7-4766-9df8-c8f71fab1751,t8,7,facility,distance,0,,distance,False
1aa01656-9aa7-4766-9df8-c8f71fab1751,t9,8,disruption,distance,0,,distance,False
1aa01656-9aa7-4766-9df8-c8f71fab1751,t10,9,accessibility,distance,0,,distance,False
2a6f643d-30df-4603-8e7a-01ae36720c87,t1,0,spatial,price_asc,1,15137,,False
2a6f643d-30df-4603-8e7a-01ae36720c87,t2,1,accessibility,distance,0,,price_asc,True
2a6f643d-30df-4603-8e7a-01ae36720c87,t3,2,economic,price_asc,1,22892,distance,True
2a6f643d-30df-4603-8e7a-01ae36720c87,t4,3,facility,rating,1,16453,price_asc,True
2a6f643d-30df-4603-8e7a-01ae36720c87,t5,4,disruption,travel,2,24013,rating,True
2a6f643d-30df-4603-8e7a-01ae36720c87,t6,5,spatial,distance,2,22615,travel,True
2a6f643d-30df-4603-8e7a-01ae36720c87,t7,6,economic,distance,0,,distance,False
2a6f643d-30df-4603-8e7a-01ae36720c87,t8,7,facility,rating,1,13574,distance,True
2a6f643d-30df-4603-8e7a-01ae36720c87,t9,8,disruption,distance,0,,rating,True
2a6f643d-30df-4603-8e7a-01ae36720c87,t10,9,accessibility,travel,1,11792,distance,True
e190e9ba-f7ea-4d44-b57c-c6d76ee94bd9,t1,0,spatial,distance,0,,,False
2fe501f3-10dd-43a5-8fb2-2d98f1ed1bad,t1,0,spatial,price_asc,1,1028,,False
2fe501f3-10dd-43a5-8fb2-2d98f1ed1bad,t2,1,accessibility,price_asc,1,611,price_asc,False
f8a0381d-453d-423d-891e-87aae29846e3,t1,0,spatial,price_asc,1,512,,False
f8a0381d-453d-423d-891e-87aae29846e3,t2,1,accessibility,distance,0,,price_asc,True
f8a0381d-453d-423d-891e-87aae29846e3,t3,2,economic,distance,0,,distance,False
f8a0381d-453d-423d-891e-87aae29846e3,t4,3,facility,price_asc,1,67,distance,True
f8a0381d-453d-423d-891e-87aae29846e3,t5,4,disruption,price_asc,1,137,price_asc,False
f8a0381d-453d-423d-891e-87aae29846e3,t6,5,spatial,distance,0,,price_asc,True
f8a0381d-453d-423d-891e-87aae29846e3,t7,6,economic,price_asc,1,76,distance,True
f8a0381d-453d-423d-891e-87aae29846e3,t8,7,facility,distance,0,,price_asc,True
f8a0381d-453d-423d-891e-87aae29846e3,t9,8,disruption,distance,0,,distance,False
f8a0381d-453d-423d-891e-87aae29846e3,t10,9,accessibility,price_asc,1,116,distance,True
c4d47707-448b-442e-aa0f-7ca4560ab167,t1,0,spatial,travel,1,514,,False
c4d47707-448b-442e-aa0f-7ca4560ab167,t2,1,accessibility,travel,1,207,travel,False
c4d47707-448b-442e-aa0f-7ca4560ab167,t3,2,economic,distance,0,,travel,True
c4d47707-448b-442e-aa0f-7ca4560ab167,t4,3,facility,distance,0,,distance,False
c4d47707-448b-442e-aa0f-7ca4560ab167,t5,4,disruption,travel,1,141,distance,True
c4d47707-448b-442e-aa0f-7ca4560ab167,t6,5,spatial,travel,1,118,travel,False
c4d47707-448b-442e-aa0f-7ca4560ab167,t7,6,economic,travel,1,169,travel,False
c4d47707-448b-442e-aa0f-7ca4560ab167,t8,7,facility,travel,1,35,travel,False
c4d47707-448b-442e-aa0f-7ca4560ab167,t9,8,disruption,travel,1,39,travel,False
c4d47707-448b-442e-aa0f-7ca4560ab167,t10,9,accessibility,travel,1,181,travel,False
5b4197d8-e77c-413b-b648-e8ede8a79537,t1,0,spatial,distance,1,516,,False
5b4197d8-e77c-413b-b648-e8ede8a79537,t2,1,accessibility,distance,1,105,distance,False
5b4197d8-e77c-413b-b648-e8ede8a79537,t3,2,economic,distance,0,,distance,False
5b4197d8-e77c-413b-b648-e8ede8a79537,t4,3,facility,distance,1,156,distance,False
5b4197d8-e77c-413b-b648-e8ede8a79537,t5,4,disruption,distance,1,159,distance,False
5b4197d8-e77c-413b-b648-e8ede8a79537,t6,5,spatial,distance,1,72,distance,False
5b4197d8-e77c-413b-b648-e8ede8a79537,t7,6,economic,distance,0,,distance,False
5b4197d8-e77c-413b-b648-e8ede8a79537,t8,7,facility,distance,0,,distance,False
14522b5f-29a6-41aa-9fd3-e0de686c57b8,t1,0,spatial,travel,1,520,,False
14522b5f-29a6-41aa-9fd3-e0de686c57b8,t2,1,accessibility,travel,1,127,travel,False
14522b5f-29a6-41aa-9fd3-e0de686c57b8,t3,2,economic,distance,0,,travel,True
14522b5f-29a6-41aa-9fd3-e0de686c57b8,t4,3,facility,travel,1,74,distance,True
14522b5f-29a6-41aa-9fd3-e0de686c57b8,t5,4,disruption,travel,1,125,travel,False
14522b5f-29a6-41aa-9fd3-e0de686c57b8,t6,5,spatial,travel,1,56,travel,False
14522b5f-29a6-41aa-9fd3-e0de686c57b8,t7,6,economic,travel,1,28,travel,False
14522b5f-29a6-41aa-9fd3-e0de686c57b8,t8,7,facility,distance,0,,travel,True
16b0c967-6141-4dff-b628-52e0dab79048,t1,0,spatial,distance,1,513,,False
16b0c967-6141-4dff-b628-52e0dab79048,t2,1,accessibility,distance,0,,distance,False
16b0c967-6141-4dff-b628-52e0dab79048,t3,2,economic,distance,0,,distance,False
16b0c967-6141-4dff-b628-52e0dab79048,t4,3,facility,distance,0,,distance,False
16b0c967-6141-4dff-b628-52e0dab79048,t5,4,disruption,distance,1,196,distance,False
16b0c967-6141-4dff-b628-52e0dab79048,t6,5,spatial,distance,1,116,distance,False
16b0c967-6141-4dff-b628-52e0dab79048,t7,6,economic,distance,1,91,distance,False
16b0c967-6141-4dff-b628-52e0dab79048,t8,7,facility,distance,0,,distance,False
16b0c967-6141-4dff-b628-52e0dab79048,t9,8,disruption,distance,0,,distance,False
16b0c967-6141-4dff-b628-52e0dab79048,t10,9,accessibility,distance,1,123,distance,False
5b9a31ee-800c-4cb7-a8f9-c62dbda646d5,t1,0,spatial,price_asc,1,512,,False
5b9a31ee-800c-4cb7-a8f9-c62dbda646d5,t2,1,accessibility,price_asc,1,53,price_asc,False
5b9a31ee-800c-4cb7-a8f9-c62dbda646d5,t3,2,economic,price_asc,1,130,price_asc,False
5b9a31ee-800c-4cb7-a8f9-c62dbda646d5,t4,3,facility,distance,0,,price_asc,True
5b9a31ee-800c-4cb7-a8f9-c62dbda646d5,t5,4,disruption,price_asc,1,152,distance,True
5b9a31ee-800c-4cb7-a8f9-c62dbda646d5,t6,5,spatial,price_asc,1,119,price_asc,False
5b9a31ee-800c-4cb7-a8f9-c62dbda646d5,t7,6,economic,price_asc,1,52,price_asc,False
5b9a31ee-800c-4cb7-a8f9-c62dbda646d5,t8,7,facility,distance,0,,price_asc,True
5b9a31ee-800c-4cb7-a8f9-c62dbda646d5,t9,8,disruption,distance,0,,distance,False
5b9a31ee-800c-4cb7-a8f9-c62dbda646d5,t10,9,accessibility,distance,0,,distance,False
339349a6-544d-4676-bed5-71123af1a56f,t1,0,spatial,price_asc,1,517,,False
339349a6-544d-4676-bed5-71123af1a56f,t2,1,accessibility,price_asc,1,50,price_asc,False
339349a6-544d-4676-bed5-71123af1a56f,t3,2,economic,price_asc,1,212,price_asc,False
339349a6-544d-4676-bed5-71123af1a56f,t4,3,facility,price_asc,1,25,price_asc,False
339349a6-544d-4676-bed5-71123af1a56f,t5,4,disruption,price_asc,1,48,price_asc,False
339349a6-544d-4676-bed5-71123af1a56f,t6,5,spatial,price_asc,1,49,price_asc,False
339349a6-544d-4676-bed5-71123af1a56f,t7,6,economic,price_asc,1,66,price_asc,False
339349a6-544d-4676-bed5-71123af1a56f,t8,7,facility,distance,0,,price_asc,True
339349a6-544d-4676-bed5-71123af1a56f,t9,8,disruption,distance,0,,distance,False
339349a6-544d-4676-bed5-71123af1a56f,t10,9,accessibility,price_asc,1,38,distance,True
803e6992-be71-433e-9c40-e33bf4b26958,t1,0,spatial,price_desc,1,534,,False
803e6992-be71-433e-9c40-e33bf4b26958,t2,1,accessibility,distance,0,,price_desc,True
803e6992-be71-433e-9c40-e33bf4b26958,t3,2,economic,price_desc,1,134,distance,True
803e6992-be71-433e-9c40-e33bf4b26958,t4,3,facility,distance,0,,price_desc,True
803e6992-be71-433e-9c40-e33bf4b26958,t5,4,disruption,distance,0,,distance,False
803e6992-be71-433e-9c40-e33bf4b26958,t6,5,spatial,distance,0,,distance,False
803e6992-be71-433e-9c40-e33bf4b26958,t7,6,economic,price_desc,1,17,distance,True
803e6992-be71-433e-9c40-e33bf4b26958,t8,7,facility,distance,0,,price_desc,True
803e6992-be71-433e-9c40-e33bf4b26958,t9,8,disruption,price_desc,1,151,distance,True
803e6992-be71-433e-9c40-e33bf4b26958,t10,9,accessibility,distance,0,,price_desc,True
8116d80e-af20-44f0-93e4-6c6d2fe3f349,t1,0,spatial,distance,1,516,,False
8116d80e-af20-44f0-93e4-6c6d2fe3f349,t2,1,accessibility,distance,0,,distance,False
8116d80e-af20-44f0-93e4-6c6d2fe3f349,t3,2,economic,distance,1,17,distance,False
8116d80e-af20-44f0-93e4-6c6d2fe3f349,t4,3,facility,distance,0,,distance,False
8116d80e-af20-44f0-93e4-6c6d2fe3f349,t5,4,disruption,distance,0,,distance,False
8116d80e-af20-44f0-93e4-6c6d2fe3f349,t6,5,spatial,distance,0,,distance,False
8116d80e-af20-44f0-93e4-6c6d2fe3f349,t7,6,economic,distance,0,,distance,False
8116d80e-af20-44f0-93e4-6c6d2fe3f349,t8,7,facility,distance,1,135,distance,False
8116d80e-af20-44f0-93e4-6c6d2fe3f349,t9,8,disruption,distance,0,,distance,False
8116d80e-af20-44f0-93e4-6c6d2fe3f349,t10,9,accessibility,distance,0,,distance,False
dbf5ae0f-086e-4770-9515-620a2212f28a,t1,0,spatial,distance,1,548,,False
dbf5ae0f-086e-4770-9515-620a2212f28a,t2,1,accessibility,distance,1,140,distance,False
dbf5ae0f-086e-4770-9515-620a2212f28a,t3,2,economic,distance,1,163,distance,False
dbf5ae0f-086e-4770-9515-620a2212f28a,t4,3,facility,distance,0,,distance,False
dbf5ae0f-086e-4770-9515-620a2212f28a,t5,4,disruption,distance,1,36,distance,False
dbf5ae0f-086e-4770-9515-620a2212f28a,t6,5,spatial,distance,0,,distance,False
dbf5ae0f-086e-4770-9515-620a2212f28a,t7,6,economic,distance,1,24,distance,False
dbf5ae0f-086e-4770-9515-620a2212f28a,t8,7,facility,distance,0,,distance,False
dbf5ae0f-086e-4770-9515-620a2212f28a,t9,8,disruption,distance,0,,distance,False
dbf5ae0f-086e-4770-9515-620a2212f28a,t10,9,accessibility,distance,0,,distance,False
ddc93885-ede0-45ca-979d-5c4c08aceed7,t1,0,spatial,price_asc,1,515,,False
ddc93885-ede0-45ca-979d-5c4c08aceed7,t2,1,accessibility,price_asc,1,89,price_asc,False
ddc93885-ede0-45ca-979d-5c4c08aceed7,t3,2,economic,price_asc,1,105,price_asc,False
ddc93885-ede0-45ca-979d-5c4c08aceed7,t4,3,facility,distance,0,,price_asc,True
ddc93885-ede0-45ca-979d-5c4c08aceed7,t5,4,disruption,distance,0,,distance,False
ddc93885-ede0-45ca-979d-5c4c08aceed7,t6,5,spatial,price_asc,1,125,distance,True
ddc93885-ede0-45ca-979d-5c4c08aceed7,t7,6,economic,price_asc,1,147,price_asc,False
ddc93885-ede0-45ca-979d-5c4c08aceed7,t8,7,facility,distance,0,,price_asc,True
ddc93885-ede0-45ca-979d-5c4c08aceed7,t9,8,disruption,distance,0,,distance,False
ddc93885-ede0-45ca-979d-5c4c08aceed7,t10,9,accessibility,price_asc,1,23,distance,True
cbb8168c-e236-4501-9e5a-6eb272f4e854,t1,0,spatial,price_asc,1,526,,False
cbb8168c-e236-4501-9e5a-6eb272f4e854,t2,1,accessibility,price_asc,1,81,price_asc,False
58956620-1956-433a-b9ff-7079b32b6ed3,t1,0,spatial,travel,1,506,,False
58956620-1956-433a-b9ff-7079b32b6ed3,t2,1,accessibility,distance,0,,travel,True
58956620-1956-433a-b9ff-7079b32b6ed3,t3,2,economic,travel,1,8,distance,True
58956620-1956-433a-b9ff-7079b32b6ed3,t4,3,facility,distance,0,,travel,True
58956620-1956-433a-b9ff-7079b32b6ed3,t5,4,disruption,distance,0,,distance,False
58956620-1956-433a-b9ff-7079b32b6ed3,t6,5,spatial,travel,1,206,distance,True
58956620-1956-433a-b9ff-7079b32b6ed3,t7,6,economic,distance,0,,travel,True
58956620-1956-433a-b9ff-7079b32b6ed3,t8,7,facility,travel,1,35,distance,True
58956620-1956-433a-b9ff-7079b32b6ed3,t9,8,disruption,travel,1,43,travel,False
58956620-1956-433a-b9ff-7079b32b6ed3,t10,9,accessibility,travel,1,34,travel,False
0304ba47-d0d5-49d5-8a66-33bf5eb1a6a8,t1,0,spatial,price_desc,1,508,,False
0304ba47-d0d5-49d5-8a66-33bf5eb1a6a8,t2,1,accessibility,distance,0,,price_desc,True
0304ba47-d0d5-49d5-8a66-33bf5eb1a6a8,t3,2,economic,price_desc,1,66,distance,True
05657b26-5253-4fec-8f6d-d4e05231efdc,t1,0,spatial,rating,1,509,,False
05657b26-5253-4fec-8f6d-d4e05231efdc,t2,1,accessibility,distance,0,,rating,True
05657b26-5253-4fec-8f6d-d4e05231efdc,t3,2,economic,rating,1,59,distance,True
05657b26-5253-4fec-8f6d-d4e05231efdc,t4,3,facility,distance,0,,rating,True
05657b26-5253-4fec-8f6d-d4e05231efdc,t5,4,disruption,rating,1,76,distance,True
05657b26-5253-4fec-8f6d-d4e05231efdc,t6,5,spatial,distance,0,,rating,True
05657b26-5253-4fec-8f6d-d4e05231efdc,t7,6,economic,rating,1,88,distance,True
05657b26-5253-4fec-8f6d-d4e05231efdc,t8,7,facility,distance,0,,rating,True
05657b26-5253-4fec-8f6d-d4e05231efdc,t9,8,disruption,distance,0,,distance,False
05657b26-5253-4fec-8f6d-d4e05231efdc,t10,9,accessibility,distance,0,,distance,False
01ab25d6-8cd4-45bb-9f62-c8fe64ccea3e,t1,0,spatial,price_asc,1,511,,False
01ab25d6-8cd4-45bb-9f62-c8fe64ccea3e,t2,1,accessibility,distance,0,,price_asc,True
01ab25d6-8cd4-45bb-9f62-c8fe64ccea3e,t3,2,economic,price_asc,1,8,distance,True
01ab25d6-8cd4-45bb-9f62-c8fe64ccea3e,t4,3,facility,distance,0,,price_asc,True
01ab25d6-8cd4-45bb-9f62-c8fe64ccea3e,t5,4,disruption,price_asc,1,48,distance,True
01ab25d6-8cd4-45bb-9f62-c8fe64ccea3e,t6,5,spatial,price_asc,1,31,price_asc,False
01ab25d6-8cd4-45bb-9f62-c8fe64ccea3e,t7,6,economic,distance,0,,price_asc,True
01ab25d6-8cd4-45bb-9f62-c8fe64ccea3e,t8,7,facility,price_asc,1,67,distance,True
01ab25d6-8cd4-45bb-9f62-c8fe64ccea3e,t9,8,disruption,distance,0,,price_asc,True
01ab25d6-8cd4-45bb-9f62-c8fe64ccea3e,t10,9,accessibility,distance,0,,distance,False
8a2db5f0-da72-4a4e-ae75-0513ef622bee,t1,0,spatial,distance,1,511,,False
8a2db5f0-da72-4a4e-ae75-0513ef622bee,t2,1,accessibility,distance,1,19,distance,False
8a2db5f0-da72-4a4e-ae75-0513ef622bee,t3,2,economic,distance,0,,distance,False
8a2db5f0-da72-4a4e-ae75-0513ef622bee,t4,3,facility,distance,0,,distance,False
8a2db5f0-da72-4a4e-ae75-0513ef622bee,t5,4,disruption,distance,1,141,distance,False
8a2db5f0-da72-4a4e-ae75-0513ef622bee,t6,5,spatial,distance,0,,distance,False
8a2db5f0-da72-4a4e-ae75-0513ef622bee,t7,6,economic,distance,1,17,distance,False
8a2db5f0-da72-4a4e-ae75-0513ef622bee,t8,7,facility,distance,1,47,distance,False
8a2db5f0-da72-4a4e-ae75-0513ef622bee,t9,8,disruption,distance,1,57,distance,False
8a2db5f0-da72-4a4e-ae75-0513ef622bee,t10,9,accessibility,distance,1,29,distance,False
033f6691-123b-415f-918a-07fa4ed64418,t1,0,spatial,price_desc,1,516,,False
033f6691-123b-415f-918a-07fa4ed64418,t2,1,accessibility,distance,0,,price_desc,True
033f6691-123b-415f-918a-07fa4ed64418,t3,2,economic,distance,0,,distance,False
033f6691-123b-415f-918a-07fa4ed64418,t4,3,facility,price_desc,1,133,distance,True
033f6691-123b-415f-918a-07fa4ed64418,t5,4,disruption,price_desc,1,116,price_desc,False
033f6691-123b-415f-918a-07fa4ed64418,t6,5,spatial,price_desc,1,46,price_desc,False
033f6691-123b-415f-918a-07fa4ed64418,t7,6,economic,distance,0,,price_desc,True
033f6691-123b-415f-918a-07fa4ed64418,t8,7,facility,price_desc,1,11,distance,True
033f6691-123b-415f-918a-07fa4ed64418,t9,8,disruption,distance,0,,price_desc,True
033f6691-123b-415f-918a-07fa4ed64418,t10,9,accessibility,distance,0,,distance,False
4a97df49-0fff-4fba-afe9-3550ef2a8505,t1,0,spatial,price_asc,1,515,,False
4a97df49-0fff-4fba-afe9-3550ef2a8505,t2,1,accessibility,distance,0,,price_asc,True
4a97df49-0fff-4fba-afe9-3550ef2a8505,t3,2,economic,price_asc,1,50,distance,True
4a97df49-0fff-4fba-afe9-3550ef2a8505,t4,3,facility,distance,0,,price_asc,True
4a97df49-0fff-4fba-afe9-3550ef2a8505,t5,4,disruption,price_asc,1,75,distance,True
4a97df49-0fff-4fba-afe9-3550ef2a8505,t6,5,spatial,price_asc,1,138,price_asc,False
4a97df49-0fff-4fba-afe9-3550ef2a8505,t7,6,economic,distance,0,,price_asc,True
4a97df49-0fff-4fba-afe9-3550ef2a8505,t8,7,facility,price_asc,1,22,distance,True
4a97df49-0fff-4fba-afe9-3550ef2a8505,t9,8,disruption,price_asc,1,23,price_asc,False
4a97df49-0fff-4fba-afe9-3550ef2a8505,t10,9,accessibility,distance,0,,price_asc,True
3a29f3df-e6b7-4915-afc6-e0ded125d946,t1,0,spatial,distance,1,510,,False
3a29f3df-e6b7-4915-afc6-e0ded125d946,t2,1,accessibility,distance,0,,distance,False
3a29f3df-e6b7-4915-afc6-e0ded125d946,t3,2,economic,distance,1,46,distance,False
3a29f3df-e6b7-4915-afc6-e0ded125d946,t4,3,facility,distance,0,,distance,False
3a29f3df-e6b7-4915-afc6-e0ded125d946,t5,4,disruption,distance,1,101,distance,False
3a29f3df-e6b7-4915-afc6-e0ded125d946,t6,5,spatial,distance,1,40,distance,False
3a29f3df-e6b7-4915-afc6-e0ded125d946,t7,6,economic,distance,0,,distance,False
3a29f3df-e6b7-4915-afc6-e0ded125d946,t8,7,facility,distance,0,,distance,False
3a29f3df-e6b7-4915-afc6-e0ded125d946,t9,8,disruption,distance,1,58,distance,False
3a29f3df-e6b7-4915-afc6-e0ded125d946,t10,9,accessibility,distance,1,57,distance,False
6e00f041-4e7e-4f1e-8584-fb6af8b89274,t1,0,spatial,travel,1,518,,False
6e00f041-4e7e-4f1e-8584-fb6af8b89274,t2,1,accessibility,distance,0,,travel,True
6e00f041-4e7e-4f1e-8584-fb6af8b89274,t3,2,economic,travel,1,42,distance,True
6e00f041-4e7e-4f1e-8584-fb6af8b89274,t4,3,facility,travel,1,95,travel,False
6e00f041-4e7e-4f1e-8584-fb6af8b89274,t5,4,disruption,distance,0,,travel,True
6e00f041-4e7e-4f1e-8584-fb6af8b89274,t6,5,spatial,distance,0,,distance,False
6e00f041-4e7e-4f1e-8584-fb6af8b89274,t7,6,economic,distance,0,,distance,False
6e00f041-4e7e-4f1e-8584-fb6af8b89274,t8,7,facility,distance,0,,distance,False
6e00f041-4e7e-4f1e-8584-fb6af8b89274,t9,8,disruption,travel,1,120,distance,True
6e00f041-4e7e-4f1e-8584-fb6af8b89274,t10,9,accessibility,distance,0,,travel,True
7bf5b38f-7cfd-4166-b546-787c3d0f8d3d,t1,0,spatial,price_desc,1,518,,False
7bf5b38f-7cfd-4166-b546-787c3d0f8d3d,t2,1,accessibility,price_desc,1,16,price_desc,False
7bf5b38f-7cfd-4166-b546-787c3d0f8d3d,t3,2,economic,distance,0,,price_desc,True
7bf5b38f-7cfd-4166-b546-787c3d0f8d3d,t4,3,facility,distance,0,,distance,False
7bf5b38f-7cfd-4166-b546-787c3d0f8d3d,t5,4,disruption,distance,0,,distance,False
7bf5b38f-7cfd-4166-b546-787c3d0f8d3d,t6,5,spatial,price_desc,1,60,distance,True
7bf5b38f-7cfd-4166-b546-787c3d0f8d3d,t7,6,economic,price_desc,1,111,price_desc,False
7bf5b38f-7cfd-4166-b546-787c3d0f8d3d,t8,7,facility,price_desc,1,79,price_desc,False
7bf5b38f-7cfd-4166-b546-787c3d0f8d3d,t9,8,disruption,price_desc,1,74,price_desc,False
7bf5b38f-7cfd-4166-b546-787c3d0f8d3d,t10,9,accessibility,distance,0,,price_desc,True
42b6298b-53bd-4b4a-ac93-1c74adba9362,t1,0,spatial,travel,1,515,,False
42b6298b-53bd-4b4a-ac93-1c74adba9362,t2,1,accessibility,distance,0,,travel,True
42b6298b-53bd-4b4a-ac93-1c74adba9362,t3,2,economic,distance,0,,distance,False
42b6298b-53bd-4b4a-ac93-1c74adba9362,t4,3,facility,travel,1,26,distance,True
42b6298b-53bd-4b4a-ac93-1c74adba9362,t5,4,disruption,travel,1,70,travel,False
42b6298b-53bd-4b4a-ac93-1c74adba9362,t6,5,spatial,travel,1,34,travel,False
42b6298b-53bd-4b4a-ac93-1c74adba9362,t7,6,economic,travel,1,52,travel,False
42b6298b-53bd-4b4a-ac93-1c74adba9362,t8,7,facility,travel,1,65,travel,False
42b6298b-53bd-4b4a-ac93-1c74adba9362,t9,8,disruption,travel,1,172,travel,False
42b6298b-53bd-4b4a-ac93-1c74adba9362,t10,9,accessibility,travel,1,158,travel,False
b6fb9a0a-690b-4320-ba4c-ab319190b715,t1,0,spatial,travel,1,514,,False
b6fb9a0a-690b-4320-ba4c-ab319190b715,t2,1,accessibility,distance,0,,travel,True
b6fb9a0a-690b-4320-ba4c-ab319190b715,t3,2,economic,distance,0,,distance,False
b6fb9a0a-690b-4320-ba4c-ab319190b715,t4,3,facility,travel,1,146,distance,True
b6fb9a0a-690b-4320-ba4c-ab319190b715,t5,4,disruption,travel,1,167,travel,False
b6fb9a0a-690b-4320-ba4c-ab319190b715,t6,5,spatial,distance,0,,travel,True
b6fb9a0a-690b-4320-ba4c-ab319190b715,t7,6,economic,travel,1,80,distance,True
b6fb9a0a-690b-4320-ba4c-ab319190b715,t8,7,facility,distance,0,,travel,True
b6fb9a0a-690b-4320-ba4c-ab319190b715,t9,8,disruption,travel,1,91,distance,True
b6fb9a0a-690b-4320-ba4c-ab319190b715,t10,9,accessibility,distance,0,,travel,True
711ce072-156a-4173-b2de-0994169c66ad,t1,0,spatial,travel,1,512,,False
711ce072-156a-4173-b2de-0994169c66ad,t2,1,accessibility,travel,1,100,travel,False
711ce072-156a-4173-b2de-0994169c66ad,t3,2,economic,distance,0,,travel,True
711ce072-156a-4173-b2de-0994169c66ad,t4,3,facility,distance,0,,distance,False
711ce072-156a-4173-b2de-0994169c66ad,t5,4,disruption,travel,1,105,distance,True
711ce072-156a-4173-b2de-0994169c66ad,t6,5,spatial,travel,1,115,travel,False
711ce072-156a-4173-b2de-0994169c66ad,t7,6,economic,distance,0,,travel,True
711ce072-156a-4173-b2de-0994169c66ad,t8,7,facility,distance,0,,distance,False
711ce072-156a-4173-b2de-0994169c66ad,t9,8,disruption,travel,1,75,distance,True
711ce072-156a-4173-b2de-0994169c66ad,t10,9,accessibility,distance,0,,travel,True
138f62ca-fb4d-499a-850f-f62349326ab9,t1,0,spatial,travel,1,513,,False
138f62ca-fb4d-499a-850f-f62349326ab9,t2,1,accessibility,distance,0,,travel,True
138f62ca-fb4d-499a-850f-f62349326ab9,t3,2,economic,distance,0,,distance,False
138f62ca-fb4d-499a-850f-f62349326ab9,t4,3,facility,distance,0,,distance,False
138f62ca-fb4d-499a-850f-f62349326ab9,t5,4,disruption,travel,1,101,distance,True
138f62ca-fb4d-499a-850f-f62349326ab9,t6,5,spatial,travel,1,65,travel,False
138f62ca-fb4d-499a-850f-f62349326ab9,t7,6,economic,travel,1,44,travel,False
138f62ca-fb4d-499a-850f-f62349326ab9,t8,7,facility,travel,1,95,travel,False
138f62ca-fb4d-499a-850f-f62349326ab9,t9,8,disruption,distance,0,,travel,True
138f62ca-fb4d-499a-850f-f62349326ab9,t10,9,accessibility,distance,0,,distance,False
038908e9-225a-4f5a-80f3-1572bbf08b9d,t1,0,spatial,travel,1,513,,False
038908e9-225a-4f5a-80f3-1572bbf08b9d,t2,1,accessibility,distance,0,,travel,True
038908e9-225a-4f5a-80f3-1572bbf08b9d,t3,2,economic,distance,0,,distance,False
038908e9-225a-4f5a-80f3-1572bbf08b9d,t4,3,facility,distance,0,,distance,False
038908e9-225a-4f5a-80f3-1572bbf08b9d,t5,4,disruption,travel,1,70,distance,True
038908e9-225a-4f5a-80f3-1572bbf08b9d,t6,5,spatial,travel,1,60,travel,False
038908e9-225a-4f5a-80f3-1572bbf08b9d,t7,6,economic,distance,0,,travel,True
038908e9-225a-4f5a-80f3-1572bbf08b9d,t8,7,facility,travel,1,81,distance,True
038908e9-225a-4f5a-80f3-1572bbf08b9d,t9,8,disruption,travel,1,55,travel,False
038908e9-225a-4f5a-80f3-1572bbf08b9d,t10,9,accessibility,travel,1,19,travel,False
905ed23f-5435-4a9a-a643-2eb35b0e6000,t1,0,spatial,distance,1,518,,False
905ed23f-5435-4a9a-a643-2eb35b0e6000,t2,1,accessibility,distance,0,,distance,False
905ed23f-5435-4a9a-a643-2eb35b0e6000,t3,2,economic,distance,1,153,distance,False
905ed23f-5435-4a9a-a643-2eb35b0e6000,t4,3,facility,distance,0,,distance,False
905ed23f-5435-4a9a-a643-2eb35b0e6000,t5,4,disruption,distance,1,147,distance,False
905ed23f-5435-4a9a-a643-2eb35b0e6000,t6,5,spatial,distance,0,,distance,False
905ed23f-5435-4a9a-a643-2eb35b0e6000,t7,6,economic,distance,0,,distance,False
905ed23f-5435-4a9a-a643-2eb35b0e6000,t8,7,facility,distance,1,25,distance,False
905ed23f-5435-4a9a-a643-2eb35b0e6000,t9,8,disruption,distance,1,117,distance,False
905ed23f-5435-4a9a-a643-2eb35b0e6000,t10,9,accessibility,distance,1,164,distance,False
56f27cd7-f5c5-4980-a986-1da1574dd59a,t1,0,spatial,distance,1,511,,False
56f27cd7-f5c5-4980-a986-1da1574dd59a,t2,1,accessibility,distance,0,,distance,False
56f27cd7-f5c5-4980-a986-1da1574dd59a,t3,2,economic,distance,1,241,distance,False
56f27cd7-f5c5-4980-a986-1da1574dd59a,t4,3,facility,distance,0,,distance,False
56f27cd7-f5c5-4980-a986-1da1574dd59a,t5,4,disruption,distance,1,108,distance,False
56f27cd7-f5c5-4980-a986-1da1574dd59a,t6,5,spatial,distance,1,111,distance,False
56f27cd7-f5c5-4980-a986-1da1574dd59a,t7,6,economic,distance,0,,distance,False
56f27cd7-f5c5-4980-a986-1da1574dd59a,t8,7,facility,distance,1,28,distance,False
56f27cd7-f5c5-4980-a986-1da1574dd59a,t9,8,disruption,distance,1,100,distance,False
56f27cd7-f5c5-4980-a986-1da1574dd59a,t10,9,accessibility,distance,1,127,distance,False
2170b8ce-1904-45bf-9ccc-58710eaef557,t1,0,spatial,rating,1,510,,False
2170b8ce-1904-45bf-9ccc-58710eaef557,t2,1,accessibility,distance,0,,rating,True
2170b8ce-1904-45bf-9ccc-58710eaef557,t3,2,economic,distance,0,,distance,False
2170b8ce-1904-45bf-9ccc-58710eaef557,t4,3,facility,rating,1,120,distance,True
2170b8ce-1904-45bf-9ccc-58710eaef557,t5,4,disruption,rating,1,111,rating,False
2170b8ce-1904-45bf-9ccc-58710eaef557,t6,5,spatial,rating,1,90,rating,False
2170b8ce-1904-45bf-9ccc-58710eaef557,t7,6,economic,rating,1,53,rating,False
2170b8ce-1904-45bf-9ccc-58710eaef557,t8,7,facility,rating,1,58,rating,False
2170b8ce-1904-45bf-9ccc-58710eaef557,t9,8,disruption,rating,1,84,rating,False
2170b8ce-1904-45bf-9ccc-58710eaef557,t10,9,accessibility,distance,0,,rating,True
5d36dc6d-b1b1-441b-964a-048de5704382,t1,0,spatial,travel,1,978,,False
5d36dc6d-b1b1-441b-964a-048de5704382,t2,1,accessibility,travel,1,425,travel,False
5d36dc6d-b1b1-441b-964a-048de5704382,t3,2,economic,travel,1,368,travel,False
5d36dc6d-b1b1-441b-964a-048de5704382,t4,3,facility,travel,1,50,travel,False
5d36dc6d-b1b1-441b-964a-048de5704382,t5,4,disruption,travel,1,82,travel,False
5d36dc6d-b1b1-441b-964a-048de5704382,t6,5,spatial,travel,1,115,travel,False
5d36dc6d-b1b1-441b-964a-048de5704382,t7,6,economic,travel,1,73,travel,False
5d36dc6d-b1b1-441b-964a-048de5704382,t8,7,facility,travel,1,72,travel,False
5d36dc6d-b1b1-441b-964a-048de5704382,t9,8,disruption,travel,1,115,travel,False
5d36dc6d-b1b1-441b-964a-048de5704382,t10,9,accessibility,travel,1,86,travel,False
e89e21b2-0a95-4fd8-b05f-874ba9beb927,t1,0,spatial,distance,1,954,,False
e89e21b2-0a95-4fd8-b05f-874ba9beb927,t2,1,accessibility,distance,1,154,distance,False
e89e21b2-0a95-4fd8-b05f-874ba9beb927,t3,2,economic,distance,0,,distance,False
e89e21b2-0a95-4fd8-b05f-874ba9beb927,t4,3,facility,distance,0,,distance,False
e89e21b2-0a95-4fd8-b05f-874ba9beb927,t5,4,disruption,distance,0,,distance,False
e89e21b2-0a95-4fd8-b05f-874ba9beb927,t6,5,spatial,distance,1,135,distance,False
e89e21b2-0a95-4fd8-b05f-874ba9beb927,t7,6,economic,distance,1,85,distance,False
e89e21b2-0a95-4fd8-b05f-874ba9beb927,t8,7,facility,distance,0,,distance,False
e89e21b2-0a95-4fd8-b05f-874ba9beb927,t9,8,disruption,distance,0,,distance,False
e89e21b2-0a95-4fd8-b05f-874ba9beb927,t10,9,accessibility,distance,1,74,distance,False
919617d8-0510-47b8-9c0b-34f096c883a7,t1,0,spatial,travel,1,969,,False
919617d8-0510-47b8-9c0b-34f096c883a7,t2,1,accessibility,travel,1,157,travel,False
919617d8-0510-47b8-9c0b-34f096c883a7,t3,2,economic,travel,1,296,travel,False
919617d8-0510-47b8-9c0b-34f096c883a7,t4,3,facility,travel,1,75,travel,False
919617d8-0510-47b8-9c0b-34f096c883a7,t5,4,disruption,travel,1,48,travel,False
919617d8-0510-47b8-9c0b-34f096c883a7,t6,5,spatial,travel,1,135,travel,False
919617d8-0510-47b8-9c0b-34f096c883a7,t7,6,economic,travel,1,130,travel,False
919617d8-0510-47b8-9c0b-34f096c883a7,t8,7,facility,travel,1,62,travel,False
919617d8-0510-47b8-9c0b-34f096c883a7,t9,8,disruption,distance,0,,travel,True
919617d8-0510-47b8-9c0b-34f096c883a7,t10,9,accessibility,distance,0,,distance,False
d0acb723-3424-4090-9054-b744b9037202,t1,0,spatial,price_asc,1,1024,,False
d0acb723-3424-4090-9054-b744b9037202,t2,1,accessibility,price_asc,1,149,price_asc,False
d0acb723-3424-4090-9054-b744b9037202,t3,2,economic,price_asc,1,182,price_asc,False
d0acb723-3424-4090-9054-b744b9037202,t4,3,facility,price_asc,1,80,price_asc,False
d0acb723-3424-4090-9054-b744b9037202,t5,4,disruption,distance,0,,price_asc,True
d0acb723-3424-4090-9054-b744b9037202,t6,5,spatial,price_asc,1,160,distance,True
d0acb723-3424-4090-9054-b744b9037202,t7,6,economic,price_asc,1,88,price_asc,False
d0acb723-3424-4090-9054-b744b9037202,t8,7,facility,distance,0,,price_asc,True
d0acb723-3424-4090-9054-b744b9037202,t9,8,disruption,price_asc,1,30,distance,True
d0acb723-3424-4090-9054-b744b9037202,t10,9,accessibility,price_asc,1,54,price_asc,False
5f555c43-2335-4a53-9536-8d99ca473ec4,t1,0,spatial,travel,1,1075,,False
5f555c43-2335-4a53-9536-8d99ca473ec4,t2,1,accessibility,travel,1,142,travel,False
5f555c43-2335-4a53-9536-8d99ca473ec4,t3,2,economic,distance,0,,travel,True
5f555c43-2335-4a53-9536-8d99ca473ec4,t4,3,facility,travel,1,33,distance,True
5f555c43-2335-4a53-9536-8d99ca473ec4,t5,4,disruption,distance,0,,travel,True
5f555c43-2335-4a53-9536-8d99ca473ec4,t6,5,spatial,distance,0,,distance,False
5f555c43-2335-4a53-9536-8d99ca473ec4,t7,6,economic,distance,0,,distance,False
5f555c43-2335-4a53-9536-8d99ca473ec4,t8,7,facility,travel,1,28,distance,True
5f555c43-2335-4a53-9536-8d99ca473ec4,t9,8,disruption,distance,0,,travel,True
5f555c43-2335-4a53-9536-8d99ca473ec4,t10,9,accessibility,travel,1,70,distance,True
4be1c060-e2f0-4fb7-bb19-0a7a0ea55bc8,t1,0,spatial,price_desc,1,886,,False
4be1c060-e2f0-4fb7-bb19-0a7a0ea55bc8,t2,1,accessibility,price_desc,1,75,price_desc,False
4be1c060-e2f0-4fb7-bb19-0a7a0ea55bc8,t3,2,economic,price_desc,1,254,price_desc,False
4be1c060-e2f0-4fb7-bb19-0a7a0ea55bc8,t4,3,facility,distance,0,,price_desc,True
4be1c060-e2f0-4fb7-bb19-0a7a0ea55bc8,t5,4,disruption,distance,0,,distance,False
4be1c060-e2f0-4fb7-bb19-0a7a0ea55bc8,t6,5,spatial,price_desc,1,35,distance,True
4be1c060-e2f0-4fb7-bb19-0a7a0ea55bc8,t7,6,economic,price_desc,1,72,price_desc,False
4be1c060-e2f0-4fb7-bb19-0a7a0ea55bc8,t8,7,facility,price_desc,1,55,price_desc,False
4be1c060-e2f0-4fb7-bb19-0a7a0ea55bc8,t9,8,disruption,price_desc,1,77,price_desc,False
4be1c060-e2f0-4fb7-bb19-0a7a0ea55bc8,t10,9,accessibility,price_desc,1,43,price_desc,False
dcf1859c-9af4-4e21-94eb-84cc5ec089aa,t1,0,spatial,price_desc,1,962,,False
dcf1859c-9af4-4e21-94eb-84cc5ec089aa,t2,1,accessibility,distance,0,,price_desc,True
dcf1859c-9af4-4e21-94eb-84cc5ec089aa,t3,2,economic,price_desc,1,220,distance,True
dcf1859c-9af4-4e21-94eb-84cc5ec089aa,t4,3,facility,price_desc,1,120,price_desc,False
dcf1859c-9af4-4e21-94eb-84cc5ec089aa,t5,4,disruption,price_desc,1,89,price_desc,False
dcf1859c-9af4-4e21-94eb-84cc5ec089aa,t6,5,spatial,distance,0,,price_desc,True
dcf1859c-9af4-4e21-94eb-84cc5ec089aa,t7,6,economic,price_desc,1,53,distance,True
dcf1859c-9af4-4e21-94eb-84cc5ec089aa,t8,7,facility,distance,0,,price_desc,True
dcf1859c-9af4-4e21-94eb-84cc5ec089aa,t9,8,disruption,price_desc,1,51,distance,True
dcf1859c-9af4-4e21-94eb-84cc5ec089aa,t10,9,accessibility,price_desc,1,43,price_desc,False
eff73e56-8ce0-451f-8ee5-a0bc78805d0d,t1,0,spatial,distance,1,994,,False
eff73e56-8ce0-451f-8ee5-a0bc78805d0d,t2,1,accessibility,distance,0,,distance,False
eff73e56-8ce0-451f-8ee5-a0bc78805d0d,t3,2,economic,distance,1,89,distance,False
eff73e56-8ce0-451f-8ee5-a0bc78805d0d,t4,3,facility,distance,1,125,distance,False
eff73e56-8ce0-451f-8ee5-a0bc78805d0d,t5,4,disruption,distance,0,,distance,False
eff73e56-8ce0-451f-8ee5-a0bc78805d0d,t6,5,spatial,distance,0,,distance,False
eff73e56-8ce0-451f-8ee5-a0bc78805d0d,t7,6,economic,distance,1,105,distance,False
eff73e56-8ce0-451f-8ee5-a0bc78805d0d,t8,7,facility,distance,1,33,distance,False
eff73e56-8ce0-451f-8ee5-a0bc78805d0d,t9,8,disruption,distance,0,,distance,False
eff73e56-8ce0-451f-8ee5-a0bc78805d0d,t10,9,accessibility,distance,1,46,distance,False
e882fffa-c752-4b4a-9277-adf36f7c7c7f,t1,0,spatial,travel,1,637,,False
e882fffa-c752-4b4a-9277-adf36f7c7c7f,t2,1,accessibility,distance,0,,travel,True
e882fffa-c752-4b4a-9277-adf36f7c7c7f,t3,2,economic,distance,0,,distance,False
e882fffa-c752-4b4a-9277-adf36f7c7c7f,t4,3,facility,distance,0,,distance,False
e882fffa-c752-4b4a-9277-adf36f7c7c7f,t5,4,disruption,travel,1,62,distance,True
e882fffa-c752-4b4a-9277-adf36f7c7c7f,t6,5,spatial,travel,1,115,travel,False
e882fffa-c752-4b4a-9277-adf36f7c7c7f,t7,6,economic,travel,1,76,travel,False
e882fffa-c752-4b4a-9277-adf36f7c7c7f,t8,7,facility,distance,0,,travel,True
e882fffa-c752-4b4a-9277-adf36f7c7c7f,t9,8,disruption,travel,1,103,distance,True
e882fffa-c752-4b4a-9277-adf36f7c7c7f,t10,9,accessibility,travel,1,50,travel,False
f8b1f970-1642-4c54-8955-c5ec34c98784,t1,0,spatial,price_asc,1,784,,False
f8b1f970-1642-4c54-8955-c5ec34c98784,t2,1,accessibility,distance,0,,price_asc,True
f8b1f970-1642-4c54-8955-c5ec34c98784,t3,2,economic,price_asc,1,123,distance,True
f8b1f970-1642-4c54-8955-c5ec34c98784,t4,3,facility,price_asc,1,182,price_asc,False
f8b1f970-1642-4c54-8955-c5ec34c98784,t5,4,disruption,price_asc,1,111,price_asc,False
f8b1f970-1642-4c54-8955-c5ec34c98784,t6,5,spatial,price_asc,1,58,price_asc,False
f8b1f970-1642-4c54-8955-c5ec34c98784,t7,6,economic,price_asc,1,66,price_asc,False
f8b1f970-1642-4c54-8955-c5ec34c98784,t8,7,facility,price_asc,1,158,price_asc,False
f8b1f970-1642-4c54-8955-c5ec34c98784,t9,8,disruption,distance,0,,price_asc,True
f8b1f970-1642-4c54-8955-c5ec34c98784,t10,9,accessibility,price_asc,1,33,distance,True
298b17d8-0e0d-4314-bf3d-47ddcb4939ee,t1,0,spatial,price_desc,1,517,,False
298b17d8-0e0d-4314-bf3d-47ddcb4939ee,t2,1,accessibility,price_desc,1,129,price_desc,False
298b17d8-0e0d-4314-bf3d-47ddcb4939ee,t3,2,economic,distance,0,,price_desc,True
298b17d8-0e0d-4314-bf3d-47ddcb4939ee,t4,3,facility,price_desc,1,35,distance,True
298b17d8-0e0d-4314-bf3d-47ddcb4939ee,t5,4,disruption,distance,0,,price_desc,True
298b17d8-0e0d-4314-bf3d-47ddcb4939ee,t6,5,spatial,price_desc,1,51,distance,True
298b17d8-0e0d-4314-bf3d-47ddcb4939ee,t7,6,economic,price_desc,1,109,price_desc,False
298b17d8-0e0d-4314-bf3d-47ddcb4939ee,t8,7,facility,price_desc,1,71,price_desc,False
298b17d8-0e0d-4314-bf3d-47ddcb4939ee,t9,8,disruption,distance,0,,price_desc,True
298b17d8-0e0d-4314-bf3d-47ddcb4939ee,t10,9,accessibility,distance,0,,distance,False
29db13b9-03d4-4ff5-90b6-43295b19167f,t1,0,spatial,rating,1,511,,False
29db13b9-03d4-4ff5-90b6-43295b19167f,t2,1,accessibility,rating,1,122,rating,False
9415bb70-6027-428f-83a4-0da537478d0f,t1,0,spatial,distance,1,518,,False
9415bb70-6027-428f-83a4-0da537478d0f,t2,1,accessibility,distance,1,139,distance,False
9415bb70-6027-428f-83a4-0da537478d0f,t3,2,economic,distance,0,,distance,False
9415bb70-6027-428f-83a4-0da537478d0f,t4,3,facility,distance,1,67,distance,False
9415bb70-6027-428f-83a4-0da537478d0f,t5,4,disruption,distance,1,26,distance,False
9415bb70-6027-428f-83a4-0da537478d0f,t6,5,spatial,distance,1,39,distance,False
9415bb70-6027-428f-83a4-0da537478d0f,t7,6,economic,distance,1,142,distance,False
fe5ec673-703e-476e-8038-dd893feb4fea,t1,0,spatial,distance,1,510,,False
fe5ec673-703e-476e-8038-dd893feb4fea,t2,1,accessibility,distance,0,,distance,False
fe5ec673-703e-476e-8038-dd893feb4fea,t3,2,economic,distance,1,58,distance,False
fe5ec673-703e-476e-8038-dd893feb4fea,t4,3,facility,distance,1,98,distance,False
fe5ec673-703e-476e-8038-dd893feb4fea,t5,4,disruption,distance,0,,distance,False
fe5ec673-703e-476e-8038-dd893feb4fea,t6,5,spatial,distance,1,21,distance,False
fe5ec673-703e-476e-8038-dd893feb4fea,t7,6,economic,distance,0,,distance,False
fe5ec673-703e-476e-8038-dd893feb4fea,t8,7,facility,distance,1,199,distance,False
fe5ec673-703e-476e-8038-dd893feb4fea,t9,8,disruption,distance,1,30,distance,False
fe5ec673-703e-476e-8038-dd893feb4fea,t10,9,accessibility,distance,1,72,distance,False
1b331501-ff92-4317-8575-dc256592ff25,t1,0,spatial,price_asc,1,519,,False
1b331501-ff92-4317-8575-dc256592ff25,t2,1,accessibility,distance,0,,price_asc,True
1b331501-ff92-4317-8575-dc256592ff25,t3,2,economic,distance,0,,distance,False
1b331501-ff92-4317-8575-dc256592ff25,t4,3,facility,price_asc,1,139,distance,True
1b331501-ff92-4317-8575-dc256592ff25,t5,4,disruption,price_asc,1,34,price_asc,False
1b331501-ff92-4317-8575-dc256592ff25,t6,5,spatial,price_asc,1,44,price_asc,False
1b331501-ff92-4317-8575-dc256592ff25,t7,6,economic,price_asc,1,176,price_asc,False
1b331501-ff92-4317-8575-dc256592ff25,t8,7,facility,price_asc,1,197,price_asc,False
1b331501-ff92-4317-8575-dc256592ff25,t9,8,disruption,distance,0,,price_asc,True
1b331501-ff92-4317-8575-dc256592ff25,t10,9,accessibility,price_asc,1,74,distance,True
50d1a606-b60f-4054-a668-4af6f361e2ff,t1,0,spatial,price_asc,1,512,,False
50d1a606-b60f-4054-a668-4af6f361e2ff,t2,1,accessibility,price_asc,1,187,price_asc,False
50d1a606-b60f-4054-a668-4af6f361e2ff,t3,2,economic,price_asc,1,187,price_asc,False
50d1a606-b60f-4054-a668-4af6f361e2ff,t4,3,facility,price_asc,1,83,price_asc,False
50d1a606-b60f-4054-a668-4af6f361e2ff,t5,4,disruption,price_asc,1,115,price_asc,False
50d1a606-b60f-4054-a668-4af6f361e2ff,t6,5,spatial,distance,0,,price_asc,True
50d1a606-b60f-4054-a668-4af6f361e2ff,t7,6,economic,price_asc,1,290,distance,True
50d1a606-b60f-4054-a668-4af6f361e2ff,t8,7,facility,price_asc,1,130,price_asc,False
50d1a606-b60f-4054-a668-4af6f361e2ff,t9,8,disruption,distance,0,,price_asc,True
50d1a606-b60f-4054-a668-4af6f361e2ff,t10,9,accessibility,distance,0,,distance,False
b4b4cafe-a586-4eb4-9f6a-08bab5389d24,t1,0,spatial,travel,1,508,,False
b4b4cafe-a586-4eb4-9f6a-08bab5389d24,t2,1,accessibility,travel,1,55,travel,False
b4b4cafe-a586-4eb4-9f6a-08bab5389d24,t3,2,economic,travel,1,311,travel,False
b4b4cafe-a586-4eb4-9f6a-08bab5389d24,t4,3,facility,travel,1,52,travel,False
b4b4cafe-a586-4eb4-9f6a-08bab5389d24,t5,4,disruption,travel,1,123,travel,False
b4b4cafe-a586-4eb4-9f6a-08bab5389d24,t6,5,spatial,travel,1,21,travel,False
b4b4cafe-a586-4eb4-9f6a-08bab5389d24,t7,6,economic,travel,1,111,travel,False
b4b4cafe-a586-4eb4-9f6a-08bab5389d24,t8,7,facility,distance,0,,travel,True
b4b4cafe-a586-4eb4-9f6a-08bab5389d24,t9,8,disruption,distance,0,,distance,False
b4b4cafe-a586-4eb4-9f6a-08bab5389d24,t10,9,accessibility,distance,0,,distance,False
d3589942-d1de-498d-b868-f6903a8994fa,t1,0,spatial,travel,1,511,,False
d3589942-d1de-498d-b868-f6903a8994fa,t2,1,accessibility,distance,0,,travel,True
d3589942-d1de-498d-b868-f6903a8994fa,t3,2,economic,distance,0,,distance,False
d3589942-d1de-498d-b868-f6903a8994fa,t4,3,facility,distance,0,,distance,False
d3589942-d1de-498d-b868-f6903a8994fa,t5,4,disruption,travel,1,28,distance,True
d3589942-d1de-498d-b868-f6903a8994fa,t6,5,spatial,travel,1,62,travel,False
d3589942-d1de-498d-b868-f6903a8994fa,t7,6,economic,travel,1,142,travel,False
d3589942-d1de-498d-b868-f6903a8994fa,t8,7,facility,distance,0,,travel,True
d3589942-d1de-498d-b868-f6903a8994fa,t9,8,disruption,travel,1,17,distance,True
d3589942-d1de-498d-b868-f6903a8994fa,t10,9,accessibility,distance,0,,travel,True
3e7fcbfa-0678-46b3-8928-dd06d9541508,t1,0,spatial,distance,1,509,,False
3e7fcbfa-0678-46b3-8928-dd06d9541508,t2,1,accessibility,distance,0,,distance,False
3e7fcbfa-0678-46b3-8928-dd06d9541508,t3,2,economic,distance,0,,distance,False
3e7fcbfa-0678-46b3-8928-dd06d9541508,t4,3,facility,distance,1,114,distance,False
3e7fcbfa-0678-46b3-8928-dd06d9541508,t5,4,disruption,distance,1,22,distance,False
3e7fcbfa-0678-46b3-8928-dd06d9541508,t6,5,spatial,distance,1,56,distance,False
3e7fcbfa-0678-46b3-8928-dd06d9541508,t7,6,economic,distance,1,170,distance,False
3e7fcbfa-0678-46b3-8928-dd06d9541508,t8,7,facility,distance,0,,distance,False
3e7fcbfa-0678-46b3-8928-dd06d9541508,t9,8,disruption,distance,1,58,distance,False
3e7fcbfa-0678-46b3-8928-dd06d9541508,t10,9,accessibility,distance,1,92,distance,False
2659b4b3-46e7-4929-98f8-6f018cf836cb,t1,0,spatial,price_asc,1,518,,False
2659b4b3-46e7-4929-98f8-6f018cf836cb,t2,1,accessibility,price_asc,1,95,price_asc,False
2659b4b3-46e7-4929-98f8-6f018cf836cb,t3,2,economic,price_asc,1,161,price_asc,False
2659b4b3-46e7-4929-98f8-6f018cf836cb,t4,3,facility,distance,0,,price_asc,True
2659b4b3-46e7-4929-98f8-6f018cf836cb,t5,4,disruption,price_asc,1,119,distance,True
2659b4b3-46e7-4929-98f8-6f018cf836cb,t6,5,spatial,distance,0,,price_asc,True
2659b4b3-46e7-4929-98f8-6f018cf836cb,t7,6,economic,price_asc,1,131,distance,True
2659b4b3-46e7-4929-98f8-6f018cf836cb,t8,7,facility,distance,0,,price_asc,True
2659b4b3-46e7-4929-98f8-6f018cf836cb,t9,8,disruption,price_asc,1,78,distance,True
2659b4b3-46e7-4929-98f8-6f018cf836cb,t10,9,accessibility,distance,0,,price_asc,True
f34b8e4a-45b8-4753-ac18-67671dd0f36f,t1,0,spatial,distance,1,519,,False
f34b8e4a-45b8-4753-ac18-67671dd0f36f,t2,1,accessibility,distance,1,65,distance,False
f34b8e4a-45b8-4753-ac18-67671dd0f36f,t3,2,economic,distance,0,,distance,False
f34b8e4a-45b8-4753-ac18-67671dd0f36f,t4,3,facility,distance,0,,distance,False
f34b8e4a-45b8-4753-ac18-67671dd0f36f,t5,4,disruption,distance,0,,distance,False
f34b8e4a-45b8-4753-ac18-67671dd0f36f,t6,5,spatial,distance,1,79,distance,False
f34b8e4a-45b8-4753-ac18-67671dd0f36f,t7,6,economic,distance,1,23,distance,False
f34b8e4a-45b8-4753-ac18-67671dd0f36f,t8,7,facility,distance,1,206,distance,False
f34b8e4a-45b8-4753-ac18-67671dd0f36f,t9,8,disruption,distance,1,95,distance,False
f34b8e4a-45b8-4753-ac18-67671dd0f36f,t10,9,accessibility,distance,1,128,distance,False
1204e8ed-2cd1-4ee2-bc0d-e7ec142f0d26,t1,0,spatial,price_desc,1,518,,False
1204e8ed-2cd1-4ee2-bc0d-e7ec142f0d26,t2,1,accessibility,price_desc,1,70,price_desc,False
1204e8ed-2cd1-4ee2-bc0d-e7ec142f0d26,t3,2,economic,distance,0,,price_desc,True
1204e8ed-2cd1-4ee2-bc0d-e7ec142f0d26,t4,3,facility,distance,0,,distance,False
1204e8ed-2cd1-4ee2-bc0d-e7ec142f0d26,t5,4,disruption,distance,0,,distance,False
1204e8ed-2cd1-4ee2-bc0d-e7ec142f0d26,t6,5,spatial,distance,0,,distance,False
1204e8ed-2cd1-4ee2-bc0d-e7ec142f0d26,t7,6,economic,price_desc,1,43,distance,True
1204e8ed-2cd1-4ee2-bc0d-e7ec142f0d26,t8,7,facility,price_desc,1,190,price_desc,False
1204e8ed-2cd1-4ee2-bc0d-e7ec142f0d26,t9,8,disruption,price_desc,1,149,price_desc,False
1204e8ed-2cd1-4ee2-bc0d-e7ec142f0d26,t10,9,accessibility,price_desc,1,125,price_desc,False
e8f10ca2-2092-4423-b5ac-95b47490bd9c,t1,0,spatial,travel,1,520,,False
e8f10ca2-2092-4423-b5ac-95b47490bd9c,t2,1,accessibility,travel,1,68,travel,False
e8f10ca2-2092-4423-b5ac-95b47490bd9c,t3,2,economic,distance,0,,travel,True
e8f10ca2-2092-4423-b5ac-95b47490bd9c,t4,3,facility,distance,0,,distance,False
e8f10ca2-2092-4423-b5ac-95b47490bd9c,t5,4,disruption,travel,1,11,distance,True
e8f10ca2-2092-4423-b5ac-95b47490bd9c,t6,5,spatial,travel,1,87,travel,False
e8f10ca2-2092-4423-b5ac-95b47490bd9c,t7,6,economic,travel,1,157,travel,False
e8f10ca2-2092-4423-b5ac-95b47490bd9c,t8,7,facility,travel,1,174,travel,False
e8f10ca2-2092-4423-b5ac-95b47490bd9c,t9,8,disruption,travel,1,86,travel,False
e8f10ca2-2092-4423-b5ac-95b47490bd9c,t10,9,accessibility,travel,1,193,travel,False
6d22d6e8-b4bd-4807-bc49-d881476cd2fa,t1,0,spatial,travel,1,522,,False
6d22d6e8-b4bd-4807-bc49-d881476cd2fa,t2,1,accessibility,distance,0,,travel,True
6d22d6e8-b4bd-4807-bc49-d881476cd2fa,t3,2,economic,distance,0,,distance,False
6d22d6e8-b4bd-4807-bc49-d881476cd2fa,t4,3,facility,distance,0,,distance,False
6d22d6e8-b4bd-4807-bc49-d881476cd2fa,t5,4,disruption,travel,1,70,distance,True
6d22d6e8-b4bd-4807-bc49-d881476cd2fa,t6,5,spatial,travel,1,174,travel,False
6d22d6e8-b4bd-4807-bc49-d881476cd2fa,t7,6,economic,travel,1,142,travel,False
6d22d6e8-b4bd-4807-bc49-d881476cd2fa,t8,7,facility,distance,0,,travel,True
6d22d6e8-b4bd-4807-bc49-d881476cd2fa,t9,8,disruption,travel,1,109,distance,True
6d22d6e8-b4bd-4807-bc49-d881476cd2fa,t10,9,accessibility,travel,1,114,travel,False
8d8e6ec7-08e3-43fc-b5b5-1e5ca126ac3f,t1,0,spatial,price_desc,1,523,,False
8d8e6ec7-08e3-43fc-b5b5-1e5ca126ac3f,t2,1,accessibility,distance,0,,price_desc,True
8d8e6ec7-08e3-43fc-b5b5-1e5ca126ac3f,t3,2,economic,distance,0,,distance,False
8d8e6ec7-08e3-43fc-b5b5-1e5ca126ac3f,t4,3,facility,price_desc,1,133,distance,True
8d8e6ec7-08e3-43fc-b5b5-1e5ca126ac3f,t5,4,disruption,distance,0,,price_desc,True
8d8e6ec7-08e3-43fc-b5b5-1e5ca126ac3f,t6,5,spatial,distance,0,,distance,False
8d8e6ec7-08e3-43fc-b5b5-1e5ca126ac3f,t7,6,economic,price_desc,1,67,distance,True
8d8e6ec7-08e3-43fc-b5b5-1e5ca126ac3f,t8,7,facility,distance,0,,price_desc,True
8d8e6ec7-08e3-43fc-b5b5-1e5ca126ac3f,t9,8,disruption,price_desc,1,123,distance,True
8d8e6ec7-08e3-43fc-b5b5-1e5ca126ac3f,t10,9,accessibility,price_desc,1,96,price_desc,False
2369719c-a47d-4c46-8221-7415c5e4f121,t1,0,spatial,price_asc,1,530,,False
2369719c-a47d-4c46-8221-7415c5e4f121,t2,1,accessibility,distance,0,,price_asc,True
2369719c-a47d-4c46-8221-7415c5e4f121,t3,2,economic,distance,0,,distance,False
2369719c-a47d-4c46-8221-7415c5e4f121,t4,3,facility,distance,0,,distance,False
2369719c-a47d-4c46-8221-7415c5e4f121,t5,4,disruption,distance,0,,distance,False
2369719c-a47d-4c46-8221-7415c5e4f121,t6,5,spatial,price_asc,1,66,distance,True
2369719c-a47d-4c46-8221-7415c5e4f121,t7,6,economic,distance,0,,price_asc,True
2369719c-a47d-4c46-8221-7415c5e4f121,t8,7,facility,price_asc,1,120,distance,True
2369719c-a47d-4c46-8221-7415c5e4f121,t9,8,disruption,distance,0,,price_asc,True
2369719c-a47d-4c46-8221-7415c5e4f121,t10,9,accessibility,distance,0,,distance,False
5075fcf2-7156-47de-abb1-ddb0ad669d2e,t1,0,spatial,price_desc,1,511,,False
5075fcf2-7156-47de-abb1-ddb0ad669d2e,t2,1,accessibility,price_desc,1,35,price_desc,False
5075fcf2-7156-47de-abb1-ddb0ad669d2e,t3,2,economic,distance,0,,price_desc,True
5075fcf2-7156-47de-abb1-ddb0ad669d2e,t4,3,facility,price_desc,1,106,distance,True
5075fcf2-7156-47de-abb1-ddb0ad669d2e,t5,4,disruption,distance,0,,price_desc,True
5075fcf2-7156-47de-abb1-ddb0ad669d2e,t6,5,spatial,price_desc,1,125,distance,True
5075fcf2-7156-47de-abb1-ddb0ad669d2e,t7,6,economic,distance,0,,price_desc,True
5075fcf2-7156-47de-abb1-ddb0ad669d2e,t8,7,facility,price_desc,1,17,distance,True
5075fcf2-7156-47de-abb1-ddb0ad669d2e,t9,8,disruption,price_desc,1,132,price_desc,False
5075fcf2-7156-47de-abb1-ddb0ad669d2e,t10,9,accessibility,price_desc,1,106,price_desc,False
bce61c24-2404-40d3-b40c-67efee431588,t1,0,spatial,travel,1,507,,False
bce61c24-2404-40d3-b40c-67efee431588,t2,1,accessibility,distance,0,,travel,True
bce61c24-2404-40d3-b40c-67efee431588,t3,2,economic,distance,0,,distance,False
bce61c24-2404-40d3-b40c-67efee431588,t4,3,facility,travel,1,78,distance,True
bce61c24-2404-40d3-b40c-67efee431588,t5,4,disruption,travel,1,155,travel,False
bce61c24-2404-40d3-b40c-67efee431588,t6,5,spatial,travel,1,122,travel,False
bce61c24-2404-40d3-b40c-67efee431588,t7,6,economic,travel,1,83,travel,False
bce61c24-2404-40d3-b40c-67efee431588,t8,7,facility,travel,1,53,travel,False
bce61c24-2404-40d3-b40c-67efee431588,t9,8,disruption,travel,1,119,travel,False
bce61c24-2404-40d3-b40c-67efee431588,t10,9,accessibility,travel,1,67,travel,False
131610f4-8e2e-480f-9553-dd6f86700326,t1,0,spatial,price_asc,1,522,,False
131610f4-8e2e-480f-9553-dd6f86700326,t2,1,accessibility,price_asc,1,35,price_asc,False
131610f4-8e2e-480f-9553-dd6f86700326,t3,2,economic,distance,0,,price_asc,True
131610f4-8e2e-480f-9553-dd6f86700326,t4,3,facility,price_asc,1,97,distance,True
131610f4-8e2e-480f-9553-dd6f86700326,t5,4,disruption,price_asc,1,85,price_asc,False
131610f4-8e2e-480f-9553-dd6f86700326,t6,5,spatial,price_asc,1,96,price_asc,False
131610f4-8e2e-480f-9553-dd6f86700326,t7,6,economic,price_asc,1,116,price_asc,False
131610f4-8e2e-480f-9553-dd6f86700326,t8,7,facility,price_asc,1,65,price_asc,False
131610f4-8e2e-480f-9553-dd6f86700326,t9,8,disruption,distance,0,,price_asc,True
5c679c9a-9fa2-4ccc-859d-f53af806d984,t1,0,spatial,distance,1,515,,False
0520f80a-c24a-4655-9d29-2a5f067a2f1d,t1,0,spatial,rating,1,539,,False
0520f80a-c24a-4655-9d29-2a5f067a2f1d,t2,1,accessibility,rating,1,145,rating,False
0520f80a-c24a-4655-9d29-2a5f067a2f1d,t3,2,economic,distance,0,,rating,True
99c43f3d-ba82-4d57-ae05-279f004d5cd4,t1,0,spatial,distance,1,514,,False
99c43f3d-ba82-4d57-ae05-279f004d5cd4,t2,1,accessibility,distance,1,230,distance,False
5ad40679-2dd0-45a4-a201-49e329e67ca0,t1,0,spatial,travel,1,515,,False
5ad40679-2dd0-45a4-a201-49e329e67ca0,t2,1,accessibility,travel,1,390,travel,False
386a2e50-f6d5-4f5d-8326-4d82aa45e1df,t1,0,spatial,price_asc,1,517,,False
386a2e50-f6d5-4f5d-8326-4d82aa45e1df,t2,1,accessibility,price_asc,1,459,price_asc,False
cc75c81c-73ca-4fbb-b683-4b94a44ef082,t1,0,spatial,travel,1,521,,False
cc75c81c-73ca-4fbb-b683-4b94a44ef082,t2,1,accessibility,distance,0,,travel,True
cc75c81c-73ca-4fbb-b683-4b94a44ef082,t3,2,economic,distance,0,,distance,False
4336cb21-3b8e-44c3-bbac-5428dddbbfc8,t1,0,spatial,travel,1,521,,False
4336cb21-3b8e-44c3-bbac-5428dddbbfc8,t2,1,accessibility,distance,0,,travel,True
4336cb21-3b8e-44c3-bbac-5428dddbbfc8,t3,2,economic,distance,0,,distance,False
8f08f159-568e-4eb3-b871-89778683060b,t1,0,spatial,price_asc,1,520,,False
8f08f159-568e-4eb3-b871-89778683060b,t2,1,accessibility,distance,0,,price_asc,True
8f08f159-568e-4eb3-b871-89778683060b,t3,2,economic,distance,0,,distance,False
9a5e81bd-2014-4d20-9cff-a17707c085c1,t1,0,spatial,rating,1,520,,False
9a5e81bd-2014-4d20-9cff-a17707c085c1,t2,1,accessibility,distance,0,,rating,True
9a5e81bd-2014-4d20-9cff-a17707c085c1,t3,2,economic,rating,1,8,distance,True
42d3930b-afe2-4d01-bcf9-951e0abd3857,t1,0,spatial,price_asc,1,509,,False
42d3930b-afe2-4d01-bcf9-951e0abd3857,t2,1,accessibility,distance,0,,price_asc,True
42d3930b-afe2-4d01-bcf9-951e0abd3857,t3,2,economic,distance,0,,distance,False
8225771d-761c-4ff8-b09b-9d7c598f284e,t1,0,spatial,rating,1,515,,False
8225771d-761c-4ff8-b09b-9d7c598f284e,t2,1,accessibility,distance,0,,rating,True
8225771d-761c-4ff8-b09b-9d7c598f284e,t3,2,economic,rating,1,91,distance,True
3bd95d9a-b8ab-4fbf-b418-5161d2fd2789,t1,0,spatial,distance,1,6105,,False
3bd95d9a-b8ab-4fbf-b418-5161d2fd2789,t2,1,accessibility,distance,1,8324,distance,False
3bd95d9a-b8ab-4fbf-b418-5161d2fd2789,t3,2,economic,distance,1,6217,distance,False
3bd95d9a-b8ab-4fbf-b418-5161d2fd2789,t4,3,facility,distance,1,9096,distance,False
3bd95d9a-b8ab-4fbf-b418-5161d2fd2789,t5,4,disruption,distance,1,5628,distance,False
3bd95d9a-b8ab-4fbf-b418-5161d2fd2789,t6,5,spatial,distance,1,9539,distance,False
3bd95d9a-b8ab-4fbf-b418-5161d2fd2789,t7,6,economic,distance,1,5663,distance,False
3bd95d9a-b8ab-4fbf-b418-5161d2fd2789,t8,7,facility,distance,1,7281,distance,False
3bd95d9a-b8ab-4fbf-b418-5161d2fd2789,t9,8,disruption,distance,1,10287,distance,False
3bd95d9a-b8ab-4fbf-b418-5161d2fd2789,t10,9,accessibility,distance,1,9349,distance,False
9dd24252-07ed-4dd0-90e5-232d69fa71da,t1,0,spatial,distance,1,6812,,False
9dd24252-07ed-4dd0-90e5-232d69fa71da,t2,1,accessibility,distance,1,8736,distance,False
9dd24252-07ed-4dd0-90e5-232d69fa71da,t3,2,economic,distance,1,5549,distance,False
9dd24252-07ed-4dd0-90e5-232d69fa71da,t4,3,facility,distance,1,5634,distance,False
9dd24252-07ed-4dd0-90e5-232d69fa71da,t5,4,disruption,distance,1,6214,distance,False
9dd24252-07ed-4dd0-90e5-232d69fa71da,t6,5,spatial,distance,1,5785,distance,False
9dd24252-07ed-4dd0-90e5-232d69fa71da,t7,6,economic,distance,1,9146,distance,False
9dd24252-07ed-4dd0-90e5-232d69fa71da,t8,7,facility,distance,1,5666,distance,False
9dd24252-07ed-4dd0-90e5-232d69fa71da,t9,8,disruption,distance,1,9561,distance,False
9dd24252-07ed-4dd0-90e5-232d69fa71da,t10,9,accessibility,distance,1,8915,distance,False
227d650f-37e9-452c-9202-56cdf1211036,t1,0,spatial,travel,1,8868,,False
227d650f-37e9-452c-9202-56cdf1211036,t2,1,accessibility,travel,1,9607,travel,False
227d650f-37e9-452c-9202-56cdf1211036,t3,2,economic,price_asc,1,9782,travel,True
227d650f-37e9-452c-9202-56cdf1211036,t4,3,facility,distance,1,6331,price_asc,True
227d650f-37e9-452c-9202-56cdf1211036,t5,4,disruption,travel,1,8316,distance,True
227d650f-37e9-452c-9202-56cdf1211036,t6,5,spatial,rating,1,8194,travel,True
227d650f-37e9-452c-9202-56cdf1211036,t7,6,economic,travel,1,8893,rating,True
227d650f-37e9-452c-9202-56cdf1211036,t8,7,facility,price_desc,1,8116,travel,True
227d650f-37e9-452c-9202-56cdf1211036,t9,8,disruption,travel,1,7127,price_desc,True
227d650f-37e9-452c-9202-56cdf1211036,t10,9,accessibility,travel,1,9500,travel,False
c18c7e02-f7d6-42ac-af95-3cc7fbcb77da,t1,0,spatial,price_asc,1,8252,,False
c18c7e02-f7d6-42ac-af95-3cc7fbcb77da,t2,1,accessibility,rating,1,8772,price_asc,True
c18c7e02-f7d6-42ac-af95-3cc7fbcb77da,t3,2,economic,rating,1,9526,rating,False
c18c7e02-f7d6-42ac-af95-3cc7fbcb77da,t4,3,facility,travel,1,6054,rating,True
c18c7e02-f7d6-42ac-af95-3cc7fbcb77da,t5,4,disruption,rating,1,9643,travel,True
c18c7e02-f7d6-42ac-af95-3cc7fbcb77da,t6,5,spatial,travel,1,7784,rating,True
c18c7e02-f7d6-42ac-af95-3cc7fbcb77da,t7,6,economic,rating,1,6419,travel,True
c18c7e02-f7d6-42ac-af95-3cc7fbcb77da,t8,7,facility,rating,1,6235,rating,False
c18c7e02-f7d6-42ac-af95-3cc7fbcb77da,t9,8,disruption,rating,1,5465,rating,False
c18c7e02-f7d6-42ac-af95-3cc7fbcb77da,t10,9,accessibility,rating,1,4346,rating,False
6ef27946-1059-4f47-af9b-d9f75f9801f2,t1,0,spatial,travel,1,7817,,False
6ef27946-1059-4f47-af9b-d9f75f9801f2,t2,1,accessibility,travel,1,5770,travel,False
6ef27946-1059-4f47-af9b-d9f75f9801f2,t3,2,economic,distance,1,5635,travel,True
6ef27946-1059-4f47-af9b-d9f75f9801f2,t4,3,facility,distance,1,8554,distance,False
6ef27946-1059-4f47-af9b-d9f75f9801f2,t5,4,disruption,distance,1,9745,distance,False
6ef27946-1059-4f47-af9b-d9f75f9801f2,t6,5,spatial,distance,1,7682,distance,False
6ef27946-1059-4f47-af9b-d9f75f9801f2,t7,6,economic,travel,1,9506,distance,True
6ef27946-1059-4f47-af9b-d9f75f9801f2,t8,7,facility,price_desc,1,7302,travel,True
6ef27946-1059-4f47-af9b-d9f75f9801f2,t9,8,disruption,distance,1,10509,price_desc,True
6ef27946-1059-4f47-af9b-d9f75f9801f2,t10,9,accessibility,travel,1,8987,distance,True
6f823be1-319b-4587-b625-ce257f1238e6,t1,0,spatial,rating,1,7196,,False
6f823be1-319b-4587-b625-ce257f1238e6,t2,1,accessibility,rating,1,8005,rating,False
6f823be1-319b-4587-b625-ce257f1238e6,t3,2,economic,rating,1,5918,rating,False
6f823be1-319b-4587-b625-ce257f1238e6,t4,3,facility,rating,1,8964,rating,False
6f823be1-319b-4587-b625-ce257f1238e6,t5,4,disruption,rating,1,10197,rating,False
6f823be1-319b-4587-b625-ce257f1238e6,t6,5,spatial,travel,1,7836,rating,True
6f823be1-319b-4587-b625-ce257f1238e6,t7,6,economic,rating,1,4550,travel,True
6f823be1-319b-4587-b625-ce257f1238e6,t8,7,facility,rating,1,9595,rating,False
6f823be1-319b-4587-b625-ce257f1238e6,t9,8,disruption,rating,1,9109,rating,False
6f823be1-319b-4587-b625-ce257f1238e6,t10,9,accessibility,travel,1,6909,rating,True
6723965f-aa48-4312-8506-cee7f606a17a,t1,0,spatial,price_asc,1,8917,,False
6723965f-aa48-4312-8506-cee7f606a17a,t2,1,accessibility,travel,1,7558,price_asc,True
6723965f-aa48-4312-8506-cee7f606a17a,t3,2,economic,price_asc,1,8256,travel,True
6723965f-aa48-4312-8506-cee7f606a17a,t4,3,facility,travel,1,9880,price_asc,True
6723965f-aa48-4312-8506-cee7f606a17a,t5,4,disruption,distance,1,9624,travel,True
6723965f-aa48-4312-8506-cee7f606a17a,t6,5,spatial,travel,1,9105,distance,True
6723965f-aa48-4312-8506-cee7f606a17a,t7,6,economic,distance,1,10110,travel,True
6723965f-aa48-4312-8506-cee7f606a17a,t8,7,facility,price_desc,1,10324,distance,True
6723965f-aa48-4312-8506-cee7f606a17a,t9,8,disruption,distance,1,10385,price_desc,True
6723965f-aa48-4312-8506-cee7f606a17a,t10,9,accessibility,distance,1,6631,distance,False
b45064d7-cf4d-4ce7-9f50-9681dc4d9fd8,t1,0,spatial,distance,1,10767,,False
b45064d7-cf4d-4ce7-9f50-9681dc4d9fd8,t2,1,accessibility,travel,1,7376,distance,True
b45064d7-cf4d-4ce7-9f50-9681dc4d9fd8,t3,2,economic,travel,1,8060,travel,False
b45064d7-cf4d-4ce7-9f50-9681dc4d9fd8,t4,3,facility,travel,1,5012,travel,False
b45064d7-cf4d-4ce7-9f50-9681dc4d9fd8,t5,4,disruption,travel,1,6685,travel,False
b45064d7-cf4d-4ce7-9f50-9681dc4d9fd8,t6,5,spatial,distance,1,9156,travel,True
b45064d7-cf4d-4ce7-9f50-9681dc4d9fd8,t7,6,economic,travel,1,6326,distance,True
b45064d7-cf4d-4ce7-9f50-9681dc4d9fd8,t8,7,facility,price_desc,1,6589,travel,True
b45064d7-cf4d-4ce7-9f50-9681dc4d9fd8,t9,8,disruption,distance,1,7007,price_desc,True
b45064d7-cf4d-4ce7-9f50-9681dc4d9fd8,t10,9,accessibility,travel,1,6591,distance,True
a76352f5-c602-4fc1-b339-3ddb28b1b76e,t1,0,spatial,price_asc,1,10041,,False
a76352f5-c602-4fc1-b339-3ddb28b1b76e,t2,1,accessibility,distance,1,8062,price_asc,True
a76352f5-c602-4fc1-b339-3ddb28b1b76e,t3,2,economic,distance,1,6641,distance,False
a76352f5-c602-4fc1-b339-3ddb28b1b76e,t4,3,facility,distance,1,6063,distance,False
a76352f5-c602-4fc1-b339-3ddb28b1b76e,t5,4,disruption,travel,1,5622,distance,True
a76352f5-c602-4fc1-b339-3ddb28b1b76e,t6,5,spatial,rating,1,8334,travel,True
a76352f5-c602-4fc1-b339-3ddb28b1b76e,t7,6,economic,distance,1,5683,rating,True
a76352f5-c602-4fc1-b339-3ddb28b1b76e,t8,7,facility,price_desc,1,9725,distance,True
a76352f5-c602-4fc1-b339-3ddb28b1b76e,t9,8,disruption,distance,1,8415,price_desc,True
a76352f5-c602-4fc1-b339-3ddb28b1b76e,t10,9,accessibility,travel,1,5855,distance,True
0a894a4e-80c4-4415-afac-cedb82d27a07,t1,0,spatial,price_asc,1,6605,,False
0a894a4e-80c4-4415-afac-cedb82d27a07,t2,1,accessibility,travel,1,7386,price_asc,True
0a894a4e-80c4-4415-afac-cedb82d27a07,t3,2,economic,price_asc,1,8600,travel,True
0a894a4e-80c4-4415-afac-cedb82d27a07,t4,3,facility,rating,1,7646,price_asc,True
0a894a4e-80c4-4415-afac-cedb82d27a07,t5,4,disruption,distance,1,6488,rating,True
0a894a4e-80c4-4415-afac-cedb82d27a07,t6,5,spatial,distance,1,7439,distance,False
0a894a4e-80c4-4415-afac-cedb82d27a07,t7,6,economic,travel,1,6795,distance,True
0a894a4e-80c4-4415-afac-cedb82d27a07,t8,7,facility,distance,1,5895,travel,True
0a894a4e-80c4-4415-afac-cedb82d27a07,t9,8,disruption,distance,1,6547,distance,False
0a894a4e-80c4-4415-afac-cedb82d27a07,t10,9,accessibility,travel,1,5605,distance,True
c4871954-bd48-4d73-a373-6086f890944d,t1,0,spatial,distance,1,7257,,False
c4871954-bd48-4d73-a373-6086f890944d,t2,1,accessibility,distance,1,8587,distance,False
c4871954-bd48-4d73-a373-6086f890944d,t3,2,economic,distance,1,9089,distance,False
c4871954-bd48-4d73-a373-6086f890944d,t4,3,facility,distance,1,7922,distance,False
c4871954-bd48-4d73-a373-6086f890944d,t5,4,disruption,distance,1,8744,distance,False
c4871954-bd48-4d73-a373-6086f890944d,t6,5,spatial,distance,1,7786,distance,False
c4871954-bd48-4d73-a373-6086f890944d,t7,6,economic,distance,1,7360,distance,False
c4871954-bd48-4d73-a373-6086f890944d,t8,7,facility,distance,1,8863,distance,False
85ebaf60-d450-4ee6-9c7d-0a51c31e4a93,t1,0,spatial,travel,1,8391,,False
85ebaf60-d450-4ee6-9c7d-0a51c31e4a93,t2,1,accessibility,travel,1,9499,travel,False
85ebaf60-d450-4ee6-9c7d-0a51c31e4a93,t3,2,economic,travel,1,8918,travel,False
85ebaf60-d450-4ee6-9c7d-0a51c31e4a93,t4,3,facility,travel,1,6926,travel,False
85ebaf60-d450-4ee6-9c7d-0a51c31e4a93,t5,4,disruption,travel,1,8207,travel,False
85ebaf60-d450-4ee6-9c7d-0a51c31e4a93,t6,5,spatial,travel,1,4833,travel,False
85ebaf60-d450-4ee6-9c7d-0a51c31e4a93,t7,6,economic,travel,1,7129,travel,False
85ebaf60-d450-4ee6-9c7d-0a51c31e4a93,t8,7,facility,travel,1,10071,travel,False
4a6e2dd4-6e4b-41b2-871a-90766d4ca1fc,t1,0,spatial,travel,1,7292,,False
4a6e2dd4-6e4b-41b2-871a-90766d4ca1fc,t2,1,accessibility,travel,1,6158,travel,False
4a6e2dd4-6e4b-41b2-871a-90766d4ca1fc,t3,2,economic,travel,1,7261,travel,False
4a6e2dd4-6e4b-41b2-871a-90766d4ca1fc,t4,3,facility,travel,1,8225,travel,False
4a6e2dd4-6e4b-41b2-871a-90766d4ca1fc,t5,4,disruption,travel,1,9218,travel,False
4a6e2dd4-6e4b-41b2-871a-90766d4ca1fc,t6,5,spatial,travel,1,8129,travel,False
4a6e2dd4-6e4b-41b2-871a-90766d4ca1fc,t7,6,economic,travel,1,5925,travel,False
4a6e2dd4-6e4b-41b2-871a-90766d4ca1fc,t8,7,facility,travel,1,7572,travel,False
4a6e2dd4-6e4b-41b2-871a-90766d4ca1fc,t9,8,disruption,travel,1,10111,travel,False
4a6e2dd4-6e4b-41b2-871a-90766d4ca1fc,t9,8,disruption,travel,1,10111,travel,False
4a6e2dd4-6e4b-41b2-871a-90766d4ca1fc,t10,9,accessibility,distance,0,,travel,True
8960e18d-42f0-4fa9-a48d-a954347cdc7d,t1,0,spatial,distance,1,6181,,False
8960e18d-42f0-4fa9-a48d-a954347cdc7d,t2,1,accessibility,distance,1,8867,distance,False
8960e18d-42f0-4fa9-a48d-a954347cdc7d,t3,2,economic,distance,1,7049,distance,False
8960e18d-42f0-4fa9-a48d-a954347cdc7d,t4,3,facility,distance,1,7105,distance,False
8960e18d-42f0-4fa9-a48d-a954347cdc7d,t5,4,disruption,distance,1,8998,distance,False
8960e18d-42f0-4fa9-a48d-a954347cdc7d,t6,5,spatial,distance,1,7507,distance,False
8960e18d-42f0-4fa9-a48d-a954347cdc7d,t7,6,economic,distance,1,9502,distance,False
c9517786-d68a-405c-ae71-d5712b510a9a,t1,0,spatial,rating,1,8013,,False
c9517786-d68a-405c-ae71-d5712b510a9a,t2,1,accessibility,rating,1,9954,rating,False
c9517786-d68a-405c-ae71-d5712b510a9a,t3,2,economic,rating,1,8118,rating,False
c9517786-d68a-405c-ae71-d5712b510a9a,t4,3,facility,rating,1,7511,rating,False
c9517786-d68a-405c-ae71-d5712b510a9a,t5,4,disruption,rating,1,7569,rating,False
c9517786-d68a-405c-ae71-d5712b510a9a,t6,5,spatial,rating,1,5951,rating,False
c9517786-d68a-405c-ae71-d5712b510a9a,t7,6,economic,rating,1,8582,rating,False
444e08a0-501e-490a-906b-fc16a05291d3,t1,0,spatial,travel,1,9740,,False
444e08a0-501e-490a-906b-fc16a05291d3,t2,1,accessibility,travel,1,10231,travel,False
444e08a0-501e-490a-906b-fc16a05291d3,t3,2,economic,distance,1,8719,travel,True
444e08a0-501e-490a-906b-fc16a05291d3,t4,3,facility,distance,1,8741,distance,False
444e08a0-501e-490a-906b-fc16a05291d3,t5,4,disruption,travel,1,7876,distance,True
444e08a0-501e-490a-906b-fc16a05291d3,t6,5,spatial,distance,1,8614,travel,True
444e08a0-501e-490a-906b-fc16a05291d3,t7,6,economic,distance,1,9922,distance,False
444e08a0-501e-490a-906b-fc16a05291d3,t8,7,facility,price_desc,1,6936,distance,True
444e08a0-501e-490a-906b-fc16a05291d3,t8,7,facility,price_desc,1,6936,price_desc,False
35a40275-4330-4bd7-9ea6-8abdf15514b6,t1,0,spatial,price_asc,1,7925,,False
35a40275-4330-4bd7-9ea6-8abdf15514b6,t2,1,accessibility,travel,1,9723,price_asc,True
35a40275-4330-4bd7-9ea6-8abdf15514b6,t3,2,economic,price_asc,1,5706,travel,True
35a40275-4330-4bd7-9ea6-8abdf15514b6,t4,3,facility,distance,1,6269,price_asc,True
35a40275-4330-4bd7-9ea6-8abdf15514b6,t5,4,disruption,distance,1,9781,distance,False
35a40275-4330-4bd7-9ea6-8abdf15514b6,t6,5,spatial,distance,1,6170,distance,False
35a40275-4330-4bd7-9ea6-8abdf15514b6,t7,6,economic,distance,1,8865,distance,False
35a40275-4330-4bd7-9ea6-8abdf15514b6,t8,7,facility,travel,1,6665,distance,True
35a40275-4330-4bd7-9ea6-8abdf15514b6,t9,8,disruption,distance,1,7564,travel,True
35a40275-4330-4bd7-9ea6-8abdf15514b6,t10,9,accessibility,distance,1,8639,distance,False
919c8ddf-db8d-416d-aa8a-848b49a724ca,t1,0,spatial,travel,1,8279,,False
919c8ddf-db8d-416d-aa8a-848b49a724ca,t2,1,accessibility,travel,1,6890,travel,False
919c8ddf-db8d-416d-aa8a-848b49a724ca,t3,2,economic,travel,1,7456,travel,False
919c8ddf-db8d-416d-aa8a-848b49a724ca,t4,3,facility,travel,1,7467,travel,False
919c8ddf-db8d-416d-aa8a-848b49a724ca,t5,4,disruption,travel,1,8148,travel,False
919c8ddf-db8d-416d-aa8a-848b49a724ca,t6,5,spatial,travel,1,8099,travel,False
919c8ddf-db8d-416d-aa8a-848b49a724ca,t7,6,economic,travel,1,6817,travel,False
71d5b095-0645-4c31-9a1b-608189360a6a,t1,0,spatial,distance,1,8397,,False
71d5b095-0645-4c31-9a1b-608189360a6a,t2,1,accessibility,distance,1,6508,distance,False
71d5b095-0645-4c31-9a1b-608189360a6a,t3,2,economic,distance,1,6174,distance,False
71d5b095-0645-4c31-9a1b-608189360a6a,t4,3,facility,distance,1,6817,distance,False
71d5b095-0645-4c31-9a1b-608189360a6a,t5,4,disruption,distance,1,6201,distance,False
71d5b095-0645-4c31-9a1b-608189360a6a,t6,5,spatial,distance,1,6388,distance,False
71d5b095-0645-4c31-9a1b-608189360a6a,t7,6,economic,distance,1,5540,distance,False
71d5b095-0645-4c31-9a1b-608189360a6a,t8,7,facility,distance,1,6717,distance,False
2fbd8f25-4957-475e-b109-528c855d107d,t1,0,spatial,distance,1,8081,,False
2fbd8f25-4957-475e-b109-528c855d107d,t2,1,accessibility,distance,1,6282,distance,False
2fbd8f25-4957-475e-b109-528c855d107d,t3,2,economic,distance,1,5587,distance,False
2fbd8f25-4957-475e-b109-528c855d107d,t4,3,facility,distance,1,8532,distance,False
2fbd8f25-4957-475e-b109-528c855d107d,t5,4,disruption,distance,1,9938,distance,False
2fbd8f25-4957-475e-b109-528c855d107d,t6,5,spatial,distance,1,5623,distance,False
2fbd8f25-4957-475e-b109-528c855d107d,t7,6,economic,distance,1,7271,distance,False
2fbd8f25-4957-475e-b109-528c855d107d,t8,7,facility,distance,1,7807,distance,False
5fc23982-51c7-43fc-b050-4bfdd0659201,t1,0,spatial,rating,1,6324,,False
5fc23982-51c7-43fc-b050-4bfdd0659201,t2,1,accessibility,rating,1,7493,rating,False
5fc23982-51c7-43fc-b050-4bfdd0659201,t3,2,economic,rating,1,7184,rating,False
5fc23982-51c7-43fc-b050-4bfdd0659201,t4,3,facility,rating,1,10088,rating,False
5fc23982-51c7-43fc-b050-4bfdd0659201,t5,4,disruption,rating,1,8422,rating,False
5fc23982-51c7-43fc-b050-4bfdd0659201,t6,5,spatial,rating,1,9058,rating,False
5fc23982-51c7-43fc-b050-4bfdd0659201,t7,6,economic,rating,1,8310,rating,False
5fc23982-51c7-43fc-b050-4bfdd0659201,t8,7,facility,rating,1,8772,rating,False
ccf32534-6b22-4174-bbd6-7210c123ac91,t1,0,spatial,distance,1,6063,,False
ccf32534-6b22-4174-bbd6-7210c123ac91,t2,1,accessibility,distance,1,8757,distance,False
ccf32534-6b22-4174-bbd6-7210c123ac91,t3,2,economic,distance,1,10270,distance,False
ccf32534-6b22-4174-bbd6-7210c123ac91,t4,3,facility,distance,1,6506,distance,False
ccf32534-6b22-4174-bbd6-7210c123ac91,t5,4,disruption,distance,1,9013,distance,False
ccf32534-6b22-4174-bbd6-7210c123ac91,t6,5,spatial,distance,1,7092,distance,False
ccf32534-6b22-4174-bbd6-7210c123ac91,t7,6,economic,distance,1,5878,distance,False
ccf32534-6b22-4174-bbd6-7210c123ac91,t8,7,facility,distance,1,7196,distance,False
ffc4f051-0771-4181-a3cd-f9a51b972a93,t1,0,spatial,rating,1,7061,,False
ffc4f051-0771-4181-a3cd-f9a51b972a93,t2,1,accessibility,travel,1,9161,rating,True
ffc4f051-0771-4181-a3cd-f9a51b972a93,t3,2,economic,rating,1,8299,travel,True
ffc4f051-0771-4181-a3cd-f9a51b972a93,t4,3,facility,rating,1,7263,rating,False
ffc4f051-0771-4181-a3cd-f9a51b972a93,t5,4,disruption,rating,1,7773,rating,False
ffc4f051-0771-4181-a3cd-f9a51b972a93,t6,5,spatial,rating,1,8667,rating,False
ffc4f051-0771-4181-a3cd-f9a51b972a93,t7,6,economic,rating,1,9059,rating,False
ffc4f051-0771-4181-a3cd-f9a51b972a93,t8,7,facility,rating,1,7747,rating,False
e427118b-44a2-4b78-8246-32c9e7bec002,t1,0,spatial,rating,1,8951,,False
e427118b-44a2-4b78-8246-32c9e7bec002,t2,1,accessibility,travel,1,9381,rating,True
e427118b-44a2-4b78-8246-32c9e7bec002,t3,2,economic,rating,1,9247,travel,True
e427118b-44a2-4b78-8246-32c9e7bec002,t4,3,facility,rating,1,8358,rating,False
e427118b-44a2-4b78-8246-32c9e7bec002,t5,4,disruption,rating,1,6133,rating,False
e427118b-44a2-4b78-8246-32c9e7bec002,t6,5,spatial,rating,1,7052,rating,False
e427118b-44a2-4b78-8246-32c9e7bec002,t7,6,economic,rating,1,9236,rating,False
e427118b-44a2-4b78-8246-32c9e7bec002,t8,7,facility,rating,1,10296,rating,False
80fad8a4-3491-4b7b-a8da-6d0d1f9c2eec,t1,0,spatial,rating,1,7359,,False
80fad8a4-3491-4b7b-a8da-6d0d1f9c2eec,t2,1,accessibility,rating,1,5863,rating,False
80fad8a4-3491-4b7b-a8da-6d0d1f9c2eec,t3,2,economic,distance,1,8118,rating,True
80fad8a4-3491-4b7b-a8da-6d0d1f9c2eec,t4,3,facility,travel,1,9339,distance,True
80fad8a4-3491-4b7b-a8da-6d0d1f9c2eec,t5,4,disruption,rating,1,10304,travel,True
80fad8a4-3491-4b7b-a8da-6d0d1f9c2eec,t6,5,spatial,rating,1,5029,rating,False
80fad8a4-3491-4b7b-a8da-6d0d1f9c2eec,t7,6,economic,distance,1,8750,rating,True
80fad8a4-3491-4b7b-a8da-6d0d1f9c2eec,t8,7,facility,rating,1,8720,distance,True
c9634243-ffb0-4cdd-912a-82444af36ad1,t1,0,spatial,travel,1,9296,,False
c9634243-ffb0-4cdd-912a-82444af36ad1,t2,1,accessibility,travel,1,7759,travel,False
c9634243-ffb0-4cdd-912a-82444af36ad1,t3,2,economic,travel,1,6190,travel,False
c9634243-ffb0-4cdd-912a-82444af36ad1,t4,3,facility,travel,1,8163,travel,False
c9634243-ffb0-4cdd-912a-82444af36ad1,t5,4,disruption,travel,1,8306,travel,False
c9634243-ffb0-4cdd-912a-82444af36ad1,t6,5,spatial,travel,1,9579,travel,False
c9634243-ffb0-4cdd-912a-82444af36ad1,t7,6,economic,travel,1,7883,travel,False
c9634243-ffb0-4cdd-912a-82444af36ad1,t8,7,facility,travel,1,6175,travel,False
64e8bb34-b775-4a43-ac5e-79269d3c8d09,t1,0,spatial,distance,1,9356,,False
64e8bb34-b775-4a43-ac5e-79269d3c8d09,t2,1,accessibility,travel,1,8175,distance,True
64e8bb34-b775-4a43-ac5e-79269d3c8d09,t3,2,economic,price_asc,1,8926,travel,True
64e8bb34-b775-4a43-ac5e-79269d3c8d09,t4,3,facility,distance,1,9012,price_asc,True
64e8bb34-b775-4a43-ac5e-79269d3c8d09,t5,4,disruption,travel,1,9855,distance,True
64e8bb34-b775-4a43-ac5e-79269d3c8d09,t6,5,spatial,travel,1,9116,travel,False
64e8bb34-b775-4a43-ac5e-79269d3c8d09,t7,6,economic,travel,1,6661,travel,False
64e8bb34-b775-4a43-ac5e-79269d3c8d09,t8,7,facility,price_desc,1,5746,travel,True
14424e6f-12dd-46c0-86d1-87650ee33654,t1,0,spatial,price_asc,1,6532,,False
14424e6f-12dd-46c0-86d1-87650ee33654,t2,1,accessibility,distance,1,6861,price_asc,True
14424e6f-12dd-46c0-86d1-87650ee33654,t3,2,economic,price_asc,1,7073,distance,True
14424e6f-12dd-46c0-86d1-87650ee33654,t4,3,facility,price_asc,1,6189,price_asc,False
14424e6f-12dd-46c0-86d1-87650ee33654,t5,4,disruption,travel,1,9158,price_asc,True
14424e6f-12dd-46c0-86d1-87650ee33654,t6,5,spatial,travel,1,10134,travel,False
14424e6f-12dd-46c0-86d1-87650ee33654,t7,6,economic,distance,1,6827,travel,True
14424e6f-12dd-46c0-86d1-87650ee33654,t8,7,facility,travel,1,7516,distance,True
e400e7b0-a508-410b-82f5-7ec5e527b41e,t1,0,spatial,price_asc,1,8874,,False
e400e7b0-a508-410b-82f5-7ec5e527b41e,t2,1,accessibility,rating,1,7251,price_asc,True
e400e7b0-a508-410b-82f5-7ec5e527b41e,t3,2,economic,rating,1,6693,rating,False
e400e7b0-a508-410b-82f5-7ec5e527b41e,t4,3,facility,travel,1,9973,rating,True
e400e7b0-a508-410b-82f5-7ec5e527b41e,t5,4,disruption,rating,1,6548,travel,True
e400e7b0-a508-410b-82f5-7ec5e527b41e,t6,5,spatial,rating,1,10245,rating,False
e400e7b0-a508-410b-82f5-7ec5e527b41e,t7,6,economic,travel,1,6000,rating,True
e400e7b0-a508-410b-82f5-7ec5e527b41e,t8,7,facility,distance,1,6428,travel,True
31346ca4-4d28-426c-a548-0ad129c277f3,t1,0,spatial,distance,1,9256,,False
31346ca4-4d28-426c-a548-0ad129c277f3,t2,1,accessibility,distance,1,7948,distance,False
31346ca4-4d28-426c-a548-0ad129c277f3,t3,2,economic,distance,1,9555,distance,False
31346ca4-4d28-426c-a548-0ad129c277f3,t4,3,facility,distance,1,8254,distance,False
31346ca4-4d28-426c-a548-0ad129c277f3,t5,4,disruption,distance,1,6700,distance,False
31346ca4-4d28-426c-a548-0ad129c277f3,t6,5,spatial,distance,1,6724,distance,False
31346ca4-4d28-426c-a548-0ad129c277f3,t7,6,economic,distance,1,6572,distance,False
31346ca4-4d28-426c-a548-0ad129c277f3,t8,7,facility,distance,1,5966,distance,False
31346ca4-4d28-426c-a548-0ad129c277f3,t9,8,disruption,distance,1,6481,distance,False
d902c8cf-a8d9-4a48-829e-535f4e02e28d,t1,0,spatial,price_asc,1,10234,,False
d902c8cf-a8d9-4a48-829e-535f4e02e28d,t2,1,accessibility,travel,1,5400,price_asc,True
d902c8cf-a8d9-4a48-829e-535f4e02e28d,t3,2,economic,price_asc,1,6812,travel,True
d902c8cf-a8d9-4a48-829e-535f4e02e28d,t4,3,facility,distance,1,9677,price_asc,True
d902c8cf-a8d9-4a48-829e-535f4e02e28d,t5,4,disruption,distance,1,9208,distance,False
d902c8cf-a8d9-4a48-829e-535f4e02e28d,t6,5,spatial,distance,1,6242,distance,False
d902c8cf-a8d9-4a48-829e-535f4e02e28d,t7,6,economic,distance,1,10279,distance,False
d902c8cf-a8d9-4a48-829e-535f4e02e28d,t8,7,facility,travel,1,8793,distance,True
d902c8cf-a8d9-4a48-829e-535f4e02e28d,t9,8,disruption,distance,1,6263,travel,True
d902c8cf-a8d9-4a48-829e-535f4e02e28d,t10,9,accessibility,travel,1,8136,distance,True
d463c5a0-5d4a-43de-9357-38c4cadfbcef,t1,0,spatial,travel,1,6770,,False
d463c5a0-5d4a-43de-9357-38c4cadfbcef,t2,1,accessibility,travel,1,5949,travel,False
d463c5a0-5d4a-43de-9357-38c4cadfbcef,t3,2,economic,travel,1,7652,travel,False
d463c5a0-5d4a-43de-9357-38c4cadfbcef,t4,3,facility,travel,1,8770,travel,False
d463c5a0-5d4a-43de-9357-38c4cadfbcef,t5,4,disruption,travel,1,9143,travel,False
d463c5a0-5d4a-43de-9357-38c4cadfbcef,t6,5,spatial,travel,1,9026,travel,False
d463c5a0-5d4a-43de-9357-38c4cadfbcef,t7,6,economic,travel,1,8826,travel,False
d463c5a0-5d4a-43de-9357-38c4cadfbcef,t8,7,facility,travel,1,7995,travel,False
d463c5a0-5d4a-43de-9357-38c4cadfbcef,t9,8,disruption,travel,1,9936,travel,False
d463c5a0-5d4a-43de-9357-38c4cadfbcef,t10,9,accessibility,travel,1,8781,travel,False
c3198854-66e0-49e0-92f1-c6808cecf417,t1,0,spatial,rating,1,11085,,False
c3198854-66e0-49e0-92f1-c6808cecf417,t2,1,accessibility,rating,1,6490,rating,False
c3198854-66e0-49e0-92f1-c6808cecf417,t3,2,economic,rating,1,10526,rating,False
c3198854-66e0-49e0-92f1-c6808cecf417,t4,3,facility,distance,1,6753,rating,True
c3198854-66e0-49e0-92f1-c6808cecf417,t5,4,disruption,rating,1,5975,distance,True
c3198854-66e0-49e0-92f1-c6808cecf417,t6,5,spatial,travel,1,9251,rating,True
c3198854-66e0-49e0-92f1-c6808cecf417,t7,6,economic,rating,1,8232,travel,True
c3198854-66e0-49e0-92f1-c6808cecf417,t8,7,facility,rating,1,9341,rating,False
c3198854-66e0-49e0-92f1-c6808cecf417,t9,8,disruption,rating,1,10291,rating,False
c3198854-66e0-49e0-92f1-c6808cecf417,t10,9,accessibility,travel,1,7677,rating,True
8e7f9192-ad5d-425e-b3f2-a0709542a7e7,t1,0,spatial,distance,1,8500,,False
8e7f9192-ad5d-425e-b3f2-a0709542a7e7,t2,1,accessibility,distance,1,8382,distance,False
8e7f9192-ad5d-425e-b3f2-a0709542a7e7,t3,2,economic,distance,1,7462,distance,False
8e7f9192-ad5d-425e-b3f2-a0709542a7e7,t4,3,facility,distance,1,8555,distance,False
8e7f9192-ad5d-425e-b3f2-a0709542a7e7,t5,4,disruption,distance,1,9257,distance,False
8e7f9192-ad5d-425e-b3f2-a0709542a7e7,t6,5,spatial,distance,1,6421,distance,False
8e7f9192-ad5d-425e-b3f2-a0709542a7e7,t7,6,economic,distance,1,10234,distance,False
8e7f9192-ad5d-425e-b3f2-a0709542a7e7,t8,7,facility,distance,1,8312,distance,False
8e7f9192-ad5d-425e-b3f2-a0709542a7e7,t9,8,disruption,distance,1,7555,distance,False
8e7f9192-ad5d-425e-b3f2-a0709542a7e7,t10,9,accessibility,distance,1,7943,distance,False
d80f50b4-d7d2-492f-8cee-0bc92597b13d,t1,0,spatial,distance,1,9430,,False
d80f50b4-d7d2-492f-8cee-0bc92597b13d,t2,1,accessibility,distance,1,9500,distance,False
d80f50b4-d7d2-492f-8cee-0bc92597b13d,t3,2,economic,distance,1,9294,distance,False
d80f50b4-d7d2-492f-8cee-0bc92597b13d,t4,3,facility,distance,1,8965,distance,False
d80f50b4-d7d2-492f-8cee-0bc92597b13d,t5,4,disruption,distance,1,7508,distance,False
d80f50b4-d7d2-492f-8cee-0bc92597b13d,t6,5,spatial,distance,1,6920,distance,False
d80f50b4-d7d2-492f-8cee-0bc92597b13d,t7,6,economic,distance,1,6113,distance,False
d80f50b4-d7d2-492f-8cee-0bc92597b13d,t8,7,facility,distance,1,6091,distance,False
d80f50b4-d7d2-492f-8cee-0bc92597b13d,t9,8,disruption,distance,1,6120,distance,False
d80f50b4-d7d2-492f-8cee-0bc92597b13d,t10,9,accessibility,distance,1,7770,distance,False
05529f26-32fe-4c12-b2f8-715e656d4450,t1,0,spatial,rating,1,9353,,False
05529f26-32fe-4c12-b2f8-715e656d4450,t2,1,accessibility,travel,1,6518,rating,True
05529f26-32fe-4c12-b2f8-715e656d4450,t3,2,economic,travel,1,6548,travel,False
05529f26-32fe-4c12-b2f8-715e656d4450,t4,3,facility,rating,1,6200,travel,True
05529f26-32fe-4c12-b2f8-715e656d4450,t5,4,disruption,rating,1,9316,rating,False
05529f26-32fe-4c12-b2f8-715e656d4450,t6,5,spatial,rating,1,7608,rating,False
05529f26-32fe-4c12-b2f8-715e656d4450,t7,6,economic,rating,1,8626,rating,False
05529f26-32fe-4c12-b2f8-715e656d4450,t8,7,facility,rating,1,9852,rating,False
05529f26-32fe-4c12-b2f8-715e656d4450,t9,8,disruption,rating,1,9530,rating,False
05529f26-32fe-4c12-b2f8-715e656d4450,t10,9,accessibility,rating,1,10119,rating,False
829c6f06-4a98-41a2-a8c5-b91445d7271b,t1,0,spatial,travel,1,9791,,False
829c6f06-4a98-41a2-a8c5-b91445d7271b,t2,1,accessibility,travel,1,10209,travel,False
829c6f06-4a98-41a2-a8c5-b91445d7271b,t3,2,economic,travel,1,9286,travel,False
829c6f06-4a98-41a2-a8c5-b91445d7271b,t4,3,facility,travel,1,9899,travel,False
829c6f06-4a98-41a2-a8c5-b91445d7271b,t5,4,disruption,travel,1,8905,travel,False
829c6f06-4a98-41a2-a8c5-b91445d7271b,t6,5,spatial,travel,1,10301,travel,False
829c6f06-4a98-41a2-a8c5-b91445d7271b,t7,6,economic,travel,1,9944,travel,False
829c6f06-4a98-41a2-a8c5-b91445d7271b,t8,7,facility,travel,1,5872,travel,False
829c6f06-4a98-41a2-a8c5-b91445d7271b,t9,8,disruption,travel,1,10257,travel,False
829c6f06-4a98-41a2-a8c5-b91445d7271b,t10,9,accessibility,travel,1,9288,travel,False
fcdbbbff-897f-407a-9b89-dcf75c337095,t1,0,spatial,price_asc,1,6146,,False
fcdbbbff-897f-407a-9b89-dcf75c337095,t2,1,accessibility,distance,1,9739,price_asc,True
fcdbbbff-897f-407a-9b89-dcf75c337095,t3,2,economic,travel,1,5755,distance,True
fcdbbbff-897f-407a-9b89-dcf75c337095,t4,3,facility,distance,1,10567,travel,True
fcdbbbff-897f-407a-9b89-dcf75c337095,t5,4,disruption,distance,1,8089,distance,False
fcdbbbff-897f-407a-9b89-dcf75c337095,t6,5,spatial,travel,1,7309,distance,True
fcdbbbff-897f-407a-9b89-dcf75c337095,t7,6,economic,travel,1,9858,travel,False
fcdbbbff-897f-407a-9b89-dcf75c337095,t8,7,facility,price_desc,1,7222,travel,True
fcdbbbff-897f-407a-9b89-dcf75c337095,t9,8,disruption,distance,1,8359,price_desc,True
fcdbbbff-897f-407a-9b89-dcf75c337095,t10,9,accessibility,distance,1,10084,distance,False
f185b9a5-58f5-4cd5-912f-9d58ab5503fb,t1,0,spatial,travel,1,6787,,False
f185b9a5-58f5-4cd5-912f-9d58ab5503fb,t2,1,accessibility,travel,1,10589,travel,False
f185b9a5-58f5-4cd5-912f-9d58ab5503fb,t3,2,economic,travel,1,7269,travel,False
f185b9a5-58f5-4cd5-912f-9d58ab5503fb,t4,3,facility,travel,1,7404,travel,False
f185b9a5-58f5-4cd5-912f-9d58ab5503fb,t5,4,disruption,travel,1,6141,travel,False
f185b9a5-58f5-4cd5-912f-9d58ab5503fb,t6,5,spatial,travel,1,10154,travel,False
f185b9a5-58f5-4cd5-912f-9d58ab5503fb,t7,6,economic,travel,1,8136,travel,False
f185b9a5-58f5-4cd5-912f-9d58ab5503fb,t8,7,facility,travel,1,7030,travel,False
f185b9a5-58f5-4cd5-912f-9d58ab5503fb,t9,8,disruption,travel,1,8676,travel,False
f185b9a5-58f5-4cd5-912f-9d58ab5503fb,t10,9,accessibility,travel,1,6657,travel,False
fb564c47-d739-41a4-958f-f9f2d90d7b05,t1,0,spatial,distance,1,9350,,False
fb564c47-d739-41a4-958f-f9f2d90d7b05,t2,1,accessibility,distance,1,8175,distance,False
fb564c47-d739-41a4-958f-f9f2d90d7b05,t3,2,economic,distance,1,8610,distance,False
fb564c47-d739-41a4-958f-f9f2d90d7b05,t4,3,facility,distance,1,7924,distance,False
fb564c47-d739-41a4-958f-f9f2d90d7b05,t5,4,disruption,distance,1,6737,distance,False
fb564c47-d739-41a4-958f-f9f2d90d7b05,t6,5,spatial,distance,1,8041,distance,False
fb564c47-d739-41a4-958f-f9f2d90d7b05,t7,6,economic,distance,1,6090,distance,False
fb564c47-d739-41a4-958f-f9f2d90d7b05,t8,7,facility,distance,1,6588,distance,False
fb564c47-d739-41a4-958f-f9f2d90d7b05,t9,8,disruption,distance,1,8492,distance,False
fb564c47-d739-41a4-958f-f9f2d90d7b05,t10,9,accessibility,distance,1,9797,distance,False
dcb44941-9b4f-4a45-b53f-55cc46f308ce,t1,0,spatial,distance,1,10332,,False
dcb44941-9b4f-4a45-b53f-55cc46f308ce,t2,1,accessibility,distance,1,9860,distance,False
dcb44941-9b4f-4a45-b53f-55cc46f308ce,t3,2,economic,distance,1,8202,distance,False
dcb44941-9b4f-4a45-b53f-55cc46f308ce,t4,3,facility,distance,1,8986,distance,False
dcb44941-9b4f-4a45-b53f-55cc46f308ce,t5,4,disruption,distance,1,10240,distance,False
dcb44941-9b4f-4a45-b53f-55cc46f308ce,t6,5,spatial,distance,1,7730,distance,False
dcb44941-9b4f-4a45-b53f-55cc46f308ce,t7,6,economic,distance,1,10406,distance,False
dcb44941-9b4f-4a45-b53f-55cc46f308ce,t8,7,facility,distance,1,7158,distance,False
dcb44941-9b4f-4a45-b53f-55cc46f308ce,t9,8,disruption,distance,1,8356,distance,False
dcb44941-9b4f-4a45-b53f-55cc46f308ce,t10,9,accessibility,distance,1,5774,distance,False
95adf2a0-7b6b-4f61-a668-44edc038e699,t1,0,spatial,travel,1,6718,,False
95adf2a0-7b6b-4f61-a668-44edc038e699,t2,1,accessibility,travel,1,7589,travel,False
95adf2a0-7b6b-4f61-a668-44edc038e699,t3,2,economic,travel,1,7282,travel,False
95adf2a0-7b6b-4f61-a668-44edc038e699,t4,3,facility,travel,1,9973,travel,False
95adf2a0-7b6b-4f61-a668-44edc038e699,t5,4,disruption,travel,1,6015,travel,False
95adf2a0-7b6b-4f61-a668-44edc038e699,t6,5,spatial,travel,1,8638,travel,False
95adf2a0-7b6b-4f61-a668-44edc038e699,t7,6,economic,travel,1,10491,travel,False
95adf2a0-7b6b-4f61-a668-44edc038e699,t8,7,facility,travel,1,6785,travel,False
95adf2a0-7b6b-4f61-a668-44edc038e699,t9,8,disruption,travel,1,10631,travel,False
95adf2a0-7b6b-4f61-a668-44edc038e699,t10,9,accessibility,travel,1,8873,travel,False
2caa4867-147e-4d5d-b069-ae353b616d32,t1,0,spatial,price_asc,1,7744,,False
2caa4867-147e-4d5d-b069-ae353b616d32,t2,1,accessibility,travel,1,6073,price_asc,True
2caa4867-147e-4d5d-b069-ae353b616d32,t3,2,economic,distance,1,8704,travel,True
2caa4867-147e-4d5d-b069-ae353b616d32,t4,3,facility,distance,1,9640,distance,False
2caa4867-147e-4d5d-b069-ae353b616d32,t5,4,disruption,travel,1,6025,distance,True
2caa4867-147e-4d5d-b069-ae353b616d32,t6,5,spatial,distance,1,10525,travel,True
2caa4867-147e-4d5d-b069-ae353b616d32,t7,6,economic,travel,1,8994,distance,True
2caa4867-147e-4d5d-b069-ae353b616d32,t8,7,facility,price_desc,1,5809,travel,True
2caa4867-147e-4d5d-b069-ae353b616d32,t9,8,disruption,travel,1,6081,price_desc,True
2caa4867-147e-4d5d-b069-ae353b616d32,t10,9,accessibility,distance,1,7344,travel,True
ffb1554e-e95e-4eb8-97ab-ca2952b3ef5e,t1,0,spatial,travel,1,6947,,False
ffb1554e-e95e-4eb8-97ab-ca2952b3ef5e,t2,1,accessibility,travel,1,7763,travel,False
ffb1554e-e95e-4eb8-97ab-ca2952b3ef5e,t3,2,economic,travel,1,6828,travel,False
ffb1554e-e95e-4eb8-97ab-ca2952b3ef5e,t4,3,facility,travel,1,6821,travel,False
ffb1554e-e95e-4eb8-97ab-ca2952b3ef5e,t5,4,disruption,travel,1,8305,travel,False
ffb1554e-e95e-4eb8-97ab-ca2952b3ef5e,t6,5,spatial,travel,1,7125,travel,False
ffb1554e-e95e-4eb8-97ab-ca2952b3ef5e,t7,6,economic,travel,1,6121,travel,False
ffb1554e-e95e-4eb8-97ab-ca2952b3ef5e,t8,7,facility,travel,1,8183,travel,False
ffb1554e-e95e-4eb8-97ab-ca2952b3ef5e,t9,8,disruption,travel,1,8701,travel,False
ffb1554e-e95e-4eb8-97ab-ca2952b3ef5e,t10,9,accessibility,travel,1,10535,travel,False
493ccccd-95c7-4e6a-bbf0-0acc815af47f,t1,0,spatial,rating,1,9092,,False
493ccccd-95c7-4e6a-bbf0-0acc815af47f,t2,1,accessibility,rating,1,6327,rating,False
493ccccd-95c7-4e6a-bbf0-0acc815af47f,t3,2,economic,rating,1,10068,rating,False
493ccccd-95c7-4e6a-bbf0-0acc815af47f,t4,3,facility,rating,1,10513,rating,False
493ccccd-95c7-4e6a-bbf0-0acc815af47f,t5,4,disruption,rating,1,6001,rating,False
493ccccd-95c7-4e6a-bbf0-0acc815af47f,t6,5,spatial,rating,1,8048,rating,False
493ccccd-95c7-4e6a-bbf0-0acc815af47f,t7,6,economic,distance,1,9238,rating,True
493ccccd-95c7-4e6a-bbf0-0acc815af47f,t8,7,facility,rating,1,6737,distance,True
493ccccd-95c7-4e6a-bbf0-0acc815af47f,t9,8,disruption,rating,1,9837,rating,False
493ccccd-95c7-4e6a-bbf0-0acc815af47f,t10,9,accessibility,rating,1,9300,rating,False
1a470cae-d2aa-4473-ab0f-1f103d642296,t1,0,spatial,travel,1,10663,,False
1a470cae-d2aa-4473-ab0f-1f103d642296,t2,1,accessibility,travel,1,8420,travel,False
1a470cae-d2aa-4473-ab0f-1f103d642296,t3,2,economic,travel,1,8008,travel,False
1a470cae-d2aa-4473-ab0f-1f103d642296,t4,3,facility,travel,1,7262,travel,False
1a470cae-d2aa-4473-ab0f-1f103d642296,t5,4,disruption,travel,1,10557,travel,False
1a470cae-d2aa-4473-ab0f-1f103d642296,t6,5,spatial,travel,1,8685,travel,False
1a470cae-d2aa-4473-ab0f-1f103d642296,t7,6,economic,travel,1,10159,travel,False
1a470cae-d2aa-4473-ab0f-1f103d642296,t8,7,facility,travel,1,7654,travel,False
1a470cae-d2aa-4473-ab0f-1f103d642296,t9,8,disruption,travel,1,7810,travel,False
1a470cae-d2aa-4473-ab0f-1f103d642296,t10,9,accessibility,travel,1,9523,travel,False
e801b714-1a18-4f33-8200-ca9f66feab9d,t1,0,spatial,travel,1,6938,,False
e801b714-1a18-4f33-8200-ca9f66feab9d,t2,1,accessibility,travel,1,8138,travel,False
e801b714-1a18-4f33-8200-ca9f66feab9d,t3,2,economic,travel,1,10061,travel,False
e801b714-1a18-4f33-8200-ca9f66feab9d,t4,3,facility,travel,1,10529,travel,False
e801b714-1a18-4f33-8200-ca9f66feab9d,t5,4,disruption,travel,1,9666,travel,False
e801b714-1a18-4f33-8200-ca9f66feab9d,t6,5,spatial,travel,1,9946,travel,False
e801b714-1a18-4f33-8200-ca9f66feab9d,t7,6,economic,travel,1,6456,travel,False
e801b714-1a18-4f33-8200-ca9f66feab9d,t8,7,facility,travel,1,9002,travel,False
e801b714-1a18-4f33-8200-ca9f66feab9d,t9,8,disruption,travel,1,10111,travel,False
e801b714-1a18-4f33-8200-ca9f66feab9d,t10,9,accessibility,travel,1,6380,travel,False
0b984483-9d1e-4406-be3a-2bdc9f3a1f66,t1,0,spatial,price_asc,1,9360,,False
0b984483-9d1e-4406-be3a-2bdc9f3a1f66,t2,1,accessibility,travel,1,7522,price_asc,True
0b984483-9d1e-4406-be3a-2bdc9f3a1f66,t3,2,economic,price_asc,1,8675,travel,True
0b984483-9d1e-4406-be3a-2bdc9f3a1f66,t4,3,facility,distance,1,6692,price_asc,True
0b984483-9d1e-4406-be3a-2bdc9f3a1f66,t5,4,disruption,distance,1,7084,distance,False
0b984483-9d1e-4406-be3a-2bdc9f3a1f66,t6,5,spatial,rating,1,6907,distance,True
0b984483-9d1e-4406-be3a-2bdc9f3a1f66,t7,6,economic,travel,1,8063,rating,True
0b984483-9d1e-4406-be3a-2bdc9f3a1f66,t8,7,facility,travel,1,8781,travel,False
0b984483-9d1e-4406-be3a-2bdc9f3a1f66,t9,8,disruption,distance,1,7068,travel,True
0b984483-9d1e-4406-be3a-2bdc9f3a1f66,t10,9,accessibility,distance,1,9961,distance,False
c9340362-b29e-4a4b-a593-03db61c8d33c,t1,0,spatial,travel,1,10534,,False
c9340362-b29e-4a4b-a593-03db61c8d33c,t2,1,accessibility,travel,1,7456,travel,False
c9340362-b29e-4a4b-a593-03db61c8d33c,t3,2,economic,travel,1,9819,travel,False
c9340362-b29e-4a4b-a593-03db61c8d33c,t4,3,facility,travel,1,9565,travel,False
c9340362-b29e-4a4b-a593-03db61c8d33c,t5,4,disruption,travel,1,5634,travel,False
c9340362-b29e-4a4b-a593-03db61c8d33c,t6,5,spatial,travel,1,6071,travel,False
c9340362-b29e-4a4b-a593-03db61c8d33c,t7,6,economic,travel,1,7665,travel,False
c9340362-b29e-4a4b-a593-03db61c8d33c,t8,7,facility,travel,1,5791,travel,False
c9340362-b29e-4a4b-a593-03db61c8d33c,t9,8,disruption,travel,1,9397,travel,False
c9340362-b29e-4a4b-a593-03db61c8d33c,t10,9,accessibility,travel,1,8436,travel,False
14433c95-6897-4761-880e-6a777a82542e,t1,0,spatial,distance,1,8713,,False
14433c95-6897-4761-880e-6a777a82542e,t2,1,accessibility,distance,1,5698,distance,False
14433c95-6897-4761-880e-6a777a82542e,t3,2,economic,distance,1,5702,distance,False
14433c95-6897-4761-880e-6a777a82542e,t4,3,facility,distance,1,7631,distance,False
14433c95-6897-4761-880e-6a777a82542e,t5,4,disruption,distance,1,7905,distance,False
14433c95-6897-4761-880e-6a777a82542e,t6,5,spatial,distance,1,5742,distance,False
14433c95-6897-4761-880e-6a777a82542e,t7,6,economic,distance,1,8260,distance,False
14433c95-6897-4761-880e-6a777a82542e,t8,7,facility,distance,1,9601,distance,False
14433c95-6897-4761-880e-6a777a82542e,t9,8,disruption,distance,1,8055,distance,False
14433c95-6897-4761-880e-6a777a82542e,t10,9,accessibility,distance,1,8165,distance,False
7c005f74-f8c3-4ce4-a694-dc7d3fceeb98,t1,0,spatial,price_asc,1,8864,,False
7c005f74-f8c3-4ce4-a694-dc7d3fceeb98,t2,1,accessibility,distance,1,7072,price_asc,True
7c005f74-f8c3-4ce4-a694-dc7d3fceeb98,t3,2,economic,distance,1,8028,distance,False
7c005f74-f8c3-4ce4-a694-dc7d3fceeb98,t4,3,facility,distance,1,8891,distance,False
7c005f74-f8c3-4ce4-a694-dc7d3fceeb98,t5,4,disruption,travel,1,6403,distance,True
7c005f74-f8c3-4ce4-a694-dc7d3fceeb98,t6,5,spatial,distance,1,6093,travel,True
7c005f74-f8c3-4ce4-a694-dc7d3fceeb98,t7,6,economic,travel,1,9617,distance,True
7c005f74-f8c3-4ce4-a694-dc7d3fceeb98,t8,7,facility,price_desc,1,6909,travel,True
7c005f74-f8c3-4ce4-a694-dc7d3fceeb98,t9,8,disruption,rating,1,9404,price_desc,True
7c005f74-f8c3-4ce4-a694-dc7d3fceeb98,t10,9,accessibility,distance,1,9517,rating,True
04464a69-c437-4563-a09e-a270355a79af,t1,0,spatial,travel,1,10317,,False
04464a69-c437-4563-a09e-a270355a79af,t2,1,accessibility,distance,1,7172,travel,True
04464a69-c437-4563-a09e-a270355a79af,t3,2,economic,distance,1,8491,distance,False
04464a69-c437-4563-a09e-a270355a79af,t4,3,facility,travel,1,10379,distance,True
04464a69-c437-4563-a09e-a270355a79af,t5,4,disruption,travel,1,5775,travel,False
04464a69-c437-4563-a09e-a270355a79af,t6,5,spatial,travel,1,9691,travel,False
04464a69-c437-4563-a09e-a270355a79af,t7,6,economic,distance,1,8041,travel,True
04464a69-c437-4563-a09e-a270355a79af,t8,7,facility,distance,1,6333,distance,False
04464a69-c437-4563-a09e-a270355a79af,t9,8,disruption,travel,1,8924,distance,True
04464a69-c437-4563-a09e-a270355a79af,t10,9,accessibility,travel,1,6539,travel,False
962c42c5-67ca-4af5-bf3a-1b46b3814546,t1,0,spatial,distance,1,8879,,False
962c42c5-67ca-4af5-bf3a-1b46b3814546,t2,1,accessibility,distance,1,7228,distance,False
962c42c5-67ca-4af5-bf3a-1b46b3814546,t3,2,economic,distance,1,10278,distance,False
962c42c5-67ca-4af5-bf3a-1b46b3814546,t4,3,facility,distance,1,6807,distance,False
962c42c5-67ca-4af5-bf3a-1b46b3814546,t5,4,disruption,distance,1,8157,distance,False
962c42c5-67ca-4af5-bf3a-1b46b3814546,t6,5,spatial,distance,1,6665,distance,False
962c42c5-67ca-4af5-bf3a-1b46b3814546,t7,6,economic,distance,1,9491,distance,False
962c42c5-67ca-4af5-bf3a-1b46b3814546,t8,7,facility,distance,1,9756,distance,False
962c42c5-67ca-4af5-bf3a-1b46b3814546,t9,8,disruption,distance,1,9789,distance,False
962c42c5-67ca-4af5-bf3a-1b46b3814546,t10,9,accessibility,distance,1,8013,distance,False
50c03856-29e5-4387-b9bb-e29756ab5d3f,t1,0,spatial,rating,1,9273,,False
50c03856-29e5-4387-b9bb-e29756ab5d3f,t2,1,accessibility,rating,1,5957,rating,False
50c03856-29e5-4387-b9bb-e29756ab5d3f,t3,2,economic,price_asc,1,7006,rating,True
50c03856-29e5-4387-b9bb-e29756ab5d3f,t4,3,facility,rating,1,7465,price_asc,True
50c03856-29e5-4387-b9bb-e29756ab5d3f,t5,4,disruption,rating,1,6099,rating,False
50c03856-29e5-4387-b9bb-e29756ab5d3f,t6,5,spatial,travel,1,9139,rating,True
50c03856-29e5-4387-b9bb-e29756ab5d3f,t7,6,economic,travel,1,10112,travel,False
50c03856-29e5-4387-b9bb-e29756ab5d3f,t8,7,facility,rating,1,7914,travel,True
50c03856-29e5-4387-b9bb-e29756ab5d3f,t9,8,disruption,distance,1,8584,rating,True
50c03856-29e5-4387-b9bb-e29756ab5d3f,t10,9,accessibility,rating,1,10173,distance,True
eb7adf7b-b6c7-44c2-8f96-fb165f582691,t1,0,spatial,travel,1,9099,,False
eb7adf7b-b6c7-44c2-8f96-fb165f582691,t2,1,accessibility,travel,1,8348,travel,False
eb7adf7b-b6c7-44c2-8f96-fb165f582691,t3,2,economic,travel,1,8275,travel,False
eb7adf7b-b6c7-44c2-8f96-fb165f582691,t4,3,facility,travel,1,7043,travel,False
eb7adf7b-b6c7-44c2-8f96-fb165f582691,t5,4,disruption,travel,1,8149,travel,False
eb7adf7b-b6c7-44c2-8f96-fb165f582691,t6,5,spatial,travel,1,9895,travel,False
eb7adf7b-b6c7-44c2-8f96-fb165f582691,t7,6,economic,travel,1,9671,travel,False
eb7adf7b-b6c7-44c2-8f96-fb165f582691,t8,7,facility,travel,1,9463,travel,False
eb7adf7b-b6c7-44c2-8f96-fb165f582691,t9,8,disruption,travel,1,9361,travel,False
eb7adf7b-b6c7-44c2-8f96-fb165f582691,t10,9,accessibility,travel,1,8283,travel,False
2c3ed316-e666-45bc-84ae-b8ffe134b851,t1,0,spatial,distance,1,9809,,False
2c3ed316-e666-45bc-84ae-b8ffe134b851,t2,1,accessibility,distance,1,7895,distance,False
2c3ed316-e666-45bc-84ae-b8ffe134b851,t3,2,economic,distance,1,10105,distance,False
2c3ed316-e666-45bc-84ae-b8ffe134b851,t4,3,facility,distance,1,7505,distance,False
2c3ed316-e666-45bc-84ae-b8ffe134b851,t5,4,disruption,distance,1,8795,distance,False
2c3ed316-e666-45bc-84ae-b8ffe134b851,t6,5,spatial,distance,1,9916,distance,False
2c3ed316-e666-45bc-84ae-b8ffe134b851,t7,6,economic,distance,1,6369,distance,False
2c3ed316-e666-45bc-84ae-b8ffe134b851,t8,7,facility,distance,1,10077,distance,False
2c3ed316-e666-45bc-84ae-b8ffe134b851,t9,8,disruption,distance,1,10386,distance,False
2c3ed316-e666-45bc-84ae-b8ffe134b851,t10,9,accessibility,distance,1,10423,distance,False
5c6941b9-1598-4d5d-9d15-474628de9076,t1,0,spatial,travel,1,7448,,False
5c6941b9-1598-4d5d-9d15-474628de9076,t2,1,accessibility,travel,1,9688,travel,False
5c6941b9-1598-4d5d-9d15-474628de9076,t3,2,economic,travel,1,490,travel,False
5c6941b9-1598-4d5d-9d15-474628de9076,t4,3,facility,distance,0,,travel,True
5c6941b9-1598-4d5d-9d15-474628de9076,t5,4,disruption,travel,1,2500,distance,True
5c6941b9-1598-4d5d-9d15-474628de9076,t6,5,spatial,travel,1,6389,travel,False
5c6941b9-1598-4d5d-9d15-474628de9076,t7,6,economic,travel,1,6691,travel,False
5c6941b9-1598-4d5d-9d15-474628de9076,t8,7,facility,travel,1,6116,travel,False
5c6941b9-1598-4d5d-9d15-474628de9076,t9,8,disruption,travel,1,7691,travel,False
5c6941b9-1598-4d5d-9d15-474628de9076,t10,9,accessibility,travel,1,6588,travel,False
f1d9f280-9f5e-4500-8553-874edfb4e6d4,t1,0,spatial,price_asc,1,8612,,False
f1d9f280-9f5e-4500-8553-874edfb4e6d4,t2,1,accessibility,travel,1,8387,price_asc,True
f1d9f280-9f5e-4500-8553-874edfb4e6d4,t3,2,economic,price_asc,1,5462,travel,True
f1d9f280-9f5e-4500-8553-874edfb4e6d4,t4,3,facility,travel,1,6902,price_asc,True
f1d9f280-9f5e-4500-8553-874edfb4e6d4,t5,4,disruption,distance,1,7781,travel,True
1d12ef90-7e7a-491c-9688-8fe738dccd96,t1,0,spatial,price_asc,1,1269,,False
1d12ef90-7e7a-491c-9688-8fe738dccd96,t2,1,accessibility,price_asc,1,393,price_asc,False
1d12ef90-7e7a-491c-9688-8fe738dccd96,t3,2,economic,price_asc,1,985,price_asc,False
1d12ef90-7e7a-491c-9688-8fe738dccd96,t4,3,facility,price_asc,1,85,price_asc,False
1d12ef90-7e7a-491c-9688-8fe738dccd96,t5,4,disruption,price_asc,1,851,price_asc,False
1d12ef90-7e7a-491c-9688-8fe738dccd96,t6,5,spatial,price_asc,1,859,price_asc,False
1d12ef90-7e7a-491c-9688-8fe738dccd96,t7,6,economic,price_asc,1,880,price_asc,False
1d12ef90-7e7a-491c-9688-8fe738dccd96,t8,7,facility,price_asc,1,858,price_asc,False
1d12ef90-7e7a-491c-9688-8fe738dccd96,t9,8,disruption,price_asc,1,622,price_asc,False
1d12ef90-7e7a-491c-9688-8fe738dccd96,t10,9,accessibility,price_asc,1,662,price_asc,False
6ae60e77-452c-43aa-bbdd-2987b635e1ea,t1,0,spatial,price_asc,1,6936,,False
6ae60e77-452c-43aa-bbdd-2987b635e1ea,t2,1,accessibility,travel,1,6250,price_asc,True
6ae60e77-452c-43aa-bbdd-2987b635e1ea,t3,2,economic,price_asc,1,7162,travel,True
6ae60e77-452c-43aa-bbdd-2987b635e1ea,t4,3,facility,distance,1,5675,price_asc,True
6ae60e77-452c-43aa-bbdd-2987b635e1ea,t5,4,disruption,travel,1,9354,distance,True
6ae60e77-452c-43aa-bbdd-2987b635e1ea,t6,5,spatial,distance,1,9093,travel,True
6ae60e77-452c-43aa-bbdd-2987b635e1ea,t7,6,economic,distance,1,8663,distance,False
6ae60e77-452c-43aa-bbdd-2987b635e1ea,t8,7,facility,travel,1,7205,distance,True
6ae60e77-452c-43aa-bbdd-2987b635e1ea,t9,8,disruption,distance,1,6314,travel,True
6ae60e77-452c-43aa-bbdd-2987b635e1ea,t10,9,accessibility,distance,1,7602,distance,False
d5641c41-e93f-45d1-9fef-89c5c48b7a63,t1,0,spatial,distance,1,9931,,False
d5641c41-e93f-45d1-9fef-89c5c48b7a63,t2,1,accessibility,distance,1,5583,distance,False
d5641c41-e93f-45d1-9fef-89c5c48b7a63,t3,2,economic,distance,1,6528,distance,False
d5641c41-e93f-45d1-9fef-89c5c48b7a63,t4,3,facility,distance,1,8347,distance,False
d5641c41-e93f-45d1-9fef-89c5c48b7a63,t5,4,disruption,distance,1,7826,distance,False
d5641c41-e93f-45d1-9fef-89c5c48b7a63,t6,5,spatial,distance,1,6346,distance,False
d5641c41-e93f-45d1-9fef-89c5c48b7a63,t7,6,economic,distance,1,9657,distance,False
d5641c41-e93f-45d1-9fef-89c5c48b7a63,t8,7,facility,distance,1,6871,distance,False
d5641c41-e93f-45d1-9fef-89c5c48b7a63,t9,8,disruption,distance,1,8081,distance,False
d5641c41-e93f-45d1-9fef-89c5c48b7a63,t10,9,accessibility,distance,1,8244,distance,False
1f303ef9-7322-4eee-91cc-40497e71a6b1,t1,0,spatial,price_asc,1,7520,,False
1f303ef9-7322-4eee-91cc-40497e71a6b1,t2,1,accessibility,travel,1,8537,price_asc,True
1f303ef9-7322-4eee-91cc-40497e71a6b1,t3,2,economic,distance,1,9579,travel,True
1f303ef9-7322-4eee-91cc-40497e71a6b1,t4,3,facility,travel,1,7474,distance,True
1f303ef9-7322-4eee-91cc-40497e71a6b1,t5,4,disruption,distance,1,8096,travel,True
1f303ef9-7322-4eee-91cc-40497e71a6b1,t6,5,spatial,travel,1,9149,distance,True
1f303ef9-7322-4eee-91cc-40497e71a6b1,t7,6,economic,travel,1,9923,travel,False
1f303ef9-7322-4eee-91cc-40497e71a6b1,t8,7,facility,price_desc,1,6674,travel,True
1f303ef9-7322-4eee-91cc-40497e71a6b1,t9,8,disruption,distance,1,7495,price_desc,True
1f303ef9-7322-4eee-91cc-40497e71a6b1,t10,9,accessibility,distance,1,10291,distance,False
8022dd8c-67e8-47d8-87a3-970de7d24562,t1,0,spatial,distance,1,6317,,False
8022dd8c-67e8-47d8-87a3-970de7d24562,t2,1,accessibility,distance,1,9800,distance,False
8022dd8c-67e8-47d8-87a3-970de7d24562,t3,2,economic,distance,1,5080,distance,False
8022dd8c-67e8-47d8-87a3-970de7d24562,t4,3,facility,distance,1,6454,distance,False
8022dd8c-67e8-47d8-87a3-970de7d24562,t5,4,disruption,distance,1,6398,distance,False
8022dd8c-67e8-47d8-87a3-970de7d24562,t6,5,spatial,distance,1,7228,distance,False
8022dd8c-67e8-47d8-87a3-970de7d24562,t7,6,economic,distance,1,9479,distance,False
8022dd8c-67e8-47d8-87a3-970de7d24562,t8,7,facility,distance,1,6544,distance,False
8022dd8c-67e8-47d8-87a3-970de7d24562,t9,8,disruption,distance,1,9365,distance,False
8022dd8c-67e8-47d8-87a3-970de7d24562,t10,9,accessibility,distance,1,6718,distance,False
5e7cae4a-194d-4507-bf76-937f0b8e7d7f,t1,0,spatial,price_asc,1,6654,,False
5e7cae4a-194d-4507-bf76-937f0b8e7d7f,t2,1,accessibility,distance,1,6646,price_asc,True
5e7cae4a-194d-4507-bf76-937f0b8e7d7f,t3,2,economic,price_asc,1,10473,distance,True
5e7cae4a-194d-4507-bf76-937f0b8e7d7f,t4,3,facility,distance,1,5720,price_asc,True
5e7cae4a-194d-4507-bf76-937f0b8e7d7f,t5,4,disruption,distance,1,8872,distance,False
5e7cae4a-194d-4507-bf76-937f0b8e7d7f,t6,5,spatial,distance,1,7838,distance,False
5e7cae4a-194d-4507-bf76-937f0b8e7d7f,t7,6,economic,travel,1,6760,distance,True
5e7cae4a-194d-4507-bf76-937f0b8e7d7f,t8,7,facility,distance,1,9664,travel,True
5e7cae4a-194d-4507-bf76-937f0b8e7d7f,t9,8,disruption,travel,1,10377,distance,True
5e7cae4a-194d-4507-bf76-937f0b8e7d7f,t10,9,accessibility,travel,1,7685,travel,False
aba5d185-301a-44da-8872-4a160d3c8b3f,t1,0,spatial,price_asc,1,6892,,False
aba5d185-301a-44da-8872-4a160d3c8b3f,t2,1,accessibility,travel,1,9464,price_asc,True
aba5d185-301a-44da-8872-4a160d3c8b3f,t3,2,economic,price_asc,1,10529,travel,True
aba5d185-301a-44da-8872-4a160d3c8b3f,t4,3,facility,rating,1,5705,price_asc,True
aba5d185-301a-44da-8872-4a160d3c8b3f,t5,4,disruption,distance,1,8124,rating,True
aba5d185-301a-44da-8872-4a160d3c8b3f,t6,5,spatial,travel,1,7705,distance,True
aba5d185-301a-44da-8872-4a160d3c8b3f,t7,6,economic,travel,1,5304,travel,False
aba5d185-301a-44da-8872-4a160d3c8b3f,t8,7,facility,travel,1,5690,travel,False
aba5d185-301a-44da-8872-4a160d3c8b3f,t9,8,disruption,travel,1,10495,travel,False
aba5d185-301a-44da-8872-4a160d3c8b3f,t10,9,accessibility,travel,1,10124,travel,False
a0798687-427e-45de-8abc-be21b501cf67,t1,0,spatial,rating,1,8868,,False
a0798687-427e-45de-8abc-be21b501cf67,t2,1,accessibility,rating,1,5533,rating,False
a0798687-427e-45de-8abc-be21b501cf67,t3,2,economic,rating,1,10019,rating,False
a0798687-427e-45de-8abc-be21b501cf67,t4,3,facility,rating,1,9642,rating,False
a0798687-427e-45de-8abc-be21b501cf67,t5,4,disruption,distance,1,9366,rating,True
a0798687-427e-45de-8abc-be21b501cf67,t6,5,spatial,travel,1,6731,distance,True
a0798687-427e-45de-8abc-be21b501cf67,t7,6,economic,rating,1,8515,travel,True
a0798687-427e-45de-8abc-be21b501cf67,t8,7,facility,distance,1,9459,rating,True
a0798687-427e-45de-8abc-be21b501cf67,t9,8,disruption,rating,1,6709,distance,True
a0798687-427e-45de-8abc-be21b501cf67,t10,9,accessibility,travel,1,8392,rating,True
e83a0366-4e0e-462e-bf00-b33072d5c874,t1,0,spatial,price_asc,1,8508,,False
e83a0366-4e0e-462e-bf00-b33072d5c874,t2,1,accessibility,distance,1,5708,price_asc,True
e83a0366-4e0e-462e-bf00-b33072d5c874,t3,2,economic,price_asc,1,10517,distance,True
e83a0366-4e0e-462e-bf00-b33072d5c874,t4,3,facility,distance,1,7981,price_asc,True
e83a0366-4e0e-462e-bf00-b33072d5c874,t5,4,disruption,travel,1,8748,distance,True
e83a0366-4e0e-462e-bf00-b33072d5c874,t6,5,spatial,distance,1,5831,travel,True
e83a0366-4e0e-462e-bf00-b33072d5c874,t7,6,economic,travel,1,8309,distance,True
e83a0366-4e0e-462e-bf00-b33072d5c874,t8,7,facility,distance,1,9332,travel,True
e83a0366-4e0e-462e-bf00-b33072d5c874,t9,8,disruption,distance,1,8387,distance,False
e83a0366-4e0e-462e-bf00-b33072d5c874,t10,9,accessibility,distance,1,8079,distance,False
84d9b500-5fe7-4a50-98e4-8f04ec961c47,t1,0,spatial,distance,1,8128,,False
84d9b500-5fe7-4a50-98e4-8f04ec961c47,t2,1,accessibility,distance,1,8623,distance,False
84d9b500-5fe7-4a50-98e4-8f04ec961c47,t3,2,economic,distance,1,8539,distance,False
84d9b500-5fe7-4a50-98e4-8f04ec961c47,t4,3,facility,distance,1,9382,distance,False
84d9b500-5fe7-4a50-98e4-8f04ec961c47,t5,4,disruption,distance,1,5906,distance,False
84d9b500-5fe7-4a50-98e4-8f04ec961c47,t6,5,spatial,distance,1,9806,distance,False
84d9b500-5fe7-4a50-98e4-8f04ec961c47,t7,6,economic,distance,1,7159,distance,False
84d9b500-5fe7-4a50-98e4-8f04ec961c47,t8,7,facility,distance,1,5854,distance,False
84d9b500-5fe7-4a50-98e4-8f04ec961c47,t9,8,disruption,distance,1,7120,distance,False
84d9b500-5fe7-4a50-98e4-8f04ec961c47,t10,9,accessibility,distance,1,6399,distance,False
e7a2af98-10c8-40f6-8cd2-9fe4501bc777,t1,0,spatial,distance,1,8987,,False
e7a2af98-10c8-40f6-8cd2-9fe4501bc777,t2,1,accessibility,distance,1,7012,distance,False
e7a2af98-10c8-40f6-8cd2-9fe4501bc777,t3,2,economic,distance,1,8213,distance,False
e7a2af98-10c8-40f6-8cd2-9fe4501bc777,t4,3,facility,travel,1,8262,distance,True
e7a2af98-10c8-40f6-8cd2-9fe4501bc777,t5,4,disruption,travel,1,8499,travel,False
e7a2af98-10c8-40f6-8cd2-9fe4501bc777,t6,5,spatial,distance,1,8645,travel,True
e7a2af98-10c8-40f6-8cd2-9fe4501bc777,t7,6,economic,distance,1,7136,distance,False
e7a2af98-10c8-40f6-8cd2-9fe4501bc777,t8,7,facility,price_desc,1,6363,distance,True
e7a2af98-10c8-40f6-8cd2-9fe4501bc777,t9,8,disruption,distance,1,9656,price_desc,True
e7a2af98-10c8-40f6-8cd2-9fe4501bc777,t10,9,accessibility,travel,1,6889,distance,True
d7893ea7-2517-4c23-af34-0a4421f7d4eb,t1,0,spatial,travel,1,10367,,False
d7893ea7-2517-4c23-af34-0a4421f7d4eb,t2,1,accessibility,travel,1,6190,travel,False
d7893ea7-2517-4c23-af34-0a4421f7d4eb,t3,2,economic,travel,1,7191,travel,False
d7893ea7-2517-4c23-af34-0a4421f7d4eb,t4,3,facility,travel,1,10354,travel,False
d7893ea7-2517-4c23-af34-0a4421f7d4eb,t5,4,disruption,travel,1,7075,travel,False
d7893ea7-2517-4c23-af34-0a4421f7d4eb,t6,5,spatial,travel,1,7586,travel,False
d7893ea7-2517-4c23-af34-0a4421f7d4eb,t7,6,economic,travel,1,7611,travel,False
d7893ea7-2517-4c23-af34-0a4421f7d4eb,t8,7,facility,travel,1,5612,travel,False
d7893ea7-2517-4c23-af34-0a4421f7d4eb,t9,8,disruption,travel,1,10106,travel,False
d7893ea7-2517-4c23-af34-0a4421f7d4eb,t10,9,accessibility,travel,1,8596,travel,False
213294c4-a6a6-4b21-890f-83a4d52de870,t1,0,spatial,travel,1,10317,,False
213294c4-a6a6-4b21-890f-83a4d52de870,t2,1,accessibility,travel,1,7241,travel,False
213294c4-a6a6-4b21-890f-83a4d52de870,t3,2,economic,travel,1,8882,travel,False
213294c4-a6a6-4b21-890f-83a4d52de870,t4,3,facility,travel,1,9866,travel,False
213294c4-a6a6-4b21-890f-83a4d52de870,t5,4,disruption,travel,1,7006,travel,False
213294c4-a6a6-4b21-890f-83a4d52de870,t6,5,spatial,travel,1,8178,travel,False
213294c4-a6a6-4b21-890f-83a4d52de870,t7,6,economic,travel,1,9162,travel,False
213294c4-a6a6-4b21-890f-83a4d52de870,t8,7,facility,travel,1,8689,travel,False
213294c4-a6a6-4b21-890f-83a4d52de870,t9,8,disruption,travel,1,9515,travel,False
213294c4-a6a6-4b21-890f-83a4d52de870,t10,9,accessibility,travel,1,6265,travel,False
94d91ec3-fd6e-4bd4-aaea-4c8120cb510b,t1,0,spatial,rating,1,7120,,False
94d91ec3-fd6e-4bd4-aaea-4c8120cb510b,t2,1,accessibility,rating,1,9936,rating,False
94d91ec3-fd6e-4bd4-aaea-4c8120cb510b,t3,2,economic,rating,1,15939,rating,False
94d91ec3-fd6e-4bd4-aaea-4c8120cb510b,t4,3,facility,rating,1,9408,rating,False
94d91ec3-fd6e-4bd4-aaea-4c8120cb510b,t5,4,disruption,distance,1,9784,rating,True
94d91ec3-fd6e-4bd4-aaea-4c8120cb510b,t6,5,spatial,rating,1,10154,distance,True
94d91ec3-fd6e-4bd4-aaea-4c8120cb510b,t7,6,economic,rating,1,6459,rating,False
94d91ec3-fd6e-4bd4-aaea-4c8120cb510b,t8,7,facility,rating,1,9535,rating,False
94d91ec3-fd6e-4bd4-aaea-4c8120cb510b,t9,8,disruption,rating,1,7489,rating,False
94d91ec3-fd6e-4bd4-aaea-4c8120cb510b,t10,9,accessibility,rating,1,9863,rating,False
21e3a502-c172-4952-857a-edd1c094f5f7,t1,0,spatial,price_asc,1,9437,,False
21e3a502-c172-4952-857a-edd1c094f5f7,t2,1,accessibility,travel,1,6591,price_asc,True
21e3a502-c172-4952-857a-edd1c094f5f7,t3,2,economic,price_asc,1,8117,travel,True
21e3a502-c172-4952-857a-edd1c094f5f7,t4,3,facility,price_asc,1,857,price_asc,False
21e3a502-c172-4952-857a-edd1c094f5f7,t5,4,disruption,distance,1,2515,price_asc,True
21e3a502-c172-4952-857a-edd1c094f5f7,t6,5,spatial,distance,1,6052,distance,False
21e3a502-c172-4952-857a-edd1c094f5f7,t7,6,economic,distance,1,9392,distance,False
21e3a502-c172-4952-857a-edd1c094f5f7,t8,7,facility,travel,1,9364,distance,True
21e3a502-c172-4952-857a-edd1c094f5f7,t9,8,disruption,distance,1,10359,travel,True
21e3a502-c172-4952-857a-edd1c094f5f7,t10,9,accessibility,travel,1,10079,distance,True
6b88958b-4ae4-4566-99ad-9769da636a57,t1,0,spatial,distance,1,8209,,False
6b88958b-4ae4-4566-99ad-9769da636a57,t3,2,economic,distance,1,16190,distance,False
6b88958b-4ae4-4566-99ad-9769da636a57,t4,3,facility,distance,1,6290,distance,False
6b88958b-4ae4-4566-99ad-9769da636a57,t5,4,disruption,distance,1,10376,distance,False
6b88958b-4ae4-4566-99ad-9769da636a57,t6,5,spatial,distance,1,10325,distance,False
6b88958b-4ae4-4566-99ad-9769da636a57,t7,6,economic,distance,1,9019,distance,False
6b88958b-4ae4-4566-99ad-9769da636a57,t8,7,facility,distance,1,7532,distance,False
6b88958b-4ae4-4566-99ad-9769da636a57,t9,8,disruption,distance,1,10490,distance,False
6b88958b-4ae4-4566-99ad-9769da636a57,t10,9,accessibility,distance,1,5403,distance,False
7f9c54ad-3e53-4a42-8bef-1fe0f6ce7424,t1,0,spatial,travel,1,9285,,False
7f9c54ad-3e53-4a42-8bef-1fe0f6ce7424,t3,2,economic,price_asc,1,12463,travel,True
7f9c54ad-3e53-4a42-8bef-1fe0f6ce7424,t4,3,facility,travel,1,8772,price_asc,True
7f9c54ad-3e53-4a42-8bef-1fe0f6ce7424,t5,4,disruption,rating,1,7492,travel,True
7f9c54ad-3e53-4a42-8bef-1fe0f6ce7424,t6,5,spatial,travel,1,7265,rating,True
7f9c54ad-3e53-4a42-8bef-1fe0f6ce7424,t7,6,economic,travel,1,6061,travel,False
7f9c54ad-3e53-4a42-8bef-1fe0f6ce7424,t8,7,facility,price_desc,1,10245,travel,True
7f9c54ad-3e53-4a42-8bef-1fe0f6ce7424,t9,8,disruption,rating,1,7208,price_desc,True
7f9c54ad-3e53-4a42-8bef-1fe0f6ce7424,t10,9,accessibility,distance,1,6501,rating,True
3a6f48cf-e7c8-4019-9f59-a985acd77300,t1,0,spatial,travel,1,8267,,False
3a6f48cf-e7c8-4019-9f59-a985acd77300,t2,1,accessibility,travel,1,9941,travel,False
3a6f48cf-e7c8-4019-9f59-a985acd77300,t3,2,economic,travel,1,9226,travel,False
3a6f48cf-e7c8-4019-9f59-a985acd77300,t4,3,facility,travel,1,6689,travel,False
3a6f48cf-e7c8-4019-9f59-a985acd77300,t5,4,disruption,travel,1,9282,travel,False
3a6f48cf-e7c8-4019-9f59-a985acd77300,t6,5,spatial,travel,1,10594,travel,False
3a6f48cf-e7c8-4019-9f59-a985acd77300,t7,6,economic,travel,1,9777,travel,False
3a6f48cf-e7c8-4019-9f59-a985acd77300,t8,7,facility,travel,1,8988,travel,False
3a6f48cf-e7c8-4019-9f59-a985acd77300,t9,8,disruption,travel,1,5939,travel,False
3a6f48cf-e7c8-4019-9f59-a985acd77300,t10,9,accessibility,travel,1,9989,travel,False
69709815-0975-4682-be14-b543e8e31f27,t1,0,spatial,distance,1,8060,,False
69709815-0975-4682-be14-b543e8e31f27,t2,1,accessibility,travel,1,6232,distance,True
69709815-0975-4682-be14-b543e8e31f27,t3,2,economic,distance,1,6018,travel,True
69709815-0975-4682-be14-b543e8e31f27,t4,3,facility,travel,1,7708,distance,True
69709815-0975-4682-be14-b543e8e31f27,t5,4,disruption,distance,1,7134,travel,True
69709815-0975-4682-be14-b543e8e31f27,t6,5,spatial,travel,1,8488,distance,True
69709815-0975-4682-be14-b543e8e31f27,t7,6,economic,travel,1,6758,travel,False
69709815-0975-4682-be14-b543e8e31f27,t8,7,facility,price_desc,1,8658,travel,True
69709815-0975-4682-be14-b543e8e31f27,t9,8,disruption,distance,1,9741,price_desc,True
69709815-0975-4682-be14-b543e8e31f27,t10,9,accessibility,distance,1,10297,distance,False
09d315a5-aeb5-4a35-af4a-9835e0b62bcb,t1,0,spatial,travel,1,7085,,False
09d315a5-aeb5-4a35-af4a-9835e0b62bcb,t2,1,accessibility,travel,1,10367,travel,False
09d315a5-aeb5-4a35-af4a-9835e0b62bcb,t3,2,economic,travel,1,9091,travel,False
09d315a5-aeb5-4a35-af4a-9835e0b62bcb,t4,3,facility,travel,1,8540,travel,False
09d315a5-aeb5-4a35-af4a-9835e0b62bcb,t5,4,disruption,travel,1,6384,travel,False
09d315a5-aeb5-4a35-af4a-9835e0b62bcb,t6,5,spatial,travel,1,7772,travel,False
09d315a5-aeb5-4a35-af4a-9835e0b62bcb,t7,6,economic,travel,1,7394,travel,False
09d315a5-aeb5-4a35-af4a-9835e0b62bcb,t8,7,facility,travel,1,9258,travel,False
09d315a5-aeb5-4a35-af4a-9835e0b62bcb,t9,8,disruption,travel,1,9090,travel,False
09d315a5-aeb5-4a35-af4a-9835e0b62bcb,t10,9,accessibility,travel,1,9550,travel,False
bc19444b-f0f2-4086-abf3-d5124b5815b7,t1,0,spatial,distance,1,9628,,False
bc19444b-f0f2-4086-abf3-d5124b5815b7,t2,1,accessibility,distance,1,8443,distance,False
bc19444b-f0f2-4086-abf3-d5124b5815b7,t3,2,economic,distance,1,8096,distance,False
bc19444b-f0f2-4086-abf3-d5124b5815b7,t4,3,facility,distance,1,6638,distance,False
bc19444b-f0f2-4086-abf3-d5124b5815b7,t5,4,disruption,distance,1,8919,distance,False
bc19444b-f0f2-4086-abf3-d5124b5815b7,t6,5,spatial,distance,1,9972,distance,False
bc19444b-f0f2-4086-abf3-d5124b5815b7,t7,6,economic,distance,1,6461,distance,False
bc19444b-f0f2-4086-abf3-d5124b5815b7,t8,7,facility,distance,1,8090,distance,False
bc19444b-f0f2-4086-abf3-d5124b5815b7,t9,8,disruption,distance,1,6567,distance,False
bc19444b-f0f2-4086-abf3-d5124b5815b7,t10,9,accessibility,distance,1,8643,distance,False
fdeedac2-a29a-4593-928e-6c8e1586b7e9,t1,0,spatial,distance,1,6909,,False
fdeedac2-a29a-4593-928e-6c8e1586b7e9,t2,1,accessibility,distance,1,8866,distance,False
fdeedac2-a29a-4593-928e-6c8e1586b7e9,t3,2,economic,distance,1,5409,distance,False
fdeedac2-a29a-4593-928e-6c8e1586b7e9,t4,3,facility,distance,1,6446,distance,False
fdeedac2-a29a-4593-928e-6c8e1586b7e9,t5,4,disruption,distance,1,5834,distance,False
fdeedac2-a29a-4593-928e-6c8e1586b7e9,t6,5,spatial,travel,1,9088,distance,True
fdeedac2-a29a-4593-928e-6c8e1586b7e9,t7,6,economic,travel,1,6137,travel,False
fdeedac2-a29a-4593-928e-6c8e1586b7e9,t8,7,facility,travel,1,8188,travel,False
fdeedac2-a29a-4593-928e-6c8e1586b7e9,t9,8,disruption,distance,1,7518,travel,True
fdeedac2-a29a-4593-928e-6c8e1586b7e9,t10,9,accessibility,distance,1,10503,distance,False
630acb91-7b9e-4d43-a6fa-4eafbc3c1d67,t1,0,spatial,travel,1,8707,,False
630acb91-7b9e-4d43-a6fa-4eafbc3c1d67,t2,1,accessibility,travel,1,6773,travel,False
630acb91-7b9e-4d43-a6fa-4eafbc3c1d67,t3,2,economic,travel,1,10136,travel,False
630acb91-7b9e-4d43-a6fa-4eafbc3c1d67,t4,3,facility,travel,1,6586,travel,False
630acb91-7b9e-4d43-a6fa-4eafbc3c1d67,t5,4,disruption,travel,1,10305,travel,False
630acb91-7b9e-4d43-a6fa-4eafbc3c1d67,t6,5,spatial,travel,1,5809,travel,False
630acb91-7b9e-4d43-a6fa-4eafbc3c1d67,t7,6,economic,travel,1,10282,travel,False
630acb91-7b9e-4d43-a6fa-4eafbc3c1d67,t8,7,facility,travel,1,8733,travel,False
630acb91-7b9e-4d43-a6fa-4eafbc3c1d67,t9,8,disruption,travel,1,5773,travel,False
630acb91-7b9e-4d43-a6fa-4eafbc3c1d67,t10,9,accessibility,travel,1,7401,travel,False
1e2cfbb1-b6a0-469a-bd34-548161efe745,t1,0,spatial,distance,1,9856,,False
1e2cfbb1-b6a0-469a-bd34-548161efe745,t2,1,accessibility,distance,1,8350,distance,False
1e2cfbb1-b6a0-469a-bd34-548161efe745,t3,2,economic,distance,1,6779,distance,False
1e2cfbb1-b6a0-469a-bd34-548161efe745,t4,3,facility,distance,1,8853,distance,False
1e2cfbb1-b6a0-469a-bd34-548161efe745,t5,4,disruption,distance,1,8767,distance,False
1e2cfbb1-b6a0-469a-bd34-548161efe745,t6,5,spatial,distance,1,8868,distance,False
1e2cfbb1-b6a0-469a-bd34-548161efe745,t7,6,economic,distance,1,9172,distance,False
1e2cfbb1-b6a0-469a-bd34-548161efe745,t8,7,facility,distance,1,6507,distance,False
1e2cfbb1-b6a0-469a-bd34-548161efe745,t9,8,disruption,distance,1,10390,distance,False
1e2cfbb1-b6a0-469a-bd34-548161efe745,t10,9,accessibility,distance,1,6769,distance,False
b37efdbc-bb04-4a3f-b0b3-d4bbef779304,t1,0,spatial,rating,1,10151,,False
b37efdbc-bb04-4a3f-b0b3-d4bbef779304,t2,1,accessibility,rating,1,7558,rating,False
b37efdbc-bb04-4a3f-b0b3-d4bbef779304,t3,2,economic,travel,1,5629,rating,True
b37efdbc-bb04-4a3f-b0b3-d4bbef779304,t4,3,facility,distance,1,9853,travel,True
b37efdbc-bb04-4a3f-b0b3-d4bbef779304,t5,4,disruption,rating,1,5835,distance,True
b37efdbc-bb04-4a3f-b0b3-d4bbef779304,t6,5,spatial,travel,1,6466,rating,True
b37efdbc-bb04-4a3f-b0b3-d4bbef779304,t7,6,economic,rating,1,9339,travel,True
b37efdbc-bb04-4a3f-b0b3-d4bbef779304,t8,7,facility,travel,1,5381,rating,True
b37efdbc-bb04-4a3f-b0b3-d4bbef779304,t9,8,disruption,rating,1,6456,travel,True
b37efdbc-bb04-4a3f-b0b3-d4bbef779304,t10,9,accessibility,travel,1,8766,rating,True
353cfd41-1c6c-434b-9aa7-81b359499397,t1,0,spatial,distance,1,6907,,False
353cfd41-1c6c-434b-9aa7-81b359499397,t2,1,accessibility,distance,1,6951,distance,False
353cfd41-1c6c-434b-9aa7-81b359499397,t3,2,economic,distance,1,6815,distance,False
353cfd41-1c6c-434b-9aa7-81b359499397,t4,3,facility,distance,1,7758,distance,False
353cfd41-1c6c-434b-9aa7-81b359499397,t5,4,disruption,distance,1,7956,distance,False
353cfd41-1c6c-434b-9aa7-81b359499397,t6,5,spatial,distance,1,8298,distance,False
353cfd41-1c6c-434b-9aa7-81b359499397,t7,6,economic,distance,1,8337,distance,False
353cfd41-1c6c-434b-9aa7-81b359499397,t8,7,facility,distance,1,8648,distance,False
353cfd41-1c6c-434b-9aa7-81b359499397,t9,8,disruption,distance,1,6017,distance,False
353cfd41-1c6c-434b-9aa7-81b359499397,t10,9,accessibility,distance,1,5751,distance,False
95accc1c-0141-4565-a874-315074f8e620,t1,0,spatial,distance,1,7732,,False
95accc1c-0141-4565-a874-315074f8e620,t2,1,accessibility,distance,1,8414,distance,False
95accc1c-0141-4565-a874-315074f8e620,t3,2,economic,travel,1,10356,distance,True
95accc1c-0141-4565-a874-315074f8e620,t4,3,facility,travel,1,10133,travel,False
95accc1c-0141-4565-a874-315074f8e620,t5,4,disruption,travel,1,6901,travel,False
95accc1c-0141-4565-a874-315074f8e620,t6,5,spatial,distance,1,8725,travel,True
95accc1c-0141-4565-a874-315074f8e620,t7,6,economic,distance,1,6493,distance,False
95accc1c-0141-4565-a874-315074f8e620,t8,7,facility,distance,1,6859,distance,False
95accc1c-0141-4565-a874-315074f8e620,t9,8,disruption,distance,1,7968,distance,False
95accc1c-0141-4565-a874-315074f8e620,t10,9,accessibility,travel,1,6537,distance,True
80504f40-98e7-4ef1-9e73-982d2670b1d3,t1,0,spatial,price_asc,1,8105,,False
80504f40-98e7-4ef1-9e73-982d2670b1d3,t2,1,accessibility,travel,1,9520,price_asc,True
80504f40-98e7-4ef1-9e73-982d2670b1d3,t3,2,economic,price_asc,1,7983,travel,True
80504f40-98e7-4ef1-9e73-982d2670b1d3,t4,3,facility,distance,1,8887,price_asc,True
80504f40-98e7-4ef1-9e73-982d2670b1d3,t5,4,disruption,distance,1,8901,distance,False
80504f40-98e7-4ef1-9e73-982d2670b1d3,t6,5,spatial,travel,1,8983,distance,True
80504f40-98e7-4ef1-9e73-982d2670b1d3,t7,6,economic,distance,1,6310,travel,True
80504f40-98e7-4ef1-9e73-982d2670b1d3,t8,7,facility,travel,1,9389,distance,True
80504f40-98e7-4ef1-9e73-982d2670b1d3,t9,8,disruption,travel,1,6276,travel,False
80504f40-98e7-4ef1-9e73-982d2670b1d3,t10,9,accessibility,travel,1,8243,travel,False
f466cf32-f0d2-41f0-88b6-8bb3f7ee8857,t1,0,spatial,price_asc,1,8669,,False
f466cf32-f0d2-41f0-88b6-8bb3f7ee8857,t2,1,accessibility,distance,1,10248,price_asc,True
f466cf32-f0d2-41f0-88b6-8bb3f7ee8857,t3,2,economic,price_asc,1,6208,distance,True
f466cf32-f0d2-41f0-88b6-8bb3f7ee8857,t4,3,facility,travel,1,9996,price_asc,True
f466cf32-f0d2-41f0-88b6-8bb3f7ee8857,t5,4,disruption,travel,1,10304,travel,False
f466cf32-f0d2-41f0-88b6-8bb3f7ee8857,t6,5,spatial,travel,1,10170,travel,False
f466cf32-f0d2-41f0-88b6-8bb3f7ee8857,t7,6,economic,travel,1,9329,travel,False
f466cf32-f0d2-41f0-88b6-8bb3f7ee8857,t8,7,facility,travel,1,6413,travel,False
f466cf32-f0d2-41f0-88b6-8bb3f7ee8857,t9,8,disruption,distance,1,7704,travel,True
f466cf32-f0d2-41f0-88b6-8bb3f7ee8857,t10,9,accessibility,distance,1,8367,distance,False
501c7720-f07a-45ad-8d0c-f044be8b82ac,t1,0,spatial,price_asc,1,10241,,False
501c7720-f07a-45ad-8d0c-f044be8b82ac,t2,1,accessibility,distance,1,8170,price_asc,True
501c7720-f07a-45ad-8d0c-f044be8b82ac,t3,2,economic,price_asc,1,5753,distance,True
501c7720-f07a-45ad-8d0c-f044be8b82ac,t4,3,facility,distance,1,9786,price_asc,True
501c7720-f07a-45ad-8d0c-f044be8b82ac,t5,4,disruption,travel,1,10287,distance,True
501c7720-f07a-45ad-8d0c-f044be8b82ac,t6,5,spatial,travel,1,6223,travel,False
501c7720-f07a-45ad-8d0c-f044be8b82ac,t7,6,economic,distance,1,6114,travel,True
501c7720-f07a-45ad-8d0c-f044be8b82ac,t8,7,facility,travel,1,8062,distance,True
501c7720-f07a-45ad-8d0c-f044be8b82ac,t9,8,disruption,distance,1,7822,travel,True
501c7720-f07a-45ad-8d0c-f044be8b82ac,t10,9,accessibility,distance,1,8880,distance,False
24bb06df-c31e-4fd9-912a-c942336b2150,t1,0,spatial,rating,1,7006,,False
24bb06df-c31e-4fd9-912a-c942336b2150,t2,1,accessibility,travel,1,9633,rating,True
24bb06df-c31e-4fd9-912a-c942336b2150,t3,2,economic,rating,1,5776,travel,True
24bb06df-c31e-4fd9-912a-c942336b2150,t4,3,facility,distance,1,6072,rating,True
24bb06df-c31e-4fd9-912a-c942336b2150,t5,4,disruption,rating,1,5803,distance,True
24bb06df-c31e-4fd9-912a-c942336b2150,t6,5,spatial,rating,1,9251,rating,False
24bb06df-c31e-4fd9-912a-c942336b2150,t7,6,economic,travel,1,9369,rating,True
24bb06df-c31e-4fd9-912a-c942336b2150,t8,7,facility,distance,1,7139,travel,True
24bb06df-c31e-4fd9-912a-c942336b2150,t9,8,disruption,travel,1,8411,distance,True
24bb06df-c31e-4fd9-912a-c942336b2150,t10,9,accessibility,rating,1,6548,travel,True
02e5766f-013e-4dbe-b724-a744c4a00b52,t1,0,spatial,rating,1,10025,,False
02e5766f-013e-4dbe-b724-a744c4a00b52,t2,1,accessibility,rating,1,9085,rating,False
02e5766f-013e-4dbe-b724-a744c4a00b52,t3,2,economic,rating,1,6276,rating,False
02e5766f-013e-4dbe-b724-a744c4a00b52,t4,3,facility,rating,1,7826,rating,False
02e5766f-013e-4dbe-b724-a744c4a00b52,t5,4,disruption,rating,1,6484,rating,False
02e5766f-013e-4dbe-b724-a744c4a00b52,t6,5,spatial,rating,1,9362,rating,False
02e5766f-013e-4dbe-b724-a744c4a00b52,t7,6,economic,rating,1,7667,rating,False
02e5766f-013e-4dbe-b724-a744c4a00b52,t8,7,facility,rating,1,8466,rating,False
02e5766f-013e-4dbe-b724-a744c4a00b52,t9,8,disruption,rating,1,10085,rating,False
02e5766f-013e-4dbe-b724-a744c4a00b52,t10,9,accessibility,rating,1,6886,rating,False
6f76e497-5c72-4cf5-a73d-5a0f568aaf0c,t1,0,spatial,travel,1,11012,,False
6f76e497-5c72-4cf5-a73d-5a0f568aaf0c,t2,1,accessibility,travel,1,10309,travel,False
6f76e497-5c72-4cf5-a73d-5a0f568aaf0c,t3,2,economic,travel,1,10327,travel,False
6f76e497-5c72-4cf5-a73d-5a0f568aaf0c,t4,3,facility,travel,1,6589,travel,False
6f76e497-5c72-4cf5-a73d-5a0f568aaf0c,t5,4,disruption,travel,1,9869,travel,False
6f76e497-5c72-4cf5-a73d-5a0f568aaf0c,t6,5,spatial,travel,1,10427,travel,False
6f76e497-5c72-4cf5-a73d-5a0f568aaf0c,t7,6,economic,travel,1,5677,travel,False
6f76e497-5c72-4cf5-a73d-5a0f568aaf0c,t8,7,facility,travel,1,9890,travel,False
6f76e497-5c72-4cf5-a73d-5a0f568aaf0c,t9,8,disruption,travel,1,5810,travel,False
6f76e497-5c72-4cf5-a73d-5a0f568aaf0c,t10,9,accessibility,travel,1,7294,travel,False
c477e956-8948-41de-874d-ad6cd53eab10,t1,0,spatial,rating,1,6952,,False
c477e956-8948-41de-874d-ad6cd53eab10,t2,1,accessibility,travel,1,7324,rating,True
c477e956-8948-41de-874d-ad6cd53eab10,t3,2,economic,rating,1,10595,travel,True
c477e956-8948-41de-874d-ad6cd53eab10,t4,3,facility,rating,1,10222,rating,False
c477e956-8948-41de-874d-ad6cd53eab10,t5,4,disruption,rating,1,6938,rating,False
c477e956-8948-41de-874d-ad6cd53eab10,t6,5,spatial,travel,1,5826,rating,True
c477e956-8948-41de-874d-ad6cd53eab10,t7,6,economic,travel,1,7301,travel,False
c477e956-8948-41de-874d-ad6cd53eab10,t9,8,disruption,rating,1,15785,travel,True
c477e956-8948-41de-874d-ad6cd53eab10,t10,9,accessibility,distance,1,8120,rating,True
3caccafb-ce03-4bd3-933b-bc1806433496,t1,0,spatial,distance,1,7871,,False
3caccafb-ce03-4bd3-933b-bc1806433496,t2,1,accessibility,distance,1,6220,distance,False
3caccafb-ce03-4bd3-933b-bc1806433496,t3,2,economic,distance,1,9682,distance,False
3caccafb-ce03-4bd3-933b-bc1806433496,t4,3,facility,distance,1,7685,distance,False
3caccafb-ce03-4bd3-933b-bc1806433496,t5,4,disruption,distance,1,7235,distance,False
3caccafb-ce03-4bd3-933b-bc1806433496,t6,5,spatial,distance,1,9161,distance,False
3caccafb-ce03-4bd3-933b-bc1806433496,t7,6,economic,distance,1,9128,distance,False
3caccafb-ce03-4bd3-933b-bc1806433496,t9,8,disruption,distance,1,14982,distance,False
3caccafb-ce03-4bd3-933b-bc1806433496,t10,9,accessibility,distance,1,6222,distance,False
ebcbf6c7-a6fc-431d-9755-c7edff679999,t1,0,spatial,rating,1,10638,,False
ebcbf6c7-a6fc-431d-9755-c7edff679999,t2,1,accessibility,rating,1,6616,rating,False
ebcbf6c7-a6fc-431d-9755-c7edff679999,t3,2,economic,rating,1,6202,rating,False
ebcbf6c7-a6fc-431d-9755-c7edff679999,t4,3,facility,travel,1,6086,rating,True
ebcbf6c7-a6fc-431d-9755-c7edff679999,t5,4,disruption,rating,1,5952,travel,True
ebcbf6c7-a6fc-431d-9755-c7edff679999,t6,5,spatial,rating,1,9027,rating,False
ebcbf6c7-a6fc-431d-9755-c7edff679999,t7,6,economic,rating,1,5332,rating,False
ebcbf6c7-a6fc-431d-9755-c7edff679999,t8,7,facility,rating,1,7744,rating,False
ebcbf6c7-a6fc-431d-9755-c7edff679999,t9,8,disruption,rating,1,9000,rating,False
ebcbf6c7-a6fc-431d-9755-c7edff679999,t10,9,accessibility,rating,1,43815,rating,False
cf879d94-8db3-483c-8d91-c3eaa913a82e,t1,0,spatial,price_asc,1,7428,,False
cf879d94-8db3-483c-8d91-c3eaa913a82e,t2,1,accessibility,travel,1,7089,price_asc,True
cf879d94-8db3-483c-8d91-c3eaa913a82e,t3,2,economic,price_asc,1,9520,travel,True
cf879d94-8db3-483c-8d91-c3eaa913a82e,t4,3,facility,distance,1,9743,price_asc,True
cf879d94-8db3-483c-8d91-c3eaa913a82e,t5,4,disruption,distance,1,6704,distance,False
cf879d94-8db3-483c-8d91-c3eaa913a82e,t6,5,spatial,distance,1,9657,distance,False
cf879d94-8db3-483c-8d91-c3eaa913a82e,t7,6,economic,distance,1,6962,distance,False
cf879d94-8db3-483c-8d91-c3eaa913a82e,t8,7,facility,distance,1,10315,distance,False
cf879d94-8db3-483c-8d91-c3eaa913a82e,t9,8,disruption,travel,1,39013,distance,True
cf879d94-8db3-483c-8d91-c3eaa913a82e,t10,9,accessibility,distance,1,8636,travel,True
cc337a27-36e5-4f4b-bc33-87be913fbf2b,t1,0,spatial,distance,1,7482,,False
cc337a27-36e5-4f4b-bc33-87be913fbf2b,t2,1,accessibility,distance,1,7858,distance,False
cc337a27-36e5-4f4b-bc33-87be913fbf2b,t3,2,economic,distance,1,9011,distance,False
cc337a27-36e5-4f4b-bc33-87be913fbf2b,t4,3,facility,distance,1,8576,distance,False
cc337a27-36e5-4f4b-bc33-87be913fbf2b,t5,4,disruption,distance,1,10517,distance,False
cc337a27-36e5-4f4b-bc33-87be913fbf2b,t6,5,spatial,distance,1,7405,distance,False
cc337a27-36e5-4f4b-bc33-87be913fbf2b,t7,6,economic,distance,1,5633,distance,False
cc337a27-36e5-4f4b-bc33-87be913fbf2b,t8,7,facility,distance,1,5676,distance,False
cc337a27-36e5-4f4b-bc33-87be913fbf2b,t9,8,disruption,distance,1,5209,distance,False
cc337a27-36e5-4f4b-bc33-87be913fbf2b,t10,9,accessibility,distance,1,6318,distance,False
2067b0b8-284a-4c8f-8b7c-c61c713d07c1,t1,0,spatial,distance,1,8516,,False
2067b0b8-284a-4c8f-8b7c-c61c713d07c1,t2,1,accessibility,distance,1,8635,distance,False
2067b0b8-284a-4c8f-8b7c-c61c713d07c1,t3,2,economic,distance,1,7409,distance,False
2067b0b8-284a-4c8f-8b7c-c61c713d07c1,t4,3,facility,distance,1,8760,distance,False
2067b0b8-284a-4c8f-8b7c-c61c713d07c1,t5,4,disruption,distance,1,10672,distance,False
2067b0b8-284a-4c8f-8b7c-c61c713d07c1,t6,5,spatial,distance,1,6995,distance,False
2067b0b8-284a-4c8f-8b7c-c61c713d07c1,t7,6,economic,distance,1,8084,distance,False
2067b0b8-284a-4c8f-8b7c-c61c713d07c1,t8,7,facility,distance,1,6684,distance,False
2067b0b8-284a-4c8f-8b7c-c61c713d07c1,t9,8,disruption,distance,1,7350,distance,False
2067b0b8-284a-4c8f-8b7c-c61c713d07c1,t10,9,accessibility,distance,1,8306,distance,False
9a13d325-790d-4b90-b429-8e4dde86bea3,t1,0,spatial,rating,1,7783,,False
9a13d325-790d-4b90-b429-8e4dde86bea3,t2,1,accessibility,travel,1,5912,rating,True
9a13d325-790d-4b90-b429-8e4dde86bea3,t3,2,economic,rating,1,7286,travel,True
9a13d325-790d-4b90-b429-8e4dde86bea3,t4,3,facility,rating,1,6815,rating,False
9a13d325-790d-4b90-b429-8e4dde86bea3,t5,4,disruption,rating,1,5885,rating,False
9a13d325-790d-4b90-b429-8e4dde86bea3,t6,5,spatial,rating,1,7010,rating,False
9a13d325-790d-4b90-b429-8e4dde86bea3,t7,6,economic,rating,1,5864,rating,False
9a13d325-790d-4b90-b429-8e4dde86bea3,t8,7,facility,rating,1,8615,rating,False
9a13d325-790d-4b90-b429-8e4dde86bea3,t9,8,disruption,rating,1,10366,rating,False
9a13d325-790d-4b90-b429-8e4dde86bea3,t10,9,accessibility,rating,1,6769,rating,False
836f92e9-9087-4295-8f6a-b23f36fec6fc,t1,0,spatial,travel,1,10033,,False
836f92e9-9087-4295-8f6a-b23f36fec6fc,t2,1,accessibility,travel,1,6916,travel,False
836f92e9-9087-4295-8f6a-b23f36fec6fc,t3,2,economic,travel,1,8771,travel,False
836f92e9-9087-4295-8f6a-b23f36fec6fc,t4,3,facility,travel,1,8585,travel,False
836f92e9-9087-4295-8f6a-b23f36fec6fc,t5,4,disruption,travel,1,7893,travel,False
836f92e9-9087-4295-8f6a-b23f36fec6fc,t6,5,spatial,travel,1,8632,travel,False
836f92e9-9087-4295-8f6a-b23f36fec6fc,t7,6,economic,travel,1,9754,travel,False
836f92e9-9087-4295-8f6a-b23f36fec6fc,t8,7,facility,travel,1,9808,travel,False
836f92e9-9087-4295-8f6a-b23f36fec6fc,t9,8,disruption,travel,1,7757,travel,False
836f92e9-9087-4295-8f6a-b23f36fec6fc,t10,9,accessibility,travel,1,6604,travel,False
34d66c5d-c5a5-4dde-9768-6f5bb80e81df,t1,0,spatial,distance,1,6601,,False
34d66c5d-c5a5-4dde-9768-6f5bb80e81df,t2,1,accessibility,distance,1,9985,distance,False
34d66c5d-c5a5-4dde-9768-6f5bb80e81df,t3,2,economic,distance,1,7558,distance,False
34d66c5d-c5a5-4dde-9768-6f5bb80e81df,t4,3,facility,distance,1,10045,distance,False
34d66c5d-c5a5-4dde-9768-6f5bb80e81df,t5,4,disruption,distance,1,7392,distance,False
34d66c5d-c5a5-4dde-9768-6f5bb80e81df,t6,5,spatial,distance,1,7941,distance,False
34d66c5d-c5a5-4dde-9768-6f5bb80e81df,t7,6,economic,distance,1,8312,distance,False
34d66c5d-c5a5-4dde-9768-6f5bb80e81df,t8,7,facility,distance,1,7061,distance,False
34d66c5d-c5a5-4dde-9768-6f5bb80e81df,t9,8,disruption,distance,1,9855,distance,False
34d66c5d-c5a5-4dde-9768-6f5bb80e81df,t10,9,accessibility,distance,1,9868,distance,False
3578dab8-c596-4aab-b939-b3df4e0a4789,t1,0,spatial,price_asc,1,7201,,False
3578dab8-c596-4aab-b939-b3df4e0a4789,t2,1,accessibility,distance,1,8592,price_asc,True
3578dab8-c596-4aab-b939-b3df4e0a4789,t3,2,economic,price_asc,1,6154,distance,True
3578dab8-c596-4aab-b939-b3df4e0a4789,t4,3,facility,distance,1,6873,price_asc,True
3578dab8-c596-4aab-b939-b3df4e0a4789,t5,4,disruption,travel,1,5737,distance,True
3578dab8-c596-4aab-b939-b3df4e0a4789,t6,5,spatial,distance,1,6103,travel,True
3578dab8-c596-4aab-b939-b3df4e0a4789,t7,6,economic,travel,1,7998,distance,True
3578dab8-c596-4aab-b939-b3df4e0a4789,t8,7,facility,distance,1,10036,travel,True
3578dab8-c596-4aab-b939-b3df4e0a4789,t9,8,disruption,distance,1,7874,distance,False
3578dab8-c596-4aab-b939-b3df4e0a4789,t10,9,accessibility,distance,1,7882,distance,False
f648768a-5728-4af1-a739-fa297699c877,t1,0,spatial,price_asc,1,9144,,False
f648768a-5728-4af1-a739-fa297699c877,t2,1,accessibility,travel,1,5681,price_asc,True
f648768a-5728-4af1-a739-fa297699c877,t3,2,economic,price_asc,1,10445,travel,True
f648768a-5728-4af1-a739-fa297699c877,t4,3,facility,distance,1,5958,price_asc,True
f648768a-5728-4af1-a739-fa297699c877,t5,4,disruption,rating,1,6086,distance,True
f648768a-5728-4af1-a739-fa297699c877,t6,5,spatial,rating,1,9399,rating,False
f648768a-5728-4af1-a739-fa297699c877,t7,6,economic,distance,1,8970,rating,True
f648768a-5728-4af1-a739-fa297699c877,t8,7,facility,travel,1,10504,distance,True
f648768a-5728-4af1-a739-fa297699c877,t9,8,disruption,distance,1,9468,travel,True
f648768a-5728-4af1-a739-fa297699c877,t10,9,accessibility,distance,1,8178,distance,False
e02eeeff-f810-4075-b472-df2373c42311,t1,0,spatial,distance,1,9180,,False
e02eeeff-f810-4075-b472-df2373c42311,t2,1,accessibility,distance,1,7309,distance,False
e02eeeff-f810-4075-b472-df2373c42311,t3,2,economic,distance,1,7023,distance,False
e02eeeff-f810-4075-b472-df2373c42311,t4,3,facility,distance,1,9279,distance,False
e02eeeff-f810-4075-b472-df2373c42311,t5,4,disruption,distance,1,8705,distance,False
e02eeeff-f810-4075-b472-df2373c42311,t6,5,spatial,distance,1,6213,distance,False
e02eeeff-f810-4075-b472-df2373c42311,t7,6,economic,distance,1,6104,distance,False
e02eeeff-f810-4075-b472-df2373c42311,t8,7,facility,distance,1,9549,distance,False
e02eeeff-f810-4075-b472-df2373c42311,t9,8,disruption,distance,1,8051,distance,False
e02eeeff-f810-4075-b472-df2373c42311,t10,9,accessibility,distance,1,7149,distance,False
16911b6d-8417-4859-8f2c-f91091aac586,t1,0,spatial,price_asc,1,7070,,False
16911b6d-8417-4859-8f2c-f91091aac586,t2,1,accessibility,distance,1,5836,price_asc,True
16911b6d-8417-4859-8f2c-f91091aac586,t3,2,economic,price_asc,1,8353,distance,True
16911b6d-8417-4859-8f2c-f91091aac586,t4,3,facility,rating,1,7882,price_asc,True
16911b6d-8417-4859-8f2c-f91091aac586,t5,4,disruption,distance,1,7563,rating,True
16911b6d-8417-4859-8f2c-f91091aac586,t6,5,spatial,travel,1,7139,distance,True
16911b6d-8417-4859-8f2c-f91091aac586,t7,6,economic,distance,1,9230,travel,True
16911b6d-8417-4859-8f2c-f91091aac586,t8,7,facility,travel,1,8204,distance,True
16911b6d-8417-4859-8f2c-f91091aac586,t9,8,disruption,travel,1,10132,travel,False
16911b6d-8417-4859-8f2c-f91091aac586,t10,9,accessibility,distance,1,7075,travel,True
6dbf24d2-7298-4bd7-9889-2abf023fa4fb,t1,0,spatial,travel,1,9108,,False
6dbf24d2-7298-4bd7-9889-2abf023fa4fb,t2,1,accessibility,distance,1,6324,travel,True
6dbf24d2-7298-4bd7-9889-2abf023fa4fb,t3,2,economic,price_asc,1,8776,distance,True
6dbf24d2-7298-4bd7-9889-2abf023fa4fb,t4,3,facility,travel,1,10132,price_asc,True
6dbf24d2-7298-4bd7-9889-2abf023fa4fb,t5,4,disruption,travel,1,10497,travel,False
6dbf24d2-7298-4bd7-9889-2abf023fa4fb,t6,5,spatial,travel,1,6415,travel,False
6dbf24d2-7298-4bd7-9889-2abf023fa4fb,t7,6,economic,travel,1,7085,travel,False
6dbf24d2-7298-4bd7-9889-2abf023fa4fb,t8,7,facility,distance,1,7914,travel,True
6dbf24d2-7298-4bd7-9889-2abf023fa4fb,t9,8,disruption,distance,1,10201,distance,False
6dbf24d2-7298-4bd7-9889-2abf023fa4fb,t10,9,accessibility,distance,1,9892,distance,False
dfef1e9b-988a-4ce7-b1b4-1bba4d7ead93,t1,0,spatial,distance,1,9147,,False
dfef1e9b-988a-4ce7-b1b4-1bba4d7ead93,t2,1,accessibility,distance,1,6042,distance,False
dfef1e9b-988a-4ce7-b1b4-1bba4d7ead93,t3,2,economic,distance,1,10324,distance,False
dfef1e9b-988a-4ce7-b1b4-1bba4d7ead93,t4,3,facility,distance,1,9654,distance,False
dfef1e9b-988a-4ce7-b1b4-1bba4d7ead93,t5,4,disruption,distance,1,6182,distance,False
dfef1e9b-988a-4ce7-b1b4-1bba4d7ead93,t6,5,spatial,distance,1,6161,distance,False
dfef1e9b-988a-4ce7-b1b4-1bba4d7ead93,t7,6,economic,distance,1,7710,distance,False
dfef1e9b-988a-4ce7-b1b4-1bba4d7ead93,t8,7,facility,distance,1,10094,distance,False
dfef1e9b-988a-4ce7-b1b4-1bba4d7ead93,t9,8,disruption,distance,1,8001,distance,False
dfef1e9b-988a-4ce7-b1b4-1bba4d7ead93,t10,9,accessibility,distance,1,8322,distance,False
19f83c2d-8d0b-4e66-b085-74ef1e546275,t1,0,spatial,price_asc,1,7725,,False
19f83c2d-8d0b-4e66-b085-74ef1e546275,t2,1,accessibility,distance,1,7043,price_asc,True
19f83c2d-8d0b-4e66-b085-74ef1e546275,t3,2,economic,price_asc,1,10175,distance,True
19f83c2d-8d0b-4e66-b085-74ef1e546275,t4,3,facility,distance,1,7820,price_asc,True
19f83c2d-8d0b-4e66-b085-74ef1e546275,t5,4,disruption,distance,1,5716,distance,False
19f83c2d-8d0b-4e66-b085-74ef1e546275,t6,5,spatial,travel,1,9675,distance,True
19f83c2d-8d0b-4e66-b085-74ef1e546275,t7,6,economic,distance,1,5733,travel,True
19f83c2d-8d0b-4e66-b085-74ef1e546275,t8,7,facility,distance,1,6549,distance,False
19f83c2d-8d0b-4e66-b085-74ef1e546275,t9,8,disruption,distance,1,8891,distance,False
19f83c2d-8d0b-4e66-b085-74ef1e546275,t10,9,accessibility,travel,1,10091,distance,True
38c13f6a-a2a5-46f7-a1c1-985cadcff4ef,t1,0,spatial,price_asc,1,6222,,False
38c13f6a-a2a5-46f7-a1c1-985cadcff4ef,t2,1,accessibility,travel,1,6595,price_asc,True
38c13f6a-a2a5-46f7-a1c1-985cadcff4ef,t3,2,economic,price_asc,1,10417,travel,True
38c13f6a-a2a5-46f7-a1c1-985cadcff4ef,t4,3,facility,travel,1,9155,price_asc,True
38c13f6a-a2a5-46f7-a1c1-985cadcff4ef,t5,4,disruption,distance,1,6061,travel,True
38c13f6a-a2a5-46f7-a1c1-985cadcff4ef,t6,5,spatial,rating,1,7303,distance,True
38c13f6a-a2a5-46f7-a1c1-985cadcff4ef,t7,6,economic,travel,1,8179,rating,True
38c13f6a-a2a5-46f7-a1c1-985cadcff4ef,t8,7,facility,price_desc,1,9682,travel,True
38c13f6a-a2a5-46f7-a1c1-985cadcff4ef,t9,8,disruption,distance,1,9036,price_desc,True
38c13f6a-a2a5-46f7-a1c1-985cadcff4ef,t10,9,accessibility,rating,1,6543,distance,True
39d3919c-420a-41ab-bfca-335652a13849,t1,0,spatial,travel,1,7124,,False
39d3919c-420a-41ab-bfca-335652a13849,t2,1,accessibility,rating,1,8852,travel,True
39d3919c-420a-41ab-bfca-335652a13849,t3,2,economic,distance,1,6550,rating,True
39d3919c-420a-41ab-bfca-335652a13849,t4,3,facility,distance,1,6341,distance,False
39d3919c-420a-41ab-bfca-335652a13849,t5,4,disruption,distance,1,6801,distance,False
39d3919c-420a-41ab-bfca-335652a13849,t6,5,spatial,travel,1,10004,distance,True
39d3919c-420a-41ab-bfca-335652a13849,t7,6,economic,travel,1,10650,travel,False
39d3919c-420a-41ab-bfca-335652a13849,t8,7,facility,price_desc,1,9986,travel,True
39d3919c-420a-41ab-bfca-335652a13849,t9,8,disruption,distance,1,9751,price_desc,True
39d3919c-420a-41ab-bfca-335652a13849,t10,9,accessibility,travel,1,9162,distance,True
e40a4af0-a6cb-4661-b72a-e4aba1428e19,t1,0,spatial,rating,1,9275,,False
e40a4af0-a6cb-4661-b72a-e4aba1428e19,t2,1,accessibility,distance,1,5922,rating,True
e40a4af0-a6cb-4661-b72a-e4aba1428e19,t3,2,economic,distance,1,6967,distance,False
e40a4af0-a6cb-4661-b72a-e4aba1428e19,t4,3,facility,rating,1,9424,distance,True
e40a4af0-a6cb-4661-b72a-e4aba1428e19,t5,4,disruption,distance,1,6744,rating,True
e40a4af0-a6cb-4661-b72a-e4aba1428e19,t6,5,spatial,rating,1,6851,distance,True
e40a4af0-a6cb-4661-b72a-e4aba1428e19,t7,6,economic,rating,1,7539,rating,False
e40a4af0-a6cb-4661-b72a-e4aba1428e19,t8,7,facility,travel,1,10058,rating,True
e40a4af0-a6cb-4661-b72a-e4aba1428e19,t9,8,disruption,rating,1,5046,travel,True
e40a4af0-a6cb-4661-b72a-e4aba1428e19,t10,9,accessibility,rating,1,7962,rating,False
3240c8fc-8128-4d2a-8979-f4c2dea0e9e7,t1,0,spatial,travel,1,9346,,False
3240c8fc-8128-4d2a-8979-f4c2dea0e9e7,t2,1,accessibility,travel,1,5894,travel,False
3240c8fc-8128-4d2a-8979-f4c2dea0e9e7,t3,2,economic,travel,1,7007,travel,False
3240c8fc-8128-4d2a-8979-f4c2dea0e9e7,t4,3,facility,travel,1,7034,travel,False
3240c8fc-8128-4d2a-8979-f4c2dea0e9e7,t5,4,disruption,travel,1,6805,travel,False
3240c8fc-8128-4d2a-8979-f4c2dea0e9e7,t6,5,spatial,travel,1,7017,travel,False
3240c8fc-8128-4d2a-8979-f4c2dea0e9e7,t7,6,economic,travel,1,7100,travel,False
3240c8fc-8128-4d2a-8979-f4c2dea0e9e7,t8,7,facility,travel,1,8255,travel,False
3240c8fc-8128-4d2a-8979-f4c2dea0e9e7,t9,8,disruption,travel,1,6490,travel,False
3240c8fc-8128-4d2a-8979-f4c2dea0e9e7,t10,9,accessibility,travel,1,8907,travel,False
db371545-37e7-4ebf-8c39-0cab87dcecf6,t1,0,spatial,distance,1,6420,,False
db371545-37e7-4ebf-8c39-0cab87dcecf6,t2,1,accessibility,distance,1,6695,distance,False
db371545-37e7-4ebf-8c39-0cab87dcecf6,t3,2,economic,distance,1,9091,distance,False
db371545-37e7-4ebf-8c39-0cab87dcecf6,t4,3,facility,distance,1,6606,distance,False
db371545-37e7-4ebf-8c39-0cab87dcecf6,t5,4,disruption,distance,1,7033,distance,False
db371545-37e7-4ebf-8c39-0cab87dcecf6,t6,5,spatial,distance,1,7649,distance,False
db371545-37e7-4ebf-8c39-0cab87dcecf6,t7,6,economic,distance,1,7830,distance,False
db371545-37e7-4ebf-8c39-0cab87dcecf6,t8,7,facility,distance,1,6899,distance,False
db371545-37e7-4ebf-8c39-0cab87dcecf6,t9,8,disruption,distance,1,7778,distance,False
db371545-37e7-4ebf-8c39-0cab87dcecf6,t10,9,accessibility,distance,1,10064,distance,False
bc65f8e6-1713-42dc-b71e-1bfeb09be7b0,t1,0,spatial,price_asc,1,8432,,False
bc65f8e6-1713-42dc-b71e-1bfeb09be7b0,t2,1,accessibility,distance,1,8831,price_asc,True
bc65f8e6-1713-42dc-b71e-1bfeb09be7b0,t3,2,economic,price_asc,1,9330,distance,True
bc65f8e6-1713-42dc-b71e-1bfeb09be7b0,t4,3,facility,travel,1,7869,price_asc,True
bc65f8e6-1713-42dc-b71e-1bfeb09be7b0,t5,4,disruption,travel,1,7328,travel,False
bc65f8e6-1713-42dc-b71e-1bfeb09be7b0,t6,5,spatial,distance,1,6381,travel,True
bc65f8e6-1713-42dc-b71e-1bfeb09be7b0,t7,6,economic,distance,1,6694,distance,False
bc65f8e6-1713-42dc-b71e-1bfeb09be7b0,t8,7,facility,price_desc,1,7714,distance,True
bc65f8e6-1713-42dc-b71e-1bfeb09be7b0,t9,8,disruption,travel,1,9713,price_desc,True
bc65f8e6-1713-42dc-b71e-1bfeb09be7b0,t10,9,accessibility,travel,1,6168,travel,False
0468b0e7-70da-43b4-800c-ccfed7d43810,t1,0,spatial,travel,1,10736,,False
0468b0e7-70da-43b4-800c-ccfed7d43810,t2,1,accessibility,travel,1,7446,travel,False
0468b0e7-70da-43b4-800c-ccfed7d43810,t3,2,economic,travel,1,9346,travel,False
0468b0e7-70da-43b4-800c-ccfed7d43810,t4,3,facility,travel,1,8844,travel,False
0468b0e7-70da-43b4-800c-ccfed7d43810,t5,4,disruption,travel,1,9227,travel,False
0468b0e7-70da-43b4-800c-ccfed7d43810,t6,5,spatial,travel,1,9143,travel,False
0468b0e7-70da-43b4-800c-ccfed7d43810,t7,6,economic,travel,1,10429,travel,False
0468b0e7-70da-43b4-800c-ccfed7d43810,t8,7,facility,travel,1,10140,travel,False
0468b0e7-70da-43b4-800c-ccfed7d43810,t9,8,disruption,travel,1,8837,travel,False
0468b0e7-70da-43b4-800c-ccfed7d43810,t10,9,accessibility,travel,1,9795,travel,False
dce09847-a1cd-4278-81b7-2024b7af2aad,t1,0,spatial,travel,1,9242,,False
dce09847-a1cd-4278-81b7-2024b7af2aad,t2,1,accessibility,travel,1,5619,travel,False
dce09847-a1cd-4278-81b7-2024b7af2aad,t3,2,economic,travel,1,8413,travel,False
dce09847-a1cd-4278-81b7-2024b7af2aad,t4,3,facility,travel,1,9060,travel,False
dce09847-a1cd-4278-81b7-2024b7af2aad,t5,4,disruption,travel,1,8812,travel,False
dce09847-a1cd-4278-81b7-2024b7af2aad,t6,5,spatial,travel,1,7644,travel,False
dce09847-a1cd-4278-81b7-2024b7af2aad,t7,6,economic,travel,1,6549,travel,False
dce09847-a1cd-4278-81b7-2024b7af2aad,t8,7,facility,travel,1,7683,travel,False
dce09847-a1cd-4278-81b7-2024b7af2aad,t9,8,disruption,travel,1,6456,travel,False
dce09847-a1cd-4278-81b7-2024b7af2aad,t10,9,accessibility,travel,1,8015,travel,False
2fa68ff0-cbc6-4786-a958-4a940a1fb8dd,t1,0,spatial,travel,1,6358,,False
2fa68ff0-cbc6-4786-a958-4a940a1fb8dd,t2,1,accessibility,distance,1,8818,travel,True
2fa68ff0-cbc6-4786-a958-4a940a1fb8dd,t3,2,economic,travel,1,8984,distance,True
2fa68ff0-cbc6-4786-a958-4a940a1fb8dd,t4,3,facility,distance,1,6871,travel,True
2fa68ff0-cbc6-4786-a958-4a940a1fb8dd,t5,4,disruption,distance,1,6932,distance,False
2fa68ff0-cbc6-4786-a958-4a940a1fb8dd,t6,5,spatial,travel,1,7615,distance,True
2fa68ff0-cbc6-4786-a958-4a940a1fb8dd,t7,6,economic,travel,1,7823,travel,False
2fa68ff0-cbc6-4786-a958-4a940a1fb8dd,t8,7,facility,price_desc,1,8012,travel,True
2fa68ff0-cbc6-4786-a958-4a940a1fb8dd,t9,8,disruption,travel,1,7042,price_desc,True
2fa68ff0-cbc6-4786-a958-4a940a1fb8dd,t10,9,accessibility,distance,1,8741,travel,True
e5edf188-5a8f-4e4a-ad2e-d0b6bd0ae382,t1,0,spatial,travel,1,8787,,False
e5edf188-5a8f-4e4a-ad2e-d0b6bd0ae382,t2,1,accessibility,distance,1,8591,travel,True
e5edf188-5a8f-4e4a-ad2e-d0b6bd0ae382,t3,2,economic,distance,1,9606,distance,False
e5edf188-5a8f-4e4a-ad2e-d0b6bd0ae382,t4,3,facility,travel,1,8760,distance,True
e5edf188-5a8f-4e4a-ad2e-d0b6bd0ae382,t5,4,disruption,distance,1,8207,travel,True
e5edf188-5a8f-4e4a-ad2e-d0b6bd0ae382,t6,5,spatial,distance,1,5761,distance,False
e5edf188-5a8f-4e4a-ad2e-d0b6bd0ae382,t7,6,economic,distance,1,9681,distance,False
e5edf188-5a8f-4e4a-ad2e-d0b6bd0ae382,t8,7,facility,price_desc,1,9990,distance,True
e5edf188-5a8f-4e4a-ad2e-d0b6bd0ae382,t9,8,disruption,travel,1,7442,price_desc,True
e5edf188-5a8f-4e4a-ad2e-d0b6bd0ae382,t10,9,accessibility,travel,1,7553,travel,False
27a9efb9-58f7-4b05-a7c2-dfc56e6a666e,t1,0,spatial,price_asc,1,8979,,False
27a9efb9-58f7-4b05-a7c2-dfc56e6a666e,t2,1,accessibility,travel,1,9442,price_asc,True
27a9efb9-58f7-4b05-a7c2-dfc56e6a666e,t3,2,economic,price_asc,1,9978,travel,True
27a9efb9-58f7-4b05-a7c2-dfc56e6a666e,t4,3,facility,travel,1,9377,price_asc,True
27a9efb9-58f7-4b05-a7c2-dfc56e6a666e,t5,4,disruption,distance,1,6634,travel,True
27a9efb9-58f7-4b05-a7c2-dfc56e6a666e,t6,5,spatial,travel,1,8028,distance,True
27a9efb9-58f7-4b05-a7c2-dfc56e6a666e,t7,6,economic,distance,1,10583,travel,True
27a9efb9-58f7-4b05-a7c2-dfc56e6a666e,t8,7,facility,travel,1,10664,distance,True
27a9efb9-58f7-4b05-a7c2-dfc56e6a666e,t9,8,disruption,distance,1,8628,travel,True
27a9efb9-58f7-4b05-a7c2-dfc56e6a666e,t10,9,accessibility,distance,1,10416,distance,False
d2a675f8-35f7-4349-a07c-8a3758301832,t1,0,spatial,rating,1,9623,,False
d2a675f8-35f7-4349-a07c-8a3758301832,t2,1,accessibility,distance,1,7318,rating,True
d2a675f8-35f7-4349-a07c-8a3758301832,t3,2,economic,rating,1,6659,distance,True
d2a675f8-35f7-4349-a07c-8a3758301832,t4,3,facility,rating,1,6203,rating,False
d2a675f8-35f7-4349-a07c-8a3758301832,t5,4,disruption,rating,1,6690,rating,False
d2a675f8-35f7-4349-a07c-8a3758301832,t6,5,spatial,rating,1,6481,rating,False
d2a675f8-35f7-4349-a07c-8a3758301832,t7,6,economic,rating,1,8315,rating,False
d2a675f8-35f7-4349-a07c-8a3758301832,t8,7,facility,travel,1,7926,rating,True
d2a675f8-35f7-4349-a07c-8a3758301832,t9,8,disruption,rating,1,9569,travel,True
d2a675f8-35f7-4349-a07c-8a3758301832,t10,9,accessibility,rating,1,10083,rating,False
ec74a677-7c89-4777-80ae-7998ba4070bd,t1,0,spatial,price_asc,1,8256,,False
ec74a677-7c89-4777-80ae-7998ba4070bd,t2,1,accessibility,travel,1,6678,price_asc,True
ec74a677-7c89-4777-80ae-7998ba4070bd,t3,2,economic,price_asc,1,9340,travel,True
ec74a677-7c89-4777-80ae-7998ba4070bd,t4,3,facility,distance,1,10195,price_asc,True
ec74a677-7c89-4777-80ae-7998ba4070bd,t5,4,disruption,distance,1,10480,distance,False
ec74a677-7c89-4777-80ae-7998ba4070bd,t6,5,spatial,distance,1,40237,distance,False
ec74a677-7c89-4777-80ae-7998ba4070bd,t7,6,economic,travel,1,9187,distance,True
ec74a677-7c89-4777-80ae-7998ba4070bd,t8,7,facility,distance,1,8703,travel,True
ec74a677-7c89-4777-80ae-7998ba4070bd,t9,8,disruption,distance,1,7068,distance,False
d2815657-9ce1-4a95-87b9-af24273b6425,t1,0,spatial,travel,1,10167,,False
d2815657-9ce1-4a95-87b9-af24273b6425,t2,1,accessibility,travel,1,10054,travel,False
d2815657-9ce1-4a95-87b9-af24273b6425,t3,2,economic,travel,1,6016,travel,False
d2815657-9ce1-4a95-87b9-af24273b6425,t4,3,facility,travel,1,9134,travel,False
d2815657-9ce1-4a95-87b9-af24273b6425,t5,4,disruption,travel,1,8155,travel,False
d2815657-9ce1-4a95-87b9-af24273b6425,t7,6,economic,travel,1,24754,travel,False
d2815657-9ce1-4a95-87b9-af24273b6425,t8,7,facility,travel,1,6005,travel,False
d2815657-9ce1-4a95-87b9-af24273b6425,t9,8,disruption,travel,1,8946,travel,False
d2815657-9ce1-4a95-87b9-af24273b6425,t10,9,accessibility,travel,1,8336,travel,False
ef5f34df-4e50-44da-bf1b-6d3e39722e53,t1,0,spatial,price_asc,1,8667,,False
ef5f34df-4e50-44da-bf1b-6d3e39722e53,t2,1,accessibility,distance,1,8748,price_asc,True
ef5f34df-4e50-44da-bf1b-6d3e39722e53,t3,2,economic,travel,1,9574,distance,True
ef5f34df-4e50-44da-bf1b-6d3e39722e53,t4,3,facility,rating,1,8341,travel,True
ef5f34df-4e50-44da-bf1b-6d3e39722e53,t5,4,disruption,travel,1,8254,rating,True
ef5f34df-4e50-44da-bf1b-6d3e39722e53,t6,5,spatial,distance,1,8611,travel,True
ef5f34df-4e50-44da-bf1b-6d3e39722e53,t7,6,economic,distance,0,,distance,False
ef5f34df-4e50-44da-bf1b-6d3e39722e53,t8,7,facility,price_desc,1,7481,distance,True
ef5f34df-4e50-44da-bf1b-6d3e39722e53,t9,8,disruption,distance,1,9108,price_desc,True
ef5f34df-4e50-44da-bf1b-6d3e39722e53,t10,9,accessibility,distance,1,7472,distance,False
aa4e41b0-47bb-4210-be9c-16e9fd076f31,t1,0,spatial,price_asc,1,10898,,False
aa4e41b0-47bb-4210-be9c-16e9fd076f31,t2,1,accessibility,distance,1,6919,price_asc,True
aa4e41b0-47bb-4210-be9c-16e9fd076f31,t3,2,economic,price_asc,1,8188,distance,True
aa4e41b0-47bb-4210-be9c-16e9fd076f31,t4,3,facility,travel,1,5770,price_asc,True
aa4e41b0-47bb-4210-be9c-16e9fd076f31,t5,4,disruption,travel,1,10123,travel,False
aa4e41b0-47bb-4210-be9c-16e9fd076f31,t6,5,spatial,travel,1,10542,travel,False
aa4e41b0-47bb-4210-be9c-16e9fd076f31,t7,6,economic,distance,1,418,travel,True
aa4e41b0-47bb-4210-be9c-16e9fd076f31,t8,7,facility,travel,1,9996,distance,True
aa4e41b0-47bb-4210-be9c-16e9fd076f31,t9,8,disruption,distance,1,7330,travel,True
aa4e41b0-47bb-4210-be9c-16e9fd076f31,t10,9,accessibility,travel,1,8967,distance,True
b8d6d571-d8ec-4404-b1a1-981955522d56,t1,0,spatial,rating,1,6071,,False
b8d6d571-d8ec-4404-b1a1-981955522d56,t2,1,accessibility,rating,1,7195,rating,False
b8d6d571-d8ec-4404-b1a1-981955522d56,t3,2,economic,distance,1,9695,rating,True
b8d6d571-d8ec-4404-b1a1-981955522d56,t4,3,facility,rating,1,6547,distance,True
b8d6d571-d8ec-4404-b1a1-981955522d56,t5,4,disruption,travel,1,9810,rating,True
b8d6d571-d8ec-4404-b1a1-981955522d56,t6,5,spatial,rating,1,9000,travel,True
b8d6d571-d8ec-4404-b1a1-981955522d56,t7,6,economic,rating,1,6595,rating,False
b8d6d571-d8ec-4404-b1a1-981955522d56,t8,7,facility,distance,1,8051,rating,True
b8d6d571-d8ec-4404-b1a1-981955522d56,t9,8,disruption,rating,1,6820,distance,True
b8d6d571-d8ec-4404-b1a1-981955522d56,t10,9,accessibility,rating,1,9811,rating,False
fe54fe14-2fc8-4c92-84ad-9759d959991a,t1,0,spatial,travel,1,8315,,False
fe54fe14-2fc8-4c92-84ad-9759d959991a,t2,1,accessibility,travel,1,9585,travel,False
fe54fe14-2fc8-4c92-84ad-9759d959991a,t3,2,economic,travel,1,7363,travel,False
fe54fe14-2fc8-4c92-84ad-9759d959991a,t4,3,facility,travel,1,10315,travel,False
fe54fe14-2fc8-4c92-84ad-9759d959991a,t5,4,disruption,travel,1,8171,travel,False
fe54fe14-2fc8-4c92-84ad-9759d959991a,t6,5,spatial,travel,1,6313,travel,False
fe54fe14-2fc8-4c92-84ad-9759d959991a,t7,6,economic,travel,1,8114,travel,False
fe54fe14-2fc8-4c92-84ad-9759d959991a,t8,7,facility,travel,1,6641,travel,False
fe54fe14-2fc8-4c92-84ad-9759d959991a,t9,8,disruption,travel,1,6218,travel,False
fe54fe14-2fc8-4c92-84ad-9759d959991a,t10,9,accessibility,travel,1,9160,travel,False
aed3a47f-8063-4464-ad9f-745068b9619d,t1,0,spatial,rating,1,8128,,False
aed3a47f-8063-4464-ad9f-745068b9619d,t2,1,accessibility,travel,1,9606,rating,True
aed3a47f-8063-4464-ad9f-745068b9619d,t3,2,economic,rating,1,9666,travel,True
aed3a47f-8063-4464-ad9f-745068b9619d,t4,3,facility,travel,1,7848,rating,True
aed3a47f-8063-4464-ad9f-745068b9619d,t5,4,disruption,rating,1,8303,travel,True
aed3a47f-8063-4464-ad9f-745068b9619d,t6,5,spatial,rating,1,7551,rating,False
aed3a47f-8063-4464-ad9f-745068b9619d,t7,6,economic,rating,1,6026,rating,False
aed3a47f-8063-4464-ad9f-745068b9619d,t8,7,facility,rating,1,6355,rating,False
aed3a47f-8063-4464-ad9f-745068b9619d,t9,8,disruption,rating,1,5741,rating,False
aed3a47f-8063-4464-ad9f-745068b9619d,t10,9,accessibility,rating,1,7266,rating,False
80ed12c9-13d3-47c5-944b-9036eb046790,t1,0,spatial,distance,1,8451,,False
80ed12c9-13d3-47c5-944b-9036eb046790,t2,1,accessibility,distance,1,5973,distance,False
80ed12c9-13d3-47c5-944b-9036eb046790,t3,2,economic,distance,1,7816,distance,False
80ed12c9-13d3-47c5-944b-9036eb046790,t4,3,facility,distance,1,8183,distance,False
80ed12c9-13d3-47c5-944b-9036eb046790,t5,4,disruption,distance,1,10174,distance,False
80ed12c9-13d3-47c5-944b-9036eb046790,t6,5,spatial,distance,1,9712,distance,False
80ed12c9-13d3-47c5-944b-9036eb046790,t7,6,economic,distance,1,6865,distance,False
80ed12c9-13d3-47c5-944b-9036eb046790,t8,7,facility,distance,1,7457,distance,False
80ed12c9-13d3-47c5-944b-9036eb046790,t9,8,disruption,distance,1,10000,distance,False
80ed12c9-13d3-47c5-944b-9036eb046790,t10,9,accessibility,distance,1,6647,distance,False
dfbdc4a1-6a0d-46dc-a279-82469c93fd33,t1,0,spatial,rating,1,6725,,False
dfbdc4a1-6a0d-46dc-a279-82469c93fd33,t2,1,accessibility,rating,1,9385,rating,False
dfbdc4a1-6a0d-46dc-a279-82469c93fd33,t3,2,economic,rating,1,7373,rating,False
dfbdc4a1-6a0d-46dc-a279-82469c93fd33,t4,3,facility,travel,1,8065,rating,True
dfbdc4a1-6a0d-46dc-a279-82469c93fd33,t5,4,disruption,rating,1,6381,travel,True
dfbdc4a1-6a0d-46dc-a279-82469c93fd33,t6,5,spatial,travel,1,10692,rating,True
dfbdc4a1-6a0d-46dc-a279-82469c93fd33,t7,6,economic,rating,1,5715,travel,True
dfbdc4a1-6a0d-46dc-a279-82469c93fd33,t8,7,facility,distance,1,8225,rating,True
dfbdc4a1-6a0d-46dc-a279-82469c93fd33,t9,8,disruption,rating,1,9544,distance,True
dfbdc4a1-6a0d-46dc-a279-82469c93fd33,t10,9,accessibility,rating,1,6632,rating,False
020442c7-1745-4f8a-8023-cb41cbe72d4d,t1,0,spatial,price_asc,1,10004,,False
020442c7-1745-4f8a-8023-cb41cbe72d4d,t2,1,accessibility,rating,1,7997,price_asc,True
020442c7-1745-4f8a-8023-cb41cbe72d4d,t3,2,economic,rating,1,6991,rating,False
020442c7-1745-4f8a-8023-cb41cbe72d4d,t4,3,facility,rating,1,6536,rating,False
020442c7-1745-4f8a-8023-cb41cbe72d4d,t5,4,disruption,rating,1,9695,rating,False
020442c7-1745-4f8a-8023-cb41cbe72d4d,t6,5,spatial,rating,1,7607,rating,False
020442c7-1745-4f8a-8023-cb41cbe72d4d,t7,6,economic,rating,1,4824,rating,False
020442c7-1745-4f8a-8023-cb41cbe72d4d,t8,7,facility,rating,1,4915,rating,False
020442c7-1745-4f8a-8023-cb41cbe72d4d,t9,8,disruption,rating,1,9874,rating,False
020442c7-1745-4f8a-8023-cb41cbe72d4d,t10,9,accessibility,rating,1,8155,rating,False
9380633f-d760-4414-9673-76d6fe889693,t1,0,spatial,rating,1,8199,,False
9380633f-d760-4414-9673-76d6fe889693,t2,1,accessibility,rating,1,9798,rating,False
9380633f-d760-4414-9673-76d6fe889693,t3,2,economic,rating,1,8112,rating,False
9380633f-d760-4414-9673-76d6fe889693,t4,3,facility,travel,1,7534,rating,True
9380633f-d760-4414-9673-76d6fe889693,t5,4,disruption,rating,1,6404,travel,True
9380633f-d760-4414-9673-76d6fe889693,t6,5,spatial,rating,1,8594,rating,False
9380633f-d760-4414-9673-76d6fe889693,t7,6,economic,rating,1,5957,rating,False
9380633f-d760-4414-9673-76d6fe889693,t8,7,facility,distance,1,10008,rating,True
9380633f-d760-4414-9673-76d6fe889693,t9,8,disruption,rating,1,10118,distance,True
9380633f-d760-4414-9673-76d6fe889693,t10,9,accessibility,rating,1,7680,rating,False
d126a8c8-82e1-4a8b-ada8-52308479a8d6,t1,0,spatial,distance,1,9433,,False
d126a8c8-82e1-4a8b-ada8-52308479a8d6,t2,1,accessibility,distance,1,6229,distance,False
d126a8c8-82e1-4a8b-ada8-52308479a8d6,t3,2,economic,distance,1,8894,distance,False
d126a8c8-82e1-4a8b-ada8-52308479a8d6,t4,3,facility,distance,1,8120,distance,False
d126a8c8-82e1-4a8b-ada8-52308479a8d6,t5,4,disruption,distance,1,9273,distance,False
d126a8c8-82e1-4a8b-ada8-52308479a8d6,t6,5,spatial,distance,1,6963,distance,False
d126a8c8-82e1-4a8b-ada8-52308479a8d6,t7,6,economic,distance,1,6740,distance,False
d126a8c8-82e1-4a8b-ada8-52308479a8d6,t8,7,facility,distance,1,10179,distance,False
d126a8c8-82e1-4a8b-ada8-52308479a8d6,t9,8,disruption,distance,1,5825,distance,False
d126a8c8-82e1-4a8b-ada8-52308479a8d6,t10,9,accessibility,distance,1,7586,distance,False
00a577a1-56c6-4343-98d3-ad1084509dd0,t1,0,spatial,travel,1,6225,,False
00a577a1-56c6-4343-98d3-ad1084509dd0,t2,1,accessibility,rating,1,6693,travel,True
00a577a1-56c6-4343-98d3-ad1084509dd0,t3,2,economic,rating,1,7057,rating,False
00a577a1-56c6-4343-98d3-ad1084509dd0,t4,3,facility,rating,1,6999,rating,False
00a577a1-56c6-4343-98d3-ad1084509dd0,t5,4,disruption,rating,1,7023,rating,False
00a577a1-56c6-4343-98d3-ad1084509dd0,t6,5,spatial,rating,1,8541,rating,False
00a577a1-56c6-4343-98d3-ad1084509dd0,t7,6,economic,rating,1,7416,rating,False
00a577a1-56c6-4343-98d3-ad1084509dd0,t8,7,facility,rating,1,7667,rating,False
00a577a1-56c6-4343-98d3-ad1084509dd0,t9,8,disruption,travel,1,9275,rating,True
00a577a1-56c6-4343-98d3-ad1084509dd0,t10,9,accessibility,rating,1,9921,travel,True
6a996d26-50da-4b6f-a3f5-e67193988a23,t1,0,spatial,distance,1,7535,,False
6a996d26-50da-4b6f-a3f5-e67193988a23,t2,1,accessibility,distance,1,7260,distance,False
6a996d26-50da-4b6f-a3f5-e67193988a23,t3,2,economic,distance,1,7673,distance,False
6a996d26-50da-4b6f-a3f5-e67193988a23,t4,3,facility,distance,1,9103,distance,False
6a996d26-50da-4b6f-a3f5-e67193988a23,t5,4,disruption,distance,1,9533,distance,False
6a996d26-50da-4b6f-a3f5-e67193988a23,t6,5,spatial,distance,1,6966,distance,False
6a996d26-50da-4b6f-a3f5-e67193988a23,t7,6,economic,distance,1,5447,distance,False
6a996d26-50da-4b6f-a3f5-e67193988a23,t8,7,facility,distance,1,7369,distance,False
6a996d26-50da-4b6f-a3f5-e67193988a23,t9,8,disruption,distance,1,7162,distance,False
6a996d26-50da-4b6f-a3f5-e67193988a23,t10,9,accessibility,distance,1,7952,distance,False
ec800c26-1171-4250-b87d-c793487a9352,t1,0,spatial,rating,1,7408,,False
ec800c26-1171-4250-b87d-c793487a9352,t2,1,accessibility,rating,1,5684,rating,False
ec800c26-1171-4250-b87d-c793487a9352,t3,2,economic,rating,1,9899,rating,False
ec800c26-1171-4250-b87d-c793487a9352,t4,3,facility,rating,1,9821,rating,False
ec800c26-1171-4250-b87d-c793487a9352,t5,4,disruption,rating,1,7961,rating,False
ec800c26-1171-4250-b87d-c793487a9352,t6,5,spatial,distance,1,8190,rating,True
ec800c26-1171-4250-b87d-c793487a9352,t7,6,economic,rating,1,7624,distance,True
ec800c26-1171-4250-b87d-c793487a9352,t8,7,facility,rating,1,9650,rating,False
ec800c26-1171-4250-b87d-c793487a9352,t9,8,disruption,rating,1,9024,rating,False
ec800c26-1171-4250-b87d-c793487a9352,t10,9,accessibility,rating,1,7867,rating,False
4eeac18e-fa92-4794-bf7d-e0559d90c2b4,t1,0,spatial,distance,1,10341,,False
4eeac18e-fa92-4794-bf7d-e0559d90c2b4,t2,1,accessibility,distance,1,7040,distance,False
4eeac18e-fa92-4794-bf7d-e0559d90c2b4,t3,2,economic,distance,1,7667,distance,False
4eeac18e-fa92-4794-bf7d-e0559d90c2b4,t4,3,facility,distance,1,9249,distance,False
4eeac18e-fa92-4794-bf7d-e0559d90c2b4,t5,4,disruption,distance,1,9019,distance,False
4eeac18e-fa92-4794-bf7d-e0559d90c2b4,t6,5,spatial,distance,1,9273,distance,False
4eeac18e-fa92-4794-bf7d-e0559d90c2b4,t7,6,economic,distance,1,10470,distance,False
4eeac18e-fa92-4794-bf7d-e0559d90c2b4,t8,7,facility,distance,1,9338,distance,False
4eeac18e-fa92-4794-bf7d-e0559d90c2b4,t9,8,disruption,distance,1,8824,distance,False
4eeac18e-fa92-4794-bf7d-e0559d90c2b4,t10,9,accessibility,distance,1,8951,distance,False
fa878b73-4d79-4a1d-933d-f6c79600e7ab,t1,0,spatial,price_asc,1,7315,,False
fa878b73-4d79-4a1d-933d-f6c79600e7ab,t2,1,accessibility,travel,1,6177,price_asc,True
fa878b73-4d79-4a1d-933d-f6c79600e7ab,t3,2,economic,price_asc,1,8876,travel,True
fa878b73-4d79-4a1d-933d-f6c79600e7ab,t4,3,facility,distance,1,10415,price_asc,True
fa878b73-4d79-4a1d-933d-f6c79600e7ab,t5,4,disruption,travel,1,8722,distance,True
fa878b73-4d79-4a1d-933d-f6c79600e7ab,t6,5,spatial,distance,1,6074,travel,True
fa878b73-4d79-4a1d-933d-f6c79600e7ab,t7,6,economic,travel,1,5808,distance,True
fa878b73-4d79-4a1d-933d-f6c79600e7ab,t8,7,facility,distance,1,6739,travel,True
fa878b73-4d79-4a1d-933d-f6c79600e7ab,t9,8,disruption,distance,1,6975,distance,False
fa878b73-4d79-4a1d-933d-f6c79600e7ab,t10,9,accessibility,distance,1,6358,distance,False
850bccd4-9c13-445f-864e-7ed5ed39085b,t1,0,spatial,distance,1,8374,,False
850bccd4-9c13-445f-864e-7ed5ed39085b,t2,1,accessibility,travel,1,8424,distance,True
850bccd4-9c13-445f-864e-7ed5ed39085b,t3,2,economic,travel,1,7677,travel,False
850bccd4-9c13-445f-864e-7ed5ed39085b,t4,3,facility,travel,1,9102,travel,False
850bccd4-9c13-445f-864e-7ed5ed39085b,t5,4,disruption,distance,1,9889,travel,True
850bccd4-9c13-445f-864e-7ed5ed39085b,t6,5,spatial,distance,1,8207,distance,False
850bccd4-9c13-445f-864e-7ed5ed39085b,t7,6,economic,distance,1,9268,distance,False
850bccd4-9c13-445f-864e-7ed5ed39085b,t8,7,facility,price_desc,1,6444,distance,True
850bccd4-9c13-445f-864e-7ed5ed39085b,t9,8,disruption,distance,1,10041,price_desc,True
850bccd4-9c13-445f-864e-7ed5ed39085b,t10,9,accessibility,distance,1,6282,distance,False
fe7b8bcd-054a-4334-8610-6290d5f3da09,t1,0,spatial,travel,1,6690,,False
fe7b8bcd-054a-4334-8610-6290d5f3da09,t2,1,accessibility,travel,1,10401,travel,False
fe7b8bcd-054a-4334-8610-6290d5f3da09,t3,2,economic,travel,1,7802,travel,False
fe7b8bcd-054a-4334-8610-6290d5f3da09,t4,3,facility,distance,1,9318,travel,True
fe7b8bcd-054a-4334-8610-6290d5f3da09,t5,4,disruption,travel,1,10125,distance,True
fe7b8bcd-054a-4334-8610-6290d5f3da09,t6,5,spatial,travel,1,9223,travel,False
fe7b8bcd-054a-4334-8610-6290d5f3da09,t7,6,economic,travel,1,10202,travel,False
fe7b8bcd-054a-4334-8610-6290d5f3da09,t8,7,facility,price_desc,1,9366,travel,True
fe7b8bcd-054a-4334-8610-6290d5f3da09,t9,8,disruption,travel,1,7010,price_desc,True
fe7b8bcd-054a-4334-8610-6290d5f3da09,t10,9,accessibility,travel,1,6041,travel,False
2a79c63b-9587-4e3f-99ac-d3d39dfa48e4,t1,0,spatial,distance,1,7419,,False
2a79c63b-9587-4e3f-99ac-d3d39dfa48e4,t2,1,accessibility,travel,1,9324,distance,True
2a79c63b-9587-4e3f-99ac-d3d39dfa48e4,t3,2,economic,price_asc,1,9816,travel,True
2a79c63b-9587-4e3f-99ac-d3d39dfa48e4,t4,3,facility,travel,1,9065,price_asc,True
2a79c63b-9587-4e3f-99ac-d3d39dfa48e4,t5,4,disruption,distance,1,8480,travel,True
2a79c63b-9587-4e3f-99ac-d3d39dfa48e4,t6,5,spatial,travel,1,6079,distance,True
2a79c63b-9587-4e3f-99ac-d3d39dfa48e4,t7,6,economic,distance,1,9183,travel,True
2a79c63b-9587-4e3f-99ac-d3d39dfa48e4,t8,7,facility,price_desc,1,9562,distance,True
2a79c63b-9587-4e3f-99ac-d3d39dfa48e4,t9,8,disruption,distance,1,6615,price_desc,True
2a79c63b-9587-4e3f-99ac-d3d39dfa48e4,t10,9,accessibility,distance,1,10599,distance,False
f6b34aa2-6986-466e-a4e7-ada84a35ff2a,t1,0,spatial,distance,1,6078,,False
f6b34aa2-6986-466e-a4e7-ada84a35ff2a,t2,1,accessibility,distance,1,9115,distance,False
f6b34aa2-6986-466e-a4e7-ada84a35ff2a,t3,2,economic,distance,1,5827,distance,False
f6b34aa2-6986-466e-a4e7-ada84a35ff2a,t4,3,facility,distance,1,9688,distance,False
f6b34aa2-6986-466e-a4e7-ada84a35ff2a,t5,4,disruption,distance,1,10110,distance,False
f6b34aa2-6986-466e-a4e7-ada84a35ff2a,t6,5,spatial,distance,1,8988,distance,False
f6b34aa2-6986-466e-a4e7-ada84a35ff2a,t7,6,economic,distance,1,7575,distance,False
f6b34aa2-6986-466e-a4e7-ada84a35ff2a,t8,7,facility,distance,1,10027,distance,False
f6b34aa2-6986-466e-a4e7-ada84a35ff2a,t9,8,disruption,distance,1,6581,distance,False
f6b34aa2-6986-466e-a4e7-ada84a35ff2a,t10,9,accessibility,distance,1,9390,distance,False
178c6fa8-8c4d-42a9-828e-7d133b6a9861,t1,0,spatial,travel,1,8208,,False
178c6fa8-8c4d-42a9-828e-7d133b6a9861,t2,1,accessibility,travel,1,5913,travel,False
178c6fa8-8c4d-42a9-828e-7d133b6a9861,t3,2,economic,travel,1,9161,travel,False
178c6fa8-8c4d-42a9-828e-7d133b6a9861,t4,3,facility,travel,1,7191,travel,False
178c6fa8-8c4d-42a9-828e-7d133b6a9861,t5,4,disruption,travel,1,8661,travel,False
178c6fa8-8c4d-42a9-828e-7d133b6a9861,t6,5,spatial,travel,1,8210,travel,False
178c6fa8-8c4d-42a9-828e-7d133b6a9861,t7,6,economic,travel,1,10245,travel,False
178c6fa8-8c4d-42a9-828e-7d133b6a9861,t8,7,facility,travel,1,7256,travel,False
178c6fa8-8c4d-42a9-828e-7d133b6a9861,t9,8,disruption,travel,1,6913,travel,False
178c6fa8-8c4d-42a9-828e-7d133b6a9861,t10,9,accessibility,travel,1,6801,travel,False
52c871f7-1a16-4cc5-aae9-8aa5938d7092,t1,0,spatial,travel,1,8327,,False
52c871f7-1a16-4cc5-aae9-8aa5938d7092,t2,1,accessibility,travel,1,8399,travel,False
52c871f7-1a16-4cc5-aae9-8aa5938d7092,t3,2,economic,travel,1,6391,travel,False
52c871f7-1a16-4cc5-aae9-8aa5938d7092,t4,3,facility,travel,1,6552,travel,False
52c871f7-1a16-4cc5-aae9-8aa5938d7092,t5,4,disruption,travel,1,10074,travel,False
52c871f7-1a16-4cc5-aae9-8aa5938d7092,t6,5,spatial,travel,1,7115,travel,False
52c871f7-1a16-4cc5-aae9-8aa5938d7092,t7,6,economic,travel,1,8807,travel,False
52c871f7-1a16-4cc5-aae9-8aa5938d7092,t8,7,facility,travel,1,8544,travel,False
52c871f7-1a16-4cc5-aae9-8aa5938d7092,t9,8,disruption,travel,1,8730,travel,False
52c871f7-1a16-4cc5-aae9-8aa5938d7092,t10,9,accessibility,travel,1,8642,travel,False
c5440048-3e16-412a-8c8e-4211b2598805,t1,0,spatial,rating,1,10178,,False
c5440048-3e16-412a-8c8e-4211b2598805,t2,1,accessibility,rating,1,7925,rating,False
c5440048-3e16-412a-8c8e-4211b2598805,t3,2,economic,rating,1,8161,rating,False
c5440048-3e16-412a-8c8e-4211b2598805,t4,3,facility,rating,1,8471,rating,False
c5440048-3e16-412a-8c8e-4211b2598805,t5,4,disruption,distance,1,5927,rating,True
c5440048-3e16-412a-8c8e-4211b2598805,t6,5,spatial,rating,1,7176,distance,True
c5440048-3e16-412a-8c8e-4211b2598805,t7,6,economic,travel,1,10159,rating,True
c5440048-3e16-412a-8c8e-4211b2598805,t8,7,facility,rating,1,8706,travel,True
c5440048-3e16-412a-8c8e-4211b2598805,t9,8,disruption,travel,1,7134,rating,True
c5440048-3e16-412a-8c8e-4211b2598805,t10,9,accessibility,rating,1,5906,travel,True
393dc15c-a1f1-418b-9f55-83a136c4cf8b,t1,0,spatial,price_asc,1,6120,,False
393dc15c-a1f1-418b-9f55-83a136c4cf8b,t2,1,accessibility,travel,1,9513,price_asc,True
393dc15c-a1f1-418b-9f55-83a136c4cf8b,t3,2,economic,price_asc,1,6697,travel,True
393dc15c-a1f1-418b-9f55-83a136c4cf8b,t4,3,facility,travel,1,6458,price_asc,True
393dc15c-a1f1-418b-9f55-83a136c4cf8b,t5,4,disruption,travel,1,10384,travel,False
393dc15c-a1f1-418b-9f55-83a136c4cf8b,t6,5,spatial,travel,1,8170,travel,False
393dc15c-a1f1-418b-9f55-83a136c4cf8b,t7,6,economic,travel,1,10205,travel,False
393dc15c-a1f1-418b-9f55-83a136c4cf8b,t8,7,facility,price_desc,1,7457,travel,True
393dc15c-a1f1-418b-9f55-83a136c4cf8b,t9,8,disruption,travel,1,6545,price_desc,True
393dc15c-a1f1-418b-9f55-83a136c4cf8b,t10,9,accessibility,travel,1,6381,travel,False
3e2ed41c-287f-4a03-b307-e158cd9f4d21,t1,0,spatial,distance,1,9866,,False
3e2ed41c-287f-4a03-b307-e158cd9f4d21,t2,1,accessibility,distance,1,6921,distance,False
3e2ed41c-287f-4a03-b307-e158cd9f4d21,t3,2,economic,distance,1,6969,distance,False
3e2ed41c-287f-4a03-b307-e158cd9f4d21,t4,3,facility,distance,1,9648,distance,False
3e2ed41c-287f-4a03-b307-e158cd9f4d21,t5,4,disruption,distance,1,9826,distance,False
3e2ed41c-287f-4a03-b307-e158cd9f4d21,t6,5,spatial,distance,1,7230,distance,False
3e2ed41c-287f-4a03-b307-e158cd9f4d21,t7,6,economic,distance,1,8822,distance,False
3e2ed41c-287f-4a03-b307-e158cd9f4d21,t8,7,facility,distance,1,8222,distance,False
3e2ed41c-287f-4a03-b307-e158cd9f4d21,t9,8,disruption,distance,1,9067,distance,False
3e2ed41c-287f-4a03-b307-e158cd9f4d21,t10,9,accessibility,distance,1,8653,distance,False
46b90549-75eb-4e09-a1da-b93088fc7852,t1,0,spatial,price_asc,1,10953,,False
46b90549-75eb-4e09-a1da-b93088fc7852,t2,1,accessibility,distance,1,5947,price_asc,True
46b90549-75eb-4e09-a1da-b93088fc7852,t3,2,economic,price_asc,1,6581,distance,True
46b90549-75eb-4e09-a1da-b93088fc7852,t4,3,facility,distance,1,6314,price_asc,True
46b90549-75eb-4e09-a1da-b93088fc7852,t5,4,disruption,distance,1,8311,distance,False
46b90549-75eb-4e09-a1da-b93088fc7852,t6,5,spatial,rating,1,10315,distance,True
46b90549-75eb-4e09-a1da-b93088fc7852,t7,6,economic,distance,1,9405,rating,True
46b90549-75eb-4e09-a1da-b93088fc7852,t8,7,facility,travel,1,8069,distance,True
46b90549-75eb-4e09-a1da-b93088fc7852,t9,8,disruption,travel,1,7511,travel,False
46b90549-75eb-4e09-a1da-b93088fc7852,t10,9,accessibility,distance,1,5854,travel,True
4f964486-e0ef-478e-9c5e-f8a556f53459,t1,0,spatial,rating,1,10613,,False
4f964486-e0ef-478e-9c5e-f8a556f53459,t2,1,accessibility,travel,1,6981,rating,True
4f964486-e0ef-478e-9c5e-f8a556f53459,t3,2,economic,rating,1,9319,travel,True
4f964486-e0ef-478e-9c5e-f8a556f53459,t4,3,facility,rating,1,9867,rating,False
4f964486-e0ef-478e-9c5e-f8a556f53459,t5,4,disruption,rating,1,6949,rating,False
4f964486-e0ef-478e-9c5e-f8a556f53459,t6,5,spatial,rating,1,6701,rating,False
4f964486-e0ef-478e-9c5e-f8a556f53459,t7,6,economic,rating,1,6106,rating,False
4f964486-e0ef-478e-9c5e-f8a556f53459,t8,7,facility,rating,1,9558,rating,False
4f964486-e0ef-478e-9c5e-f8a556f53459,t9,8,disruption,rating,1,7937,rating,False
4f964486-e0ef-478e-9c5e-f8a556f53459,t10,9,accessibility,rating,1,6318,rating,False
af3d082b-12b3-4219-966d-838f87815d92,t1,0,spatial,travel,1,7488,,False
af3d082b-12b3-4219-966d-838f87815d92,t2,1,accessibility,rating,1,7310,travel,True
af3d082b-12b3-4219-966d-838f87815d92,t3,2,economic,rating,1,6438,rating,False
af3d082b-12b3-4219-966d-838f87815d92,t4,3,facility,distance,1,8092,rating,True
af3d082b-12b3-4219-966d-838f87815d92,t5,4,disruption,rating,1,7922,distance,True
af3d082b-12b3-4219-966d-838f87815d92,t6,5,spatial,distance,1,5824,rating,True
af3d082b-12b3-4219-966d-838f87815d92,t7,6,economic,travel,1,10581,distance,True
af3d082b-12b3-4219-966d-838f87815d92,t8,7,facility,rating,1,5898,travel,True
af3d082b-12b3-4219-966d-838f87815d92,t9,8,disruption,rating,1,7946,rating,False
af3d082b-12b3-4219-966d-838f87815d92,t10,9,accessibility,rating,1,7408,rating,False
c1cc0b17-3df4-44a6-9b85-c62da9943848,t1,0,spatial,travel,1,6951,,False
c1cc0b17-3df4-44a6-9b85-c62da9943848,t2,1,accessibility,travel,1,5481,travel,False
c1cc0b17-3df4-44a6-9b85-c62da9943848,t3,2,economic,travel,1,7417,travel,False
c1cc0b17-3df4-44a6-9b85-c62da9943848,t4,3,facility,travel,1,9865,travel,False
c1cc0b17-3df4-44a6-9b85-c62da9943848,t5,4,disruption,travel,1,9708,travel,False
c1cc0b17-3df4-44a6-9b85-c62da9943848,t6,5,spatial,travel,1,9498,travel,False
c1cc0b17-3df4-44a6-9b85-c62da9943848,t7,6,economic,travel,1,7250,travel,False
c1cc0b17-3df4-44a6-9b85-c62da9943848,t8,7,facility,travel,1,10629,travel,False
c1cc0b17-3df4-44a6-9b85-c62da9943848,t9,8,disruption,travel,1,9974,travel,False
c1cc0b17-3df4-44a6-9b85-c62da9943848,t10,9,accessibility,travel,1,9435,travel,False
5f1fd108-0404-49ca-be37-3130ba802554,t1,0,spatial,price_asc,1,8838,,False
5f1fd108-0404-49ca-be37-3130ba802554,t2,1,accessibility,travel,1,6324,price_asc,True
5f1fd108-0404-49ca-be37-3130ba802554,t3,2,economic,travel,1,7273,travel,False
5f1fd108-0404-49ca-be37-3130ba802554,t4,3,facility,distance,1,9519,travel,True
5f1fd108-0404-49ca-be37-3130ba802554,t5,4,disruption,travel,1,8343,distance,True
5f1fd108-0404-49ca-be37-3130ba802554,t6,5,spatial,distance,1,8777,travel,True
5f1fd108-0404-49ca-be37-3130ba802554,t7,6,economic,travel,1,7523,distance,True
5f1fd108-0404-49ca-be37-3130ba802554,t8,7,facility,price_desc,1,7173,travel,True
5f1fd108-0404-49ca-be37-3130ba802554,t9,8,disruption,distance,1,8833,price_desc,True
5f1fd108-0404-49ca-be37-3130ba802554,t10,9,accessibility,distance,1,6439,distance,False
8deb26e4-193f-4d20-9f4d-9338113f5a03,t1,0,spatial,price_asc,1,7317,,False
8deb26e4-193f-4d20-9f4d-9338113f5a03,t2,1,accessibility,distance,1,7715,price_asc,True
8deb26e4-193f-4d20-9f4d-9338113f5a03,t3,2,economic,price_asc,1,5860,distance,True
8deb26e4-193f-4d20-9f4d-9338113f5a03,t4,3,facility,travel,1,9775,price_asc,True
8deb26e4-193f-4d20-9f4d-9338113f5a03,t5,4,disruption,travel,1,6767,travel,False
8deb26e4-193f-4d20-9f4d-9338113f5a03,t6,5,spatial,travel,1,6492,travel,False
8deb26e4-193f-4d20-9f4d-9338113f5a03,t7,6,economic,distance,1,7058,travel,True
8deb26e4-193f-4d20-9f4d-9338113f5a03,t8,7,facility,distance,1,9177,distance,False
8deb26e4-193f-4d20-9f4d-9338113f5a03,t9,8,disruption,distance,1,7048,distance,False
8deb26e4-193f-4d20-9f4d-9338113f5a03,t10,9,accessibility,distance,1,9898,distance,False
4b46e583-4a54-4cab-bfce-10137fb09fe7,t1,0,spatial,distance,1,7401,,False
4b46e583-4a54-4cab-bfce-10137fb09fe7,t2,1,accessibility,distance,1,6108,distance,False
4b46e583-4a54-4cab-bfce-10137fb09fe7,t3,2,economic,distance,1,6979,distance,False
4b46e583-4a54-4cab-bfce-10137fb09fe7,t4,3,facility,rating,1,8131,distance,True
4b46e583-4a54-4cab-bfce-10137fb09fe7,t5,4,disruption,travel,1,6375,rating,True
4b46e583-4a54-4cab-bfce-10137fb09fe7,t6,5,spatial,distance,1,7163,travel,True
4b46e583-4a54-4cab-bfce-10137fb09fe7,t7,6,economic,travel,1,9671,distance,True
4b46e583-4a54-4cab-bfce-10137fb09fe7,t7,6,economic,travel,1,9671,travel,False
4b46e583-4a54-4cab-bfce-10137fb09fe7,t8,7,facility,price_desc,1,11287,travel,True
4b46e583-4a54-4cab-bfce-10137fb09fe7,t9,8,disruption,travel,1,8308,price_desc,True
4b46e583-4a54-4cab-bfce-10137fb09fe7,t10,9,accessibility,travel,1,7415,travel,False
f7fba6dd-f0d7-4973-8ebf-5b968059f63f,t1,0,spatial,distance,1,10585,,False
f7fba6dd-f0d7-4973-8ebf-5b968059f63f,t2,1,accessibility,distance,1,7601,distance,False
f7fba6dd-f0d7-4973-8ebf-5b968059f63f,t3,2,economic,distance,1,6155,distance,False
f7fba6dd-f0d7-4973-8ebf-5b968059f63f,t4,3,facility,distance,1,6611,distance,False
f7fba6dd-f0d7-4973-8ebf-5b968059f63f,t5,4,disruption,distance,1,6859,distance,False
f7fba6dd-f0d7-4973-8ebf-5b968059f63f,t6,5,spatial,distance,1,10546,distance,False
f7fba6dd-f0d7-4973-8ebf-5b968059f63f,t8,7,facility,distance,1,17748,distance,False
f7fba6dd-f0d7-4973-8ebf-5b968059f63f,t9,8,disruption,distance,1,8969,distance,False
f7fba6dd-f0d7-4973-8ebf-5b968059f63f,t10,9,accessibility,distance,1,5704,distance,False
56d6c3b9-022f-4f31-950f-eb23cf0a94f3,t1,0,spatial,price_asc,1,10796,,False
56d6c3b9-022f-4f31-950f-eb23cf0a94f3,t2,1,accessibility,distance,1,9626,price_asc,True
56d6c3b9-022f-4f31-950f-eb23cf0a94f3,t3,2,economic,price_asc,1,6330,distance,True
56d6c3b9-022f-4f31-950f-eb23cf0a94f3,t4,3,facility,travel,1,10668,price_asc,True
56d6c3b9-022f-4f31-950f-eb23cf0a94f3,t5,4,disruption,distance,1,8217,travel,True
56d6c3b9-022f-4f31-950f-eb23cf0a94f3,t6,5,spatial,travel,1,10384,distance,True
56d6c3b9-022f-4f31-950f-eb23cf0a94f3,t7,6,economic,distance,1,6374,travel,True
56d6c3b9-022f-4f31-950f-eb23cf0a94f3,t8,7,facility,travel,1,38297,distance,True
56d6c3b9-022f-4f31-950f-eb23cf0a94f3,t9,8,disruption,travel,1,4560,travel,False
56d6c3b9-022f-4f31-950f-eb23cf0a94f3,t10,9,accessibility,travel,1,8899,travel,False
bed498e3-89fd-496a-b4b4-39ce2daa06c9,t1,0,spatial,price_asc,1,9541,,False
bed498e3-89fd-496a-b4b4-39ce2daa06c9,t2,1,accessibility,travel,1,8355,price_asc,True
bed498e3-89fd-496a-b4b4-39ce2daa06c9,t3,2,economic,distance,1,8832,travel,True
bed498e3-89fd-496a-b4b4-39ce2daa06c9,t4,3,facility,travel,1,8693,distance,True
bed498e3-89fd-496a-b4b4-39ce2daa06c9,t5,4,disruption,travel,1,9240,travel,False
bed498e3-89fd-496a-b4b4-39ce2daa06c9,t6,5,spatial,distance,1,5947,travel,True
bed498e3-89fd-496a-b4b4-39ce2daa06c9,t8,7,facility,distance,1,19668,distance,False
bed498e3-89fd-496a-b4b4-39ce2daa06c9,t9,8,disruption,distance,1,8625,distance,False
bed498e3-89fd-496a-b4b4-39ce2daa06c9,t10,9,accessibility,distance,1,7584,distance,False
c13d066f-d089-4a00-a587-018f09966f0e,t1,0,spatial,travel,1,8182,,False
c13d066f-d089-4a00-a587-018f09966f0e,t2,1,accessibility,travel,1,9785,travel,False
c13d066f-d089-4a00-a587-018f09966f0e,t3,2,economic,travel,1,8491,travel,False
c13d066f-d089-4a00-a587-018f09966f0e,t4,3,facility,travel,1,6640,travel,False
c13d066f-d089-4a00-a587-018f09966f0e,t5,4,disruption,travel,1,6354,travel,False
c13d066f-d089-4a00-a587-018f09966f0e,t6,5,spatial,travel,1,6926,travel,False
c13d066f-d089-4a00-a587-018f09966f0e,t7,6,economic,travel,1,7511,travel,False
c13d066f-d089-4a00-a587-018f09966f0e,t8,7,facility,travel,1,8906,travel,False
c13d066f-d089-4a00-a587-018f09966f0e,t9,8,disruption,travel,1,8278,travel,False
c13d066f-d089-4a00-a587-018f09966f0e,t10,9,accessibility,travel,1,8456,travel,False
5e3fac24-6407-4be2-b7a7-b6924d54c89d,t1,0,spatial,travel,1,9610,,False
5e3fac24-6407-4be2-b7a7-b6924d54c89d,t2,1,accessibility,travel,1,10198,travel,False
5e3fac24-6407-4be2-b7a7-b6924d54c89d,t3,2,economic,travel,1,8288,travel,False
5e3fac24-6407-4be2-b7a7-b6924d54c89d,t4,3,facility,travel,1,6149,travel,False
5e3fac24-6407-4be2-b7a7-b6924d54c89d,t5,4,disruption,travel,1,8694,travel,False
5e3fac24-6407-4be2-b7a7-b6924d54c89d,t6,5,spatial,travel,1,9769,travel,False
5e3fac24-6407-4be2-b7a7-b6924d54c89d,t7,6,economic,travel,1,7482,travel,False
5e3fac24-6407-4be2-b7a7-b6924d54c89d,t8,7,facility,travel,1,5894,travel,False
5e3fac24-6407-4be2-b7a7-b6924d54c89d,t9,8,disruption,travel,1,7799,travel,False
5e3fac24-6407-4be2-b7a7-b6924d54c89d,t10,9,accessibility,travel,1,9272,travel,False
4b60cb4b-ad8c-441b-b1f1-bbd213f675a3,t1,0,spatial,travel,1,8261,,False
4b60cb4b-ad8c-441b-b1f1-bbd213f675a3,t2,1,accessibility,travel,1,9037,travel,False
4b60cb4b-ad8c-441b-b1f1-bbd213f675a3,t3,2,economic,travel,1,5511,travel,False
4b60cb4b-ad8c-441b-b1f1-bbd213f675a3,t4,3,facility,travel,1,6265,travel,False
4b60cb4b-ad8c-441b-b1f1-bbd213f675a3,t5,4,disruption,travel,1,6868,travel,False
4b60cb4b-ad8c-441b-b1f1-bbd213f675a3,t6,5,spatial,travel,1,7989,travel,False
4b60cb4b-ad8c-441b-b1f1-bbd213f675a3,t7,6,economic,travel,1,6649,travel,False
4b60cb4b-ad8c-441b-b1f1-bbd213f675a3,t8,7,facility,travel,1,10343,travel,False
4b60cb4b-ad8c-441b-b1f1-bbd213f675a3,t9,8,disruption,travel,1,8414,travel,False
4b60cb4b-ad8c-441b-b1f1-bbd213f675a3,t10,9,accessibility,travel,1,10549,travel,False
f4615d06-71ed-46bf-9b0f-e31f08fdea9f,t1,0,spatial,distance,1,10440,,False
f4615d06-71ed-46bf-9b0f-e31f08fdea9f,t2,1,accessibility,travel,1,8068,distance,True
f4615d06-71ed-46bf-9b0f-e31f08fdea9f,t3,2,economic,price_asc,1,7329,travel,True
f4615d06-71ed-46bf-9b0f-e31f08fdea9f,t4,3,facility,distance,1,7491,price_asc,True
f4615d06-71ed-46bf-9b0f-e31f08fdea9f,t5,4,disruption,distance,1,9701,distance,False
f4615d06-71ed-46bf-9b0f-e31f08fdea9f,t6,5,spatial,distance,1,6985,distance,False
f4615d06-71ed-46bf-9b0f-e31f08fdea9f,t7,6,economic,distance,1,9312,distance,False
f4615d06-71ed-46bf-9b0f-e31f08fdea9f,t8,7,facility,travel,1,8668,distance,True
f4615d06-71ed-46bf-9b0f-e31f08fdea9f,t9,8,disruption,distance,1,9252,travel,True
f4615d06-71ed-46bf-9b0f-e31f08fdea9f,t10,9,accessibility,distance,1,10010,distance,False
0ff0663d-5438-4bc0-9404-12765bb2ce12,t1,0,spatial,price_asc,1,7198,,False
0ff0663d-5438-4bc0-9404-12765bb2ce12,t2,1,accessibility,travel,1,5631,price_asc,True
0ff0663d-5438-4bc0-9404-12765bb2ce12,t3,2,economic,price_asc,1,8502,travel,True
0ff0663d-5438-4bc0-9404-12765bb2ce12,t4,3,facility,price_asc,1,8546,price_asc,False
0ff0663d-5438-4bc0-9404-12765bb2ce12,t5,4,disruption,travel,1,6917,price_asc,True
0ff0663d-5438-4bc0-9404-12765bb2ce12,t6,5,spatial,distance,1,9754,travel,True
0ff0663d-5438-4bc0-9404-12765bb2ce12,t7,6,economic,distance,1,8993,distance,False
0ff0663d-5438-4bc0-9404-12765bb2ce12,t8,7,facility,travel,1,7525,distance,True
0ff0663d-5438-4bc0-9404-12765bb2ce12,t9,8,disruption,rating,1,9999,travel,True
0ff0663d-5438-4bc0-9404-12765bb2ce12,t10,9,accessibility,distance,1,8964,rating,True
6a17e9bd-70c1-4199-b8b0-511a1896f5ea,t1,0,spatial,travel,1,9423,,False
6a17e9bd-70c1-4199-b8b0-511a1896f5ea,t2,1,accessibility,travel,1,6062,travel,False
6a17e9bd-70c1-4199-b8b0-511a1896f5ea,t3,2,economic,rating,1,8749,travel,True
6a17e9bd-70c1-4199-b8b0-511a1896f5ea,t4,3,facility,rating,1,6090,rating,False
6a17e9bd-70c1-4199-b8b0-511a1896f5ea,t5,4,disruption,rating,1,10458,rating,False
6a17e9bd-70c1-4199-b8b0-511a1896f5ea,t6,5,spatial,distance,1,8838,rating,True
6a17e9bd-70c1-4199-b8b0-511a1896f5ea,t7,6,economic,distance,1,6545,distance,False
6a17e9bd-70c1-4199-b8b0-511a1896f5ea,t8,7,facility,rating,1,6166,distance,True
6a17e9bd-70c1-4199-b8b0-511a1896f5ea,t9,8,disruption,rating,1,9942,rating,False
6a17e9bd-70c1-4199-b8b0-511a1896f5ea,t10,9,accessibility,rating,1,8127,rating,False
c387cea5-a9b9-44cd-8d00-1f379aaa83fa,t1,0,spatial,price_asc,1,7012,,False
c387cea5-a9b9-44cd-8d00-1f379aaa83fa,t2,1,accessibility,distance,1,9378,price_asc,True
c387cea5-a9b9-44cd-8d00-1f379aaa83fa,t3,2,economic,distance,1,8037,distance,False
c387cea5-a9b9-44cd-8d00-1f379aaa83fa,t4,3,facility,distance,1,8316,distance,False
c387cea5-a9b9-44cd-8d00-1f379aaa83fa,t5,4,disruption,travel,1,9863,distance,True
c387cea5-a9b9-44cd-8d00-1f379aaa83fa,t6,5,spatial,travel,1,7646,travel,False
c387cea5-a9b9-44cd-8d00-1f379aaa83fa,t7,6,economic,travel,1,6430,travel,False
c387cea5-a9b9-44cd-8d00-1f379aaa83fa,t8,7,facility,price_desc,1,6026,travel,True
c387cea5-a9b9-44cd-8d00-1f379aaa83fa,t9,8,disruption,travel,1,9666,price_desc,True
c387cea5-a9b9-44cd-8d00-1f379aaa83fa,t10,9,accessibility,travel,1,8858,travel,False
64b53ac1-d6cd-4b25-b596-f9adf939c565,t1,0,spatial,distance,1,7772,,False
64b53ac1-d6cd-4b25-b596-f9adf939c565,t2,1,accessibility,distance,1,9158,distance,False
64b53ac1-d6cd-4b25-b596-f9adf939c565,t3,2,economic,distance,1,9593,distance,False
64b53ac1-d6cd-4b25-b596-f9adf939c565,t4,3,facility,distance,1,9618,distance,False
64b53ac1-d6cd-4b25-b596-f9adf939c565,t5,4,disruption,distance,1,6215,distance,False
64b53ac1-d6cd-4b25-b596-f9adf939c565,t6,5,spatial,distance,1,10085,distance,False
64b53ac1-d6cd-4b25-b596-f9adf939c565,t7,6,economic,distance,1,8235,distance,False
64b53ac1-d6cd-4b25-b596-f9adf939c565,t8,7,facility,distance,1,8263,distance,False
64b53ac1-d6cd-4b25-b596-f9adf939c565,t9,8,disruption,distance,1,7524,distance,False
64b53ac1-d6cd-4b25-b596-f9adf939c565,t10,9,accessibility,distance,1,8984,distance,False
