participant_id,task_id,scenario_id,scenario_persona,chosen_hotel_id,chosen_hotel_name,chosen_room_id,chosen_room_name,room_price_lkr,room_board,room_refundable,room_size_sqm,n_rooms_offered,is_attention_check,attention_pass,decision_ms,time_to_first_interaction_ms,n_hotels_opened,revisions,room_revisions,submitted_at
6d091299-ade9-40de-bdf3-131e1ffad916,t1,budget_backpacker,budget_backpacker,lp102b02,Marino Beach Colombo,,,,,,,0,false,,6723,52,,0,,2026-08-03T17:59:39.625Z
6d091299-ade9-40de-bdf3-131e1ffad916,t2,business_accessibility,business_accessibility,lp81760,The Steuart by Citrus,,,,,,,0,false,,2848,237,,0,,2026-08-03T17:59:42.891Z
6d091299-ade9-40de-bdf3-131e1ffad916,t3,family_facility,family_facility,lp81760,The Steuart by Citrus,,,,,,,0,false,,3260,239,,0,,2026-08-03T17:59:46.497Z
6d091299-ade9-40de-bdf3-131e1ffad916,t4,quiet_seeker,quiet_seeker,lp81760,The Steuart by Citrus,,,,,,,0,false,,1811,10,,0,,2026-08-03T17:59:48.735Z
6d091299-ade9-40de-bdf3-131e1ffad916,t5,sightseer,sightseer,lpb1537,Shangri-La Colombo,,,,,,,0,false,,2030,128,,0,,2026-08-03T17:59:51.103Z
6d091299-ade9-40de-bdf3-131e1ffad916,t6,attention,attention,lp656d3aa9,Sofia Colombo City Hotel,,,,,,,0,true,false,2365,77,,0,,2026-08-03T17:59:53.840Z
fb7ed68b-8135-40c4-acfc-2a05ed832cc9,t1,budget_backpacker,budget_backpacker,lp30277,Hilton Colombo Residence,,,,,,,0,false,,44360,40,,0,,2026-08-14T00:33:04.159Z
fb7ed68b-8135-40c4-acfc-2a05ed832cc9,t2,business_accessibility,business_accessibility,lp30277,Hilton Colombo Residence,,,,,,,0,false,,178132,4162,,0,,2026-08-14T00:36:02.687Z
fb7ed68b-8135-40c4-acfc-2a05ed832cc9,t3,family_facility,family_facility,lpb1537,Shangri-La Colombo,,,,,,,0,false,,5779,3527,,0,,2026-08-14T00:36:08.815Z
fb7ed68b-8135-40c4-acfc-2a05ed832cc9,t4,quiet_seeker,quiet_seeker,lpb1537,Shangri-La Colombo,,,,,,,0,false,,9244,1907,,0,,2026-08-14T00:36:18.422Z
fb7ed68b-8135-40c4-acfc-2a05ed832cc9,t5,sightseer,sightseer,lp30277,Hilton Colombo Residence,,,,,,,0,false,,14023,7714,,0,,2026-08-14T00:36:32.792Z
fb7ed68b-8135-40c4-acfc-2a05ed832cc9,t6,attention,attention,lp6557c6e0,Granbell Hotel Colombo,,,,,,,0,true,false,27108,11178,,0,,2026-08-14T00:37:00.272Z
5b8ef450-848b-4fe1-9813-819f04abc914,t1,budget_backpacker,budget_backpacker,lp102b02,Marino Beach Colombo,,,,,,,0,false,,34289,35,,0,,2026-08-14T14:24:00.986Z
5b8ef450-848b-4fe1-9813-819f04abc914,t2,business_accessibility,business_accessibility,lp81760,The Steuart by Citrus,,,,,,,0,false,,3542,310,,0,,2026-08-14T14:24:04.892Z
5b8ef450-848b-4fe1-9813-819f04abc914,t3,family_facility,family_facility,lp741c5,Cinnamon Red Colombo,,,,,,,0,false,,4123,92,,0,,2026-08-14T14:24:09.344Z
5b8ef450-848b-4fe1-9813-819f04abc914,t4,quiet_seeker,quiet_seeker,lp102b02,Marino Beach Colombo,,,,,,,0,false,,1628,5,,0,,2026-08-14T14:24:11.299Z
5b8ef450-848b-4fe1-9813-819f04abc914,t5,sightseer,sightseer,lp30277,Hilton Colombo Residence,,,,,,,0,false,,1650,5,,0,,2026-08-14T14:24:13.290Z
5b8ef450-848b-4fe1-9813-819f04abc914,t6,attention,attention,lp102b02,Marino Beach Colombo,,,,,,,0,true,true,1701,6,,0,,2026-08-14T14:24:15.325Z
fc04983c-b3fb-4d76-a273-27c597a50d0f,t1,t1,Evening walker,lpb1537,Shangri-La Colombo,,,,,,,0,false,,2278,77,,0,,2026-08-14T19:01:08.695Z
fc04983c-b3fb-4d76-a273-27c597a50d0f,t2,t2,Business traveller,lp72a36,Best Western Elyon Colombo,,,,,,,0,false,,1508,163,,0,,2026-08-14T19:01:10.858Z
fc04983c-b3fb-4d76-a273-27c597a50d0f,t3,t3,Self-funded worker,lp9855f,Fairway Colombo - Sri Lanka's First Hotel With Robot Technology,,,,,,,0,false,,1674,344,,0,,2026-08-14T19:01:13.024Z
fc04983c-b3fb-4d76-a273-27c597a50d0f,t4,t4,Family on holiday,lp73ace,lp73ace,,,,,,,0,false,,1634,4,,0,,2026-08-14T19:01:15.015Z
fc04983c-b3fb-4d76-a273-27c597a50d0f,t5,t5,Light sleeper,lp72a36,Best Western Elyon Colombo,,,,,,,0,false,,1340,352,,0,,2026-08-14T19:01:16.827Z
fc04983c-b3fb-4d76-a273-27c597a50d0f,t6,t6,Beach weekender,lp7c172,Mirage Colombo,,,,,,,0,false,,1413,327,,0,,2026-08-14T19:01:18.770Z
fc04983c-b3fb-4d76-a273-27c597a50d0f,t7,t7,Long-stay consultant,lp857b8,Zylan Colombo,,,,,,,0,false,,1773,265,,0,,2026-08-14T19:01:21.031Z
fc04983c-b3fb-4d76-a273-27c597a50d0f,t8,t8,Value-seeking couple,lp6557c6e0,Granbell Hotel Colombo,,,,,,,0,false,,1941,8,,0,,2026-08-14T19:01:23.297Z
fc04983c-b3fb-4d76-a273-27c597a50d0f,t9,t9,Remote worker,lp7c172,Mirage Colombo,,,,,,,0,false,,1392,50,,0,,2026-08-14T19:01:25.016Z
fc04983c-b3fb-4d76-a273-27c597a50d0f,t10,t10,Business traveller,lp72a36,Best Western Elyon Colombo,,,,,,,0,false,,1201,294,,0,,2026-08-14T19:01:26.559Z
fc04983c-b3fb-4d76-a273-27c597a50d0f,t_attn,t_attn,Attention check,lp9855f,Fairway Colombo - Sri Lanka's First Hotel With Robot Technology,,,,,,,0,true,false,1392,62,,0,,2026-08-14T19:01:28.300Z
2612831e-3be0-4d7e-98a6-d0af8dfcd0fb,t1,t1,Evening walker,lp803e1,Galle Face Hotel,,,,,,,0,false,,173679,54621,,2,,2026-08-15T02:35:32.682Z
2612831e-3be0-4d7e-98a6-d0af8dfcd0fb,t2,t2,Business traveller,lp102b02,Marino Beach Colombo,,,,,,,0,false,,146162,143837,,0,,2026-08-15T02:37:59.555Z
2612831e-3be0-4d7e-98a6-d0af8dfcd0fb,t3,t3,Self-funded worker,lp803e1,Galle Face Hotel,,,,,,,0,false,,71840,65803,,0,,2026-08-15T02:39:11.826Z
2612831e-3be0-4d7e-98a6-d0af8dfcd0fb,t4,t4,Family on holiday,lp102b02,Marino Beach Colombo,,,,,,,0,false,,42736,41373,,0,,2026-08-15T02:39:55.256Z
2612831e-3be0-4d7e-98a6-d0af8dfcd0fb,t5,t5,Light sleeper,lp102b02,Marino Beach Colombo,,,,,,,0,false,,87080,85902,,0,,2026-08-15T02:41:22.748Z
2612831e-3be0-4d7e-98a6-d0af8dfcd0fb,t6,t6,Beach weekender,lp102b02,Marino Beach Colombo,,,,,,,0,false,,43918,42973,,0,,2026-08-15T02:42:07.110Z
2612831e-3be0-4d7e-98a6-d0af8dfcd0fb,t7,t7,Long-stay consultant,lp67708,Supun Arcade Residency,,,,,,,0,false,,149233,146924,,0,,2026-08-15T02:44:36.716Z
2612831e-3be0-4d7e-98a6-d0af8dfcd0fb,t8,t8,Value-seeking couple,lp656d40c7,Sheraton Colombo Hotel,,,,,,,0,false,,69465,67823,,0,,2026-08-15T02:45:46.560Z
2612831e-3be0-4d7e-98a6-d0af8dfcd0fb,t9,t9,Remote worker,lp40d3f,Global Towers Hotel & Apartments,,,,,,,0,false,,21156,19286,,0,,2026-08-15T02:46:08.052Z
2612831e-3be0-4d7e-98a6-d0af8dfcd0fb,t10,t10,Business traveller,lp96bf6,lp96bf6,,,,,,,0,false,,91630,69251,,1,,2026-08-15T02:47:40.049Z
2612831e-3be0-4d7e-98a6-d0af8dfcd0fb,t_attn,t_attn,Attention check,lpb1537,Shangri-La Colombo,,,,,,,0,true,true,20371,19231,,0,,2026-08-15T02:48:00.845Z
7383b98f-cf7b-4de0-ba0a-eb5bc3f073fd,t1,t1,Evening walker,lp81760,The Steuart by Citrus,,,,,,,0,false,,29598,15855,,0,,2026-08-15T04:10:43.947Z
7383b98f-cf7b-4de0-ba0a-eb5bc3f073fd,t2,t2,Business traveller,lpc0df6,Fern Colombo,,,,,,,0,false,,8615,7800,,0,,2026-08-15T04:10:53.075Z
7383b98f-cf7b-4de0-ba0a-eb5bc3f073fd,t3,t3,Self-funded worker,lp655a9e91,Zest Metropole,,,,,,,0,false,,1795,1094,,0,,2026-08-15T04:10:55.259Z
7383b98f-cf7b-4de0-ba0a-eb5bc3f073fd,t4,t4,Family on holiday,lp102b02,Marino Beach Colombo,,,,,,,0,false,,11816,11113,,0,,2026-08-15T04:11:07.537Z
69e681b3-0d76-49e2-b491-4fb99efc8066,t1,t1,Evening walker,lpb1537,Shangri-La Colombo,2416743-RO-NRF,Deluxe Lake View Twin,68781,Room Only,false,42,5,false,,13856,66,1,0,0,2026-08-18T19:10:04.399Z
69e681b3-0d76-49e2-b491-4fb99efc8066,t2,t2,Business traveller,lp857b8,Zylan Colombo,481438-BI-RFN,Executive Room with Jacuzzi - 10% off on Food & Beverage,39068,Breakfast Included,true,60,5,false,,7067,476,1,0,0,2026-08-18T19:10:12.000Z
69e681b3-0d76-49e2-b491-4fb99efc8066,t3,t3,Self-funded worker,lp81760,The Steuart by Citrus,1459938501-RO-NRF,"Premium Room, City View - Early check-in or late check-out subject to availability",22604,Room Only,false,123,5,false,,7666,455,1,0,0,2026-08-18T19:10:20.362Z
69e681b3-0d76-49e2-b491-4fb99efc8066,t4,t4,Family on holiday,lp76eba,Radisson Hotel Colombo,7559276-BI-RFN,Superior Room,36248,Breakfast Included,true,24,5,false,,19394,683,1,0,0,2026-08-18T19:10:40.349Z
69e681b3-0d76-49e2-b491-4fb99efc8066,t5,t5,Light sleeper,lp67708,Supun Arcade Residency,481434-BI-RFN,One-Bedroom Apartment with 15% Discount on Food & Beverage,24663,Breakfast Included,true,121,5,false,,6263,7,1,0,0,2026-08-18T19:10:47.106Z
69e681b3-0d76-49e2-b491-4fb99efc8066,t6,t6,Beach weekender,lp67708,Supun Arcade Residency,481435-BI-RFN,Two-Bedroom Apartment with 15% Discount on Food & Beverage,36342,Breakfast Included,true,142,5,false,,6169,6,1,0,0,2026-08-18T19:10:53.636Z
69e681b3-0d76-49e2-b491-4fb99efc8066,t7,t7,Long-stay consultant,lp857b8,Zylan Colombo,481438-RO-RFN,Executive Room with Jacuzzi - 10% off on Food & Beverage,34557,Room Only,true,60,5,false,,5317,253,1,0,0,2026-08-18T19:10:59.298Z
69e681b3-0d76-49e2-b491-4fb99efc8066,t8,t8,Value-seeking couple,lp6557c6e0,Granbell Hotel Colombo,4368098-RO-NRF,Superior Double City View,28807,Room Only,false,27,3,false,,5516,98,1,0,0,2026-08-18T19:11:05.282Z
69e681b3-0d76-49e2-b491-4fb99efc8066,t9,t9,Remote worker,lp67708,Supun Arcade Residency,481436-RO-RFN,Three-Bedroom Apartment with 15% Discount on Food & Beverage,36342,Room Only,true,160,5,false,,5533,320,1,0,0,2026-08-18T19:11:11.165Z
69e681b3-0d76-49e2-b491-4fb99efc8066,t10,t10,Business traveller,lp72a36,Best Western Elyon Colombo,513432-RO-RFN,Deluxe King Room,19568,Room Only,true,24,3,false,,5390,26,1,0,0,2026-08-18T19:11:17.130Z
69e681b3-0d76-49e2-b491-4fb99efc8066,t_attn,t_attn,Attention check,lp81760,The Steuart by Citrus,1459938501-RO-NRF,"Premium Room, City View - Early check-in or late check-out subject to availability",22604,Room Only,false,123,5,true,false,8949,596,1,0,0,2026-08-18T19:11:26.510Z
054695fc-2388-4c77-a4f5-28f4f0f3d3a3,t1,t1,Evening walker,lp71118,CityRest Fort,1459617182-RO-RFN,Standard Double Room,11502,Room Only,true,,2,false,,53762,21731,1,0,0,2026-08-19T03:38:17.915Z
054695fc-2388-4c77-a4f5-28f4f0f3d3a3,t2,t2,Business traveller,lp72a36,Best Western Elyon Colombo,1459894716-RO-RFN,"Deluxe Room, 2 Twin Beds, Non Smoking",19568,Room Only,true,,3,false,,14077,2924,1,0,0,2026-08-19T03:38:32.473Z
054695fc-2388-4c77-a4f5-28f4f0f3d3a3,t3,t3,Self-funded worker,lp9855f,Fairway Colombo - Sri Lanka's First Hotel With Robot Technology,1459638294-BI-RFN,Superior Balcony Room,32800,Breakfast Included,true,31,5,false,,6859,1395,1,0,0,2026-08-19T03:38:40.123Z
054695fc-2388-4c77-a4f5-28f4f0f3d3a3,t4,t4,Family on holiday,lp7c172,Mirage Colombo,487132-BI-RFN,Standard Double Room,24581,Breakfast Included,true,27,5,false,,11574,3890,1,0,0,2026-08-19T03:38:52.464Z
054695fc-2388-4c77-a4f5-28f4f0f3d3a3,t5,t5,Light sleeper,lp6e625,Hotel Janaki,479119-BI-RFN,Deluxe Double Room,15319,Breakfast Included,true,14,2,false,,6318,1789,1,0,0,2026-08-19T03:38:59.584Z
68361e58-98a9-4e0c-a44c-4a608b4b8ac5,t1,t1,Evening walker,lp3e58e,The Kingsbury Colombo,479092-RO-RFN,Superior Room,37025,Room Only,true,23,2,false,,25895,102,2,0,0,2026-08-19T03:42:43.877Z
68361e58-98a9-4e0c-a44c-4a608b4b8ac5,t2,t2,Business traveller,lp40d3f,Global Towers Hotel & Apartments,476927-RO-RFN,Double or Twin Room,16041,Room Only,true,27,3,false,,47019,414,1,0,0,2026-08-19T03:43:31.248Z
68361e58-98a9-4e0c-a44c-4a608b4b8ac5,t3,t3,Self-funded worker,lp71118,CityRest Fort,1459617182-RO-RFN,Standard Double Room,11502,Room Only,true,,2,false,,42919,441,1,0,0,2026-08-19T03:44:14.535Z
68361e58-98a9-4e0c-a44c-4a608b4b8ac5,t4,t4,Family on holiday,lp76eba,Radisson Hotel Colombo,7559276-RO-RFN,Superior Room,27402,Room Only,true,24,5,false,,28478,558,1,0,0,2026-08-19T03:44:43.845Z
68361e58-98a9-4e0c-a44c-4a608b4b8ac5,t5,t5,Light sleeper,lp72a36,Best Western Elyon Colombo,1459894716-RO-RFN,"Deluxe Room, 2 Twin Beds, Non Smoking",19568,Room Only,true,,3,false,,45586,275,1,0,0,2026-08-19T03:45:30.051Z
68361e58-98a9-4e0c-a44c-4a608b4b8ac5,t6,t6,Beach weekender,lp7c172,Mirage Colombo,487129-RO-RFN,Superior Double or Twin Room with Sea View,29563,Room Only,true,42,5,false,,50383,660,1,0,0,2026-08-19T03:46:20.776Z
68361e58-98a9-4e0c-a44c-4a608b4b8ac5,t7,t7,Long-stay consultant,lpc0df6,Fern Colombo,4237597-RO-RFN,Deluxe Twin Room,16245,Room Only,true,25,2,false,,142299,350,1,0,0,2026-08-19T03:48:43.434Z
68361e58-98a9-4e0c-a44c-4a608b4b8ac5,t8,t8,Value-seeking couple,lp6557c6e0,Granbell Hotel Colombo,4368098-RO-NRF,Superior Double City View,28807,Room Only,false,27,3,false,,24658,576,1,0,0,2026-08-19T03:49:08.622Z
68361e58-98a9-4e0c-a44c-4a608b4b8ac5,t9,t9,Remote worker,lp7c172,Mirage Colombo,487127-RO-RFN,Deluxe Twin Room with Ocean View,24581,Room Only,true,42,5,false,,26481,906,1,0,0,2026-08-19T03:49:35.583Z
68361e58-98a9-4e0c-a44c-4a608b4b8ac5,t10,t10,Business traveller,lp857b8,Zylan Colombo,481438-RO-RFN,Executive Room with Jacuzzi - 10% off on Food & Beverage,34557,Room Only,true,60,5,false,,26111,577,1,0,0,2026-08-19T03:50:02.128Z
68361e58-98a9-4e0c-a44c-4a608b4b8ac5,t_attn,t_attn,Attention check,lpb1537,Shangri-La Colombo,2416743-RO-NRF,Deluxe Lake View Twin,68781,Room Only,false,42,5,true,true,23646,1091,1,0,0,2026-08-19T03:50:26.452Z
054695fc-2388-4c77-a4f5-28f4f0f3d3a3,t6,t6,Beach weekender,lp7c172,Mirage Colombo,487132-RO-RFN,Standard Double Room,20482,Room Only,true,27,5,false,,901228,20846,1,0,0,2026-08-19T04:00:52.746Z
054695fc-2388-4c77-a4f5-28f4f0f3d3a3,t7,t7,Long-stay consultant,lp857b8,Zylan Colombo,481438-RO-RFN,Executive Room with Jacuzzi - 10% off on Food & Beverage,34557,Room Only,true,60,5,false,,14324,6390,1,0,0,2026-08-19T04:01:07.805Z
054695fc-2388-4c77-a4f5-28f4f0f3d3a3,t8,t8,Value-seeking couple,lp6557c6e0,Granbell Hotel Colombo,4368098-RO-NRF,Superior Double City View,28807,Room Only,false,27,3,false,,187652,181054,1,0,0,2026-08-19T04:04:15.993Z
054695fc-2388-4c77-a4f5-28f4f0f3d3a3,t9,t9,Remote worker,lp7c172,Mirage Colombo,487132-RO-RFN,Standard Double Room,20482,Room Only,true,27,5,false,,10104,2243,1,0,0,2026-08-19T04:04:26.874Z
054695fc-2388-4c77-a4f5-28f4f0f3d3a3,t10,t10,Business traveller,lp857b8,Zylan Colombo,1461137737-RO-RFN,Deluxe Triple Room,35761,Room Only,true,32,5,false,,8092,3394,1,0,0,2026-08-19T04:04:35.556Z
054695fc-2388-4c77-a4f5-28f4f0f3d3a3,t_attn,t_attn,Attention check,lp81760,The Steuart by Citrus,1459938501-RO-NRF,"Premium Room, City View - Early check-in or late check-out subject to availability",22604,Room Only,false,123,5,true,false,5878,1313,1,0,0,2026-08-19T04:04:41.964Z
a29c6aee-213d-4c4c-a702-20d89b2f7518,t1,t1,Evening walker,lpa0a8a,NH Collection Colombo,2385682-HB-NRF,Superior Room with Sea View,58363,Half Board,false,35,3,false,,79116,48706,1,0,0,2026-08-19T04:44:40.631Z
a29c6aee-213d-4c4c-a702-20d89b2f7518,t2,t2,Business traveller,lp67286,Colombo Court Hotel & Spa,481452-RO-RFN,Duplex Suite,56529,Room Only,true,65,5,false,,53319,41231,1,0,0,2026-08-19T04:45:34.453Z
a29c6aee-213d-4c4c-a702-20d89b2f7518,t3,t3,Self-funded worker,lp3e58e,The Kingsbury Colombo,479092-BI-RFN,Superior Room,37797,Breakfast Included,true,23,2,false,,41761,32340,1,0,0,2026-08-19T04:46:16.575Z
a29c6aee-213d-4c4c-a702-20d89b2f7518,t4,t4,Family on holiday,lp102b02,Marino Beach Colombo,4219864-RO-RFN,Standard King Room without Outside View - Complimentary City Tour & Access To Beach Lounge,30177,Room Only,true,35,2,false,,10715,2405,1,0,0,2026-08-19T04:46:27.695Z
a29c6aee-213d-4c4c-a702-20d89b2f7518,t5,t5,Light sleeper,lp67708,Supun Arcade Residency,481434-BI-RFN,One-Bedroom Apartment with 15% Discount on Food & Beverage,24663,Breakfast Included,true,121,5,false,,17714,4894,1,0,0,2026-08-19T04:46:45.887Z
a29c6aee-213d-4c4c-a702-20d89b2f7518,t6,t6,Beach weekender,lp76eba,Radisson Hotel Colombo,7559276-FB-NRF,Superior Room,77140,Full Board,false,24,5,false,,17119,6399,2,0,0,2026-08-19T04:47:03.493Z
a29c6aee-213d-4c4c-a702-20d89b2f7518,t7,t7,Long-stay consultant,lp741c5,Cinnamon Red Colombo,514377-BI-RFN,Standard Twin Room,47920,Breakfast Included,true,26,2,false,,19029,9457,1,0,0,2026-08-19T04:47:23.008Z
a29c6aee-213d-4c4c-a702-20d89b2f7518,t8,t8,Value-seeking couple,lp102b02,Marino Beach Colombo,4219906-RO-RFN,Standard Twin Room without Outside View - Complimentary City Tour & Access To Beach Lounge,30177,Room Only,true,35,2,false,,11174,2115,1,0,0,2026-08-19T04:47:34.630Z
a29c6aee-213d-4c4c-a702-20d89b2f7518,t9,t9,Remote worker,lp3e58e,The Kingsbury Colombo,479092-BI-RFN,Superior Room,37797,Breakfast Included,true,23,2,false,,21516,15671,1,0,0,2026-08-19T04:47:56.814Z
a29c6aee-213d-4c4c-a702-20d89b2f7518,t10,t10,Business traveller,lp1bc0d,Hilton Colombo Hotel,476981-RO-RFN,Superior Twin Room,51245,Room Only,true,31,2,false,,8383,3256,1,0,0,2026-08-19T04:48:05.621Z
a29c6aee-213d-4c4c-a702-20d89b2f7518,t_attn,t_attn,Attention check,lp65589ffb,MaRadha Colombo,8208286-RO-RFN,Standard Double Room,35408,Room Only,true,27,2,true,false,6702,2202,1,0,0,2026-08-19T04:48:12.762Z
1aa01656-9aa7-4766-9df8-c8f71fab1751,t1,t1,Evening walker,lpb1537,Shangri-La Colombo,2416743-RO-RFN,Deluxe Lake View Twin,73076,Room Only,true,42,5,false,,24261,13397,1,0,0,2026-08-19T06:48:50.922Z
1aa01656-9aa7-4766-9df8-c8f71fab1751,t2,t2,Business traveller,lp72a36,Best Western Elyon Colombo,1459894716-RO-RFN,"Deluxe Room, 2 Twin Beds, Non Smoking",19568,Room Only,true,,3,false,,11573,6989,1,0,0,2026-08-19T06:49:03.152Z
1aa01656-9aa7-4766-9df8-c8f71fab1751,t3,t3,Self-funded worker,lp9855f,Fairway Colombo - Sri Lanka's First Hotel With Robot Technology,256041-BI-RFN,Deluxe Suite with 20% off on Laundry Services,59040,Breakfast Included,true,46,5,false,,8971,5309,1,0,0,2026-08-19T06:49:13.055Z
1aa01656-9aa7-4766-9df8-c8f71fab1751,t4,t4,Family on holiday,lp76eba,Radisson Hotel Colombo,7559276-BI-RFN,Superior Room,36248,Breakfast Included,true,24,5,false,,9038,4278,1,0,0,2026-08-19T06:49:23.030Z
1aa01656-9aa7-4766-9df8-c8f71fab1751,t5,t5,Light sleeper,lp67708,Supun Arcade Residency,481435-RO-RFN,Two-Bedroom Apartment with 15% Discount on Food & Beverage,28551,Room Only,true,142,5,false,,13397,7858,1,0,0,2026-08-19T06:49:37.453Z
1aa01656-9aa7-4766-9df8-c8f71fab1751,t6,t6,Beach weekender,lp7c172,Mirage Colombo,487132-RO-RFN,Standard Double Room,20482,Room Only,true,27,5,false,,14311,3275,1,0,0,2026-08-19T06:49:52.486Z
1aa01656-9aa7-4766-9df8-c8f71fab1751,t7,t7,Long-stay consultant,lp857b8,Zylan Colombo,481438-RO-RFN,Executive Room with Jacuzzi - 10% off on Food & Beverage,34557,Room Only,true,60,5,false,,7220,2795,1,0,0,2026-08-19T06:50:01.285Z
1aa01656-9aa7-4766-9df8-c8f71fab1751,t8,t8,Value-seeking couple,lp6557c6e0,Granbell Hotel Colombo,4368098-RO-NRF,Superior Double City View,28807,Room Only,false,27,3,false,,6852,2191,1,0,0,2026-08-19T06:50:08.890Z
1aa01656-9aa7-4766-9df8-c8f71fab1751,t9,t9,Remote worker,lp7c172,Mirage Colombo,487132-RO-RFN,Standard Double Room,20482,Room Only,true,27,5,false,,10405,2709,1,0,0,2026-08-19T06:50:20.128Z
1aa01656-9aa7-4766-9df8-c8f71fab1751,t10,t10,Business traveller,lp857b8,Zylan Colombo,481438-RO-RFN,Executive Room with Jacuzzi - 10% off on Food & Beverage,34557,Room Only,true,60,5,false,,10021,3902,1,0,0,2026-08-19T06:50:30.687Z
1aa01656-9aa7-4766-9df8-c8f71fab1751,t_attn,t_attn,Attention check,lpb1537,Shangri-La Colombo,2416743-RO-NRF,Deluxe Lake View Twin,68781,Room Only,false,42,5,true,true,14840,9348,1,0,0,2026-08-19T06:50:46.738Z
2a6f643d-30df-4603-8e7a-01ae36720c87,t1,t1,Evening walker,lp71118,CityRest Fort,1459617182-RO-RFN,Standard Double Room,11502,Room Only,true,,2,false,,61767,15137,1,0,0,2026-08-19T08:50:34.442Z
2a6f643d-30df-4603-8e7a-01ae36720c87,t2,t2,Business traveller,lp72a36,Best Western Elyon Colombo,513432-RO-RFN,Deluxe King Room,19568,Room Only,true,24,3,false,,60993,28777,1,0,0,2026-08-19T08:51:35.888Z
2a6f643d-30df-4603-8e7a-01ae36720c87,t3,t3,Self-funded worker,lp71118,CityRest Fort,1459617182-RO-RFN,Standard Double Room,11502,Room Only,true,,2,false,,41011,22892,1,0,0,2026-08-19T08:52:17.251Z
2a6f643d-30df-4603-8e7a-01ae36720c87,t4,t4,Family on holiday,lp6557c6e0,Granbell Hotel Colombo,1459442880-RO-NRF,"Superior Double Room, Partial Ocean View",30358,Room Only,false,32,3,false,,52509,16453,1,0,0,2026-08-19T08:53:10.285Z
2a6f643d-30df-4603-8e7a-01ae36720c87,t5,t5,Light sleeper,lp72a36,Best Western Elyon Colombo,513432-RO-RFN,Deluxe King Room,19568,Room Only,true,24,3,false,,46609,24013,1,0,0,2026-08-19T08:53:57.269Z
2a6f643d-30df-4603-8e7a-01ae36720c87,t6,t6,Beach weekender,lp67708,Supun Arcade Residency,481434-RO-RFN,One-Bedroom Apartment with 15% Discount on Food & Beverage,20768,Room Only,true,121,5,false,,49255,22615,2,0,0,2026-08-19T08:54:46.933Z
2a6f643d-30df-4603-8e7a-01ae36720c87,t7,t7,Long-stay consultant,lp857b8,Zylan Colombo,481438-RO-RFN,Executive Room with Jacuzzi - 10% off on Food & Beverage,34557,Room Only,true,60,5,false,,52108,40872,1,0,0,2026-08-19T08:55:39.400Z
2a6f643d-30df-4603-8e7a-01ae36720c87,t8,t8,Value-seeking couple,lp6557c6e0,Granbell Hotel Colombo,1459442880-RO-NRF,"Superior Double Room, Partial Ocean View",30358,Room Only,false,32,3,false,,28148,13574,1,0,0,2026-08-19T08:56:07.931Z
2a6f643d-30df-4603-8e7a-01ae36720c87,t9,t9,Remote worker,lp40d3f,Global Towers Hotel & Apartments,476927-RO-RFN,Double or Twin Room,16041,Room Only,true,27,3,false,,20476,12990,1,0,0,2026-08-19T08:56:28.743Z
2a6f643d-30df-4603-8e7a-01ae36720c87,t10,t10,Business traveller,lp72a36,Best Western Elyon Colombo,513432-RO-RFN,Deluxe King Room,19568,Room Only,true,24,3,false,,42660,11792,1,0,0,2026-08-19T08:57:11.787Z
2a6f643d-30df-4603-8e7a-01ae36720c87,t_attn,t_attn,Attention check,lpb1537,Shangri-La Colombo,2416733-RO-NRF,Deluxe Lake View King,68781,Room Only,false,42,5,true,true,22780,12669,1,0,0,2026-08-19T08:57:35.106Z
e190e9ba-f7ea-4d44-b57c-c6d76ee94bd9,t1,t1,Evening walker,lp71118,CityRest Fort,1459617182-RO-RFN,Standard Double Room,11502,Room Only,true,,2,false,,20569,112,1,0,0,2026-08-20T00:35:52.889Z
2fe501f3-10dd-43a5-8fb2-2d98f1ed1bad,t1,t1,Evening walker,lp71118,CityRest Fort,1459617182-RO-RFN,Standard Double Room,11502,Room Only,true,,2,false,,2964,1028,1,0,0,2026-08-20T00:36:59.580Z
2fe501f3-10dd-43a5-8fb2-2d98f1ed1bad,t2,t2,Business traveller,lp71118,CityRest Fort,1459617182-RO-RFN,Standard Double Room,11502,Room Only,true,,2,false,,2348,611,1,0,0,2026-08-20T00:37:02.329Z
f8a0381d-453d-423d-891e-87aae29846e3,t1,t1,Evening walker,lp6e625,Hotel Janaki,479121-BI-RFN,Deluxe Room with Pool View,15319,Breakfast Included,true,14,2,false,,2529,512,1,0,0,2026-08-20T00:37:38.728Z
c4d47707-448b-442e-aa0f-7ca4560ab167,t1,t1,Evening walker,lp3e58e,The Kingsbury Colombo,479092-BI-RFN,Superior Room,37797,Breakfast Included,true,23,2,false,,2501,513,1,0,0,2026-08-20T00:37:38.889Z
5b4197d8-e77c-413b-b648-e8ede8a79537,t1,t1,Evening walker,lpb1537,Shangri-La Colombo,2416733-RO-NRF,Deluxe Lake View King,68781,Room Only,false,42,5,false,,2582,516,1,0,0,2026-08-20T00:37:38.916Z
14522b5f-29a6-41aa-9fd3-e0de686c57b8,t1,t1,Evening walker,lp3e58e,The Kingsbury Colombo,479092-BI-RFN,Superior Room,37797,Breakfast Included,true,23,2,false,,2506,520,1,0,0,2026-08-20T00:37:38.954Z
16b0c967-6141-4dff-b628-52e0dab79048,t1,t1,Evening walker,lp3e58e,The Kingsbury Colombo,479092-RO-RFN,Superior Room,37025,Room Only,true,23,2,false,,2555,513,1,0,0,2026-08-20T00:37:39.111Z
5b9a31ee-800c-4cb7-a8f9-c62dbda646d5,t1,t1,Evening walker,lp71118,CityRest Fort,1459617182-RO-RFN,Standard Double Room,11502,Room Only,true,,2,false,,2615,512,1,0,0,2026-08-20T00:37:39.225Z
339349a6-544d-4676-bed5-71123af1a56f,t1,t1,Evening walker,lp6f007,Clock Inn Colombo,1321691606-BI-RFN,Family Quadruple Room,16763,Breakfast Included,true,25,2,false,,2622,517,1,0,0,2026-08-20T00:37:39.230Z
803e6992-be71-433e-9c40-e33bf4b26958,t1,t1,Evening walker,lp5f0e5,Paradise Road Tintagel Colombo,476937-RO-RFN,Executive Suite,96633,Room Only,true,32,2,false,,2655,534,1,0,0,2026-08-20T00:37:40.187Z
8116d80e-af20-44f0-93e4-6c6d2fe3f349,t1,t1,Evening walker,lp33ddb,"Taj Samudra, Colombo",478631-BI-RFN,Deluxe Room City View Queen Bed,43993,Breakfast Included,true,35,5,false,,2933,516,1,0,0,2026-08-20T00:37:40.359Z
dbf5ae0f-086e-4770-9515-620a2212f28a,t1,t1,Evening walker,lpb1537,Shangri-La Colombo,2416743-RO-NRF,Deluxe Lake View Twin,68781,Room Only,false,42,5,false,,3168,548,1,0,0,2026-08-20T00:37:40.879Z
c4d47707-448b-442e-aa0f-7ca4560ab167,t2,t2,Business traveller,lp5f0e5,Paradise Road Tintagel Colombo,476937-RO-RFN,Executive Suite,96633,Room Only,true,32,2,false,,2375,207,1,0,0,2026-08-20T00:37:41.699Z
14522b5f-29a6-41aa-9fd3-e0de686c57b8,t2,t2,Business traveller,lp5f0e5,Paradise Road Tintagel Colombo,476937-RO-RFN,Executive Suite,96633,Room Only,true,32,2,false,,2266,127,1,0,0,2026-08-20T00:37:41.699Z
f8a0381d-453d-423d-891e-87aae29846e3,t2,t2,Business traveller,lp857b8,Zylan Colombo,481438-RO-RFN,Executive Room with Jacuzzi - 10% off on Food & Beverage,34557,Room Only,true,60,5,false,,2057,749,1,0,0,2026-08-20T00:37:41.708Z
5b4197d8-e77c-413b-b648-e8ede8a79537,t2,t2,Business traveller,lpc0df6,Fern Colombo,4237597-RO-RFN,Deluxe Twin Room,16245,Room Only,true,25,2,false,,2275,105,1,0,0,2026-08-20T00:37:41.714Z
16b0c967-6141-4dff-b628-52e0dab79048,t2,t2,Business traveller,lp857b8,Zylan Colombo,481438-RO-RFN,Executive Room with Jacuzzi - 10% off on Food & Beverage,34557,Room Only,true,60,5,false,,2033,847,1,0,0,2026-08-20T00:37:41.904Z
5b9a31ee-800c-4cb7-a8f9-c62dbda646d5,t2,t2,Business traveller,lp71118,CityRest Fort,1459617182-RO-RFN,Standard Double Room,11502,Room Only,true,,2,false,,2140,53,1,0,0,2026-08-20T00:37:41.943Z
339349a6-544d-4676-bed5-71123af1a56f,t2,t2,Business traveller,lp6e625,Hotel Janaki,479119-BI-RFN,Deluxe Double Room,15319,Breakfast Included,true,14,2,false,,2188,50,1,0,0,2026-08-20T00:37:42.082Z
8116d80e-af20-44f0-93e4-6c6d2fe3f349,t2,t2,Business traveller,lp72a36,Best Western Elyon Colombo,1459894716-RO-RFN,"Deluxe Room, 2 Twin Beds, Non Smoking",19568,Room Only,true,,3,false,,1246,373,1,0,0,2026-08-20T00:37:42.651Z
803e6992-be71-433e-9c40-e33bf4b26958,t2,t2,Business traveller,lpc0df6,Fern Colombo,4237597-RO-RFN,Deluxe Twin Room,16245,Room Only,true,25,2,false,,1953,923,1,0,0,2026-08-20T00:37:42.654Z
dbf5ae0f-086e-4770-9515-620a2212f28a,t2,t2,Business traveller,lp72a36,Best Western Elyon Colombo,1459894716-RO-RFN,"Deluxe Room, 2 Twin Beds, Non Smoking",19568,Room Only,true,,3,false,,2197,140,1,0,0,2026-08-20T00:37:43.591Z
f8a0381d-453d-423d-891e-87aae29846e3,t3,t3,Self-funded worker,lp81760,The Steuart by Citrus,1459938501-RO-NRF,"Premium Room, City View - Early check-in or late check-out subject to availability",22604,Room Only,false,123,5,false,,1770,796,1,0,0,2026-08-20T00:37:44.151Z
14522b5f-29a6-41aa-9fd3-e0de686c57b8,t3,t3,Self-funded worker,lp655a9e91,Zest Metropole,4358364-RO-RFN,Deluxe Double Room,21223,Room Only,true,20,5,false,,1816,807,1,0,0,2026-08-20T00:37:44.151Z
5b4197d8-e77c-413b-b648-e8ede8a79537,t3,t3,Self-funded worker,lp9855f,Fairway Colombo - Sri Lanka's First Hotel With Robot Technology,1459638294-BI-RFN,Superior Balcony Room,32800,Breakfast Included,true,31,5,false,,1855,765,1,0,0,2026-08-20T00:37:44.196Z
5b9a31ee-800c-4cb7-a8f9-c62dbda646d5,t3,t3,Self-funded worker,lp6f007,Clock Inn Colombo,1321691606-BI-RFN,Family Quadruple Room,16763,Breakfast Included,true,25,2,false,,1929,130,1,0,0,2026-08-20T00:37:44.316Z
16b0c967-6141-4dff-b628-52e0dab79048,t3,t3,Self-funded worker,lp9855f,Fairway Colombo - Sri Lanka's First Hotel With Robot Technology,1459638294-BI-RFN,Superior Balcony Room,32800,Breakfast Included,true,31,5,false,,1792,780,1,0,0,2026-08-20T00:37:44.371Z
c4d47707-448b-442e-aa0f-7ca4560ab167,t3,t3,Self-funded worker,lp655a9e91,Zest Metropole,4358364-RO-RFN,Deluxe Double Room,21223,Room Only,true,20,5,false,,1817,808,1,0,0,2026-08-20T00:37:44.377Z
339349a6-544d-4676-bed5-71123af1a56f,t3,t3,Self-funded worker,lp6e625,Hotel Janaki,479121-BI-RFN,Deluxe Room with Pool View,15319,Breakfast Included,true,14,2,false,,2226,212,1,0,0,2026-08-20T00:37:44.818Z
803e6992-be71-433e-9c40-e33bf4b26958,t3,t3,Self-funded worker,lpb1537,Shangri-La Colombo,2416733-RO-NRF,Deluxe Lake View King,68781,Room Only,false,42,5,false,,2030,134,1,0,0,2026-08-20T00:37:45.215Z
dbf5ae0f-086e-4770-9515-620a2212f28a,t3,t3,Self-funded worker,lp81760,The Steuart by Citrus,1459938501-RO-NRF,"Premium Room, City View - Early check-in or late check-out subject to availability",22604,Room Only,false,123,5,false,,1885,163,1,0,0,2026-08-20T00:37:45.921Z
8116d80e-af20-44f0-93e4-6c6d2fe3f349,t3,t3,Self-funded worker,lp9855f,Fairway Colombo - Sri Lanka's First Hotel With Robot Technology,1459638294-BI-RFN,Superior Balcony Room,32800,Breakfast Included,true,31,5,false,,1870,17,1,0,0,2026-08-20T00:37:45.923Z
16b0c967-6141-4dff-b628-52e0dab79048,t4,t4,Family on holiday,lp65589ffb,MaRadha Colombo,8208286-BI-RFN,Standard Double Room,42521,Breakfast Included,true,27,2,false,,1615,672,1,0,0,2026-08-20T00:37:46.547Z
14522b5f-29a6-41aa-9fd3-e0de686c57b8,t4,t4,Family on holiday,lp76eba,Radisson Hotel Colombo,7559276-BI-RFN,Superior Room,36248,Breakfast Included,true,24,5,false,,1965,74,1,0,0,2026-08-20T00:37:46.585Z
f8a0381d-453d-423d-891e-87aae29846e3,t4,t4,Family on holiday,lp6e625,Hotel Janaki,479119-BI-RFN,Deluxe Double Room,15319,Breakfast Included,true,14,2,false,,1971,67,1,0,0,2026-08-20T00:37:46.590Z
5b4197d8-e77c-413b-b648-e8ede8a79537,t4,t4,Family on holiday,lp67286,Colombo Court Hotel & Spa,481449-RO-RFN,Suite,52144,Room Only,true,44,5,false,,2026,156,1,0,0,2026-08-20T00:37:46.611Z
c4d47707-448b-442e-aa0f-7ca4560ab167,t4,t4,Family on holiday,lp67286,Colombo Court Hotel & Spa,481452-RO-RFN,Duplex Suite,56529,Room Only,true,65,5,false,,1734,758,1,0,0,2026-08-20T00:37:46.621Z
5b9a31ee-800c-4cb7-a8f9-c62dbda646d5,t4,t4,Family on holiday,lp65589ffb,MaRadha Colombo,8208286-RO-RFN,Standard Double Room,35408,Room Only,true,27,2,false,,1556,615,1,0,0,2026-08-20T00:37:46.665Z
339349a6-544d-4676-bed5-71123af1a56f,t4,t4,Family on holiday,lp6f007,Clock Inn Colombo,1321691606-BI-RFN,Family Quadruple Room,16763,Breakfast Included,true,25,2,false,,1846,25,1,0,0,2026-08-20T00:37:47.125Z
8116d80e-af20-44f0-93e4-6c6d2fe3f349,t4,t4,Family on holiday,lp67286,Colombo Court Hotel & Spa,481452-RO-RFN,Duplex Suite,56529,Room Only,true,65,5,false,,850,79,1,0,0,2026-08-20T00:37:47.315Z
803e6992-be71-433e-9c40-e33bf4b26958,t4,t4,Family on holiday,lp65589ffb,MaRadha Colombo,8208286-RO-RFN,Standard Double Room,35408,Room Only,true,27,2,false,,1691,795,1,0,0,2026-08-20T00:37:47.613Z
dbf5ae0f-086e-4770-9515-620a2212f28a,t4,t4,Family on holiday,lp76eba,Radisson Hotel Colombo,7559276-BI-RFN,Superior Room,36248,Breakfast Included,true,24,5,false,,1624,805,1,0,0,2026-08-20T00:37:48.104Z
14522b5f-29a6-41aa-9fd3-e0de686c57b8,t5,t5,Light sleeper,lp6e625,Hotel Janaki,479119-BI-RFN,Deluxe Double Room,15319,Breakfast Included,true,14,2,false,,1812,125,1,0,0,2026-08-20T00:37:48.798Z
5b4197d8-e77c-413b-b648-e8ede8a79537,t5,t5,Light sleeper,lp6e625,Hotel Janaki,479121-BI-RFN,Deluxe Room with Pool View,15319,Breakfast Included,true,14,2,false,,1883,159,1,0,0,2026-08-20T00:37:48.931Z
16b0c967-6141-4dff-b628-52e0dab79048,t5,t5,Light sleeper,lp67708,Supun Arcade Residency,481434-RO-RFN,One-Bedroom Apartment with 15% Discount on Food & Beverage,20768,Room Only,true,121,5,false,,1990,196,1,0,0,2026-08-20T00:37:48.986Z
c4d47707-448b-442e-aa0f-7ca4560ab167,t5,t5,Light sleeper,lp6e625,Hotel Janaki,479121-BI-RFN,Deluxe Room with Pool View,15319,Breakfast Included,true,14,2,false,,1941,141,1,0,0,2026-08-20T00:37:48.999Z
5b9a31ee-800c-4cb7-a8f9-c62dbda646d5,t5,t5,Light sleeper,lp6e625,Hotel Janaki,479121-BI-RFN,Deluxe Room with Pool View,15319,Breakfast Included,true,14,2,false,,1982,152,1,0,0,2026-08-20T00:37:49.020Z
f8a0381d-453d-423d-891e-87aae29846e3,t5,t5,Light sleeper,lp6e625,Hotel Janaki,479121-BI-RFN,Deluxe Room with Pool View,15319,Breakfast Included,true,14,2,false,,1839,137,1,0,0,2026-08-20T00:37:49.042Z
339349a6-544d-4676-bed5-71123af1a56f,t5,t5,Light sleeper,lp6e625,Hotel Janaki,479119-BI-RFN,Deluxe Double Room,15319,Breakfast Included,true,14,2,false,,1786,48,1,0,0,2026-08-20T00:37:49.404Z
8116d80e-af20-44f0-93e4-6c6d2fe3f349,t5,t5,Light sleeper,lp6e625,Hotel Janaki,479121-BI-RFN,Deluxe Room with Pool View,15319,Breakfast Included,true,14,2,false,,1625,803,1,0,0,2026-08-20T00:37:49.761Z
803e6992-be71-433e-9c40-e33bf4b26958,t5,t5,Light sleeper,lp67708,Supun Arcade Residency,481434-RO-RFN,One-Bedroom Apartment with 15% Discount on Food & Beverage,20768,Room Only,true,121,5,false,,1486,715,1,0,0,2026-08-20T00:37:50.126Z
dbf5ae0f-086e-4770-9515-620a2212f28a,t5,t5,Light sleeper,lp6e625,Hotel Janaki,479119-BI-RFN,Deluxe Double Room,15319,Breakfast Included,true,14,2,false,,1710,36,1,0,0,2026-08-20T00:37:50.653Z
14522b5f-29a6-41aa-9fd3-e0de686c57b8,t6,t6,Beach weekender,lp7c172,Mirage Colombo,487132-RO-RFN,Standard Double Room,20482,Room Only,true,27,5,false,,1667,56,1,0,0,2026-08-20T00:37:50.987Z
f8a0381d-453d-423d-891e-87aae29846e3,t6,t6,Beach weekender,lp40d3f,Global Towers Hotel & Apartments,476927-RO-RFN,Double or Twin Room,16041,Room Only,true,27,3,false,,1539,738,1,0,0,2026-08-20T00:37:51.026Z
c4d47707-448b-442e-aa0f-7ca4560ab167,t6,t6,Beach weekender,lp76eba,Radisson Hotel Colombo,7559276-BI-RFN,Superior Room,36248,Breakfast Included,true,24,5,false,,1765,118,1,0,0,2026-08-20T00:37:51.221Z
16b0c967-6141-4dff-b628-52e0dab79048,t6,t6,Beach weekender,lp67708,Supun Arcade Residency,481434-RO-RFN,One-Bedroom Apartment with 15% Discount on Food & Beverage,20768,Room Only,true,121,5,false,,1765,116,1,0,0,2026-08-20T00:37:51.225Z
5b9a31ee-800c-4cb7-a8f9-c62dbda646d5,t6,t6,Beach weekender,lp6f007,Clock Inn Colombo,1321691606-BI-RFN,Family Quadruple Room,16763,Breakfast Included,true,25,2,false,,1771,119,1,0,0,2026-08-20T00:37:51.297Z
5b4197d8-e77c-413b-b648-e8ede8a79537,t6,t6,Beach weekender,lp7c172,Mirage Colombo,487132-BI-RFN,Standard Double Room,24581,Breakfast Included,true,27,5,false,,1709,72,1,0,0,2026-08-20T00:37:51.315Z
339349a6-544d-4676-bed5-71123af1a56f,t6,t6,Beach weekender,lp6e625,Hotel Janaki,479119-BI-RFN,Deluxe Double Room,15319,Breakfast Included,true,14,2,false,,1663,49,1,0,0,2026-08-20T00:37:51.603Z
8116d80e-af20-44f0-93e4-6c6d2fe3f349,t6,t6,Beach weekender,lp67708,Supun Arcade Residency,481434-BI-RFN,One-Bedroom Apartment with 15% Discount on Food & Beverage,24663,Breakfast Included,true,121,5,false,,1455,684,1,0,0,2026-08-20T00:37:51.713Z
803e6992-be71-433e-9c40-e33bf4b26958,t6,t6,Beach weekender,lp7c172,Mirage Colombo,487132-RO-RFN,Standard Double Room,20482,Room Only,true,27,5,false,,1162,376,1,0,0,2026-08-20T00:37:51.791Z
dbf5ae0f-086e-4770-9515-620a2212f28a,t6,t6,Beach weekender,lp7c172,Mirage Colombo,487132-BI-RFN,Standard Double Room,24581,Breakfast Included,true,27,5,false,,1401,584,1,0,0,2026-08-20T00:37:52.503Z
f8a0381d-453d-423d-891e-87aae29846e3,t7,t7,Long-stay consultant,lp71118,CityRest Fort,497279-RO-RFN,Standard Twin Room,11502,Room Only,true,15,2,false,,1773,76,1,0,0,2026-08-20T00:37:53.310Z
5b4197d8-e77c-413b-b648-e8ede8a79537,t7,t7,Long-stay consultant,lp857b8,Zylan Colombo,481438-RO-RFN,Executive Room with Jacuzzi - 10% off on Food & Beverage,34557,Room Only,true,60,5,false,,1515,701,1,0,0,2026-08-20T00:37:53.320Z
14522b5f-29a6-41aa-9fd3-e0de686c57b8,t7,t7,Long-stay consultant,lpc0df6,Fern Colombo,4237597-RO-RFN,Deluxe Twin Room,16245,Room Only,true,25,2,false,,1690,28,1,0,0,2026-08-20T00:37:53.361Z
16b0c967-6141-4dff-b628-52e0dab79048,t7,t7,Long-stay consultant,lp857b8,Zylan Colombo,481438-RO-RFN,Executive Room with Jacuzzi - 10% off on Food & Beverage,34557,Room Only,true,60,5,false,,1737,91,1,0,0,2026-08-20T00:37:53.383Z
c4d47707-448b-442e-aa0f-7ca4560ab167,t7,t7,Long-stay consultant,lpc0df6,Fern Colombo,4237597-RO-RFN,Deluxe Twin Room,16245,Room Only,true,25,2,false,,1918,169,1,0,0,2026-08-20T00:37:53.604Z
5b9a31ee-800c-4cb7-a8f9-c62dbda646d5,t7,t7,Long-stay consultant,lp6e625,Hotel Janaki,479119-BI-RFN,Deluxe Double Room,15319,Breakfast Included,true,14,2,false,,1717,52,1,0,0,2026-08-20T00:37:53.700Z
8116d80e-af20-44f0-93e4-6c6d2fe3f349,t7,t7,Long-stay consultant,lp5f0e5,Paradise Road Tintagel Colombo,476937-BI-RFN,Executive Suite,105766,Breakfast Included,true,32,2,false,,886,86,1,0,0,2026-08-20T00:37:53.932Z
339349a6-544d-4676-bed5-71123af1a56f,t7,t7,Long-stay consultant,lp6f007,Clock Inn Colombo,1321691605-BI-RFN,Standard Double Room,13715,Breakfast Included,true,25,2,false,,1675,66,1,0,0,2026-08-20T00:37:54.006Z
803e6992-be71-433e-9c40-e33bf4b26958,t7,t7,Long-stay consultant,lpb1537,Shangri-La Colombo,2416743-RO-NRF,Deluxe Lake View Twin,68781,Room Only,false,42,5,false,,1698,17,1,0,0,2026-08-20T00:37:54.300Z
dbf5ae0f-086e-4770-9515-620a2212f28a,t7,t7,Long-stay consultant,lpc0df6,Fern Colombo,4237597-RO-RFN,Deluxe Twin Room,16245,Room Only,true,25,2,false,,1710,24,1,0,0,2026-08-20T00:37:54.727Z
14522b5f-29a6-41aa-9fd3-e0de686c57b8,t8,t8,Value-seeking couple,lp6574b103,"Amari Colombo, Sri Lanka",844831-RO-RFN,Superior City View Twin,42203,Room Only,true,29,5,false,,1078,121,1,0,0,2026-08-20T00:37:55.645Z
5b4197d8-e77c-413b-b648-e8ede8a79537,t8,t8,Value-seeking couple,lp6557c6e0,Granbell Hotel Colombo,4368098-RO-NRF,Superior Double City View,28807,Room Only,false,27,3,false,,1045,97,1,0,0,2026-08-20T00:37:55.649Z
f8a0381d-453d-423d-891e-87aae29846e3,t8,t8,Value-seeking couple,lp656d40c7,Sheraton Colombo Hotel,5289360-RO-RFN,Deluxe Twin Room with City View with 15% spa discount per room + 15% F&B discount per room + Early check in an,56627,Room Only,true,36,5,false,,1339,376,1,0,0,2026-08-20T00:37:55.878Z
5b9a31ee-800c-4cb7-a8f9-c62dbda646d5,t8,t8,Value-seeking couple,lp6574b103,"Amari Colombo, Sri Lanka",844831-RO-RFN,Superior City View Twin,42203,Room Only,true,29,5,false,,1320,236,1,0,0,2026-08-20T00:37:56.093Z
c4d47707-448b-442e-aa0f-7ca4560ab167,t8,t8,Value-seeking couple,lp656d40c7,Sheraton Colombo Hotel,5289365-RO-RFN,Deluxe King Room with City View with 15% spa discount per room + 15% F&B discount per room + Early check in an,56627,Room Only,true,36,5,false,,1915,35,1,0,0,2026-08-20T00:37:56.125Z
16b0c967-6141-4dff-b628-52e0dab79048,t8,t8,Value-seeking couple,lp656d40c7,Sheraton Colombo Hotel,5289365-RO-RFN,Deluxe King Room with City View with 15% spa discount per room + 15% F&B discount per room + Early check in an,56627,Room Only,true,36,5,false,,1364,345,1,0,0,2026-08-20T00:37:56.232Z
803e6992-be71-433e-9c40-e33bf4b26958,t8,t8,Value-seeking couple,lp6557c6e0,Granbell Hotel Colombo,1459818931-RO-NRF,Superior Twin Room with City View,29667,Room Only,false,0,3,false,,1704,806,1,0,0,2026-08-20T00:37:56.413Z
8116d80e-af20-44f0-93e4-6c6d2fe3f349,t8,t8,Value-seeking couple,lp6574b103,"Amari Colombo, Sri Lanka",844831-RO-RFN,Superior City View Twin,42203,Room Only,true,29,5,false,,1935,135,1,0,0,2026-08-20T00:37:56.603Z
339349a6-544d-4676-bed5-71123af1a56f,t8,t8,Value-seeking couple,lp6557c6e0,Granbell Hotel Colombo,1459818931-RO-NRF,Superior Twin Room with City View,29667,Room Only,false,0,3,false,,1675,692,1,0,0,2026-08-20T00:37:56.726Z
dbf5ae0f-086e-4770-9515-620a2212f28a,t8,t8,Value-seeking couple,lp6557c6e0,Granbell Hotel Colombo,1459818931-RO-NRF,Superior Twin Room with City View,29667,Room Only,false,0,3,false,,1556,722,1,0,0,2026-08-20T00:37:57.050Z
f8a0381d-453d-423d-891e-87aae29846e3,t9,t9,Remote worker,lp40d3f,Global Towers Hotel & Apartments,476927-RO-RFN,Double or Twin Room,16041,Room Only,true,27,3,false,,1679,695,1,0,0,2026-08-20T00:37:58.022Z
16b0c967-6141-4dff-b628-52e0dab79048,t9,t9,Remote worker,lp67708,Supun Arcade Residency,481434-BI-RFN,One-Bedroom Apartment with 15% Discount on Food & Beverage,24663,Breakfast Included,true,121,5,false,,1379,460,1,0,0,2026-08-20T00:37:58.116Z
c4d47707-448b-442e-aa0f-7ca4560ab167,t9,t9,Remote worker,lp40d3f,Global Towers Hotel & Apartments,476927-RO-RFN,Double or Twin Room,16041,Room Only,true,27,3,false,,1896,39,1,0,0,2026-08-20T00:37:58.429Z
5b9a31ee-800c-4cb7-a8f9-c62dbda646d5,t9,t9,Remote worker,lp7c172,Mirage Colombo,487132-RO-RFN,Standard Double Room,20482,Room Only,true,27,5,false,,1752,798,1,0,0,2026-08-20T00:37:58.445Z
339349a6-544d-4676-bed5-71123af1a56f,t9,t9,Remote worker,lp40d3f,Global Towers Hotel & Apartments,476927-RO-RFN,Double or Twin Room,16041,Room Only,true,27,3,false,,1255,330,1,0,0,2026-08-20T00:37:58.477Z
803e6992-be71-433e-9c40-e33bf4b26958,t9,t9,Remote worker,lp656d40c7,Sheraton Colombo Hotel,5289360-RO-RFN,Deluxe Twin Room with City View with 15% spa discount per room + 15% F&B discount per room + Early check in an,56627,Room Only,true,36,5,false,,1915,151,1,0,0,2026-08-20T00:37:58.751Z
8116d80e-af20-44f0-93e4-6c6d2fe3f349,t9,t9,Remote worker,lp67708,Supun Arcade Residency,481434-RO-RFN,One-Bedroom Apartment with 15% Discount on Food & Beverage,20768,Room Only,true,121,5,false,,1493,590,1,0,0,2026-08-20T00:37:59.303Z
dbf5ae0f-086e-4770-9515-620a2212f28a,t9,t9,Remote worker,lp7c172,Mirage Colombo,487132-RO-RFN,Standard Double Room,20482,Room Only,true,27,5,false,,1624,747,1,0,0,2026-08-20T00:37:59.507Z
f8a0381d-453d-423d-891e-87aae29846e3,t10,t10,Business traveller,lp6f007,Clock Inn Colombo,1321691605-BI-RFN,Standard Double Room,13715,Breakfast Included,true,25,2,false,,1922,116,1,0,0,2026-08-20T00:38:00.366Z
16b0c967-6141-4dff-b628-52e0dab79048,t10,t10,Business traveller,lp72a36,Best Western Elyon Colombo,1459894716-RO-RFN,"Deluxe Room, 2 Twin Beds, Non Smoking",19568,Room Only,true,,3,false,,1987,123,1,0,0,2026-08-20T00:38:00.547Z
5b9a31ee-800c-4cb7-a8f9-c62dbda646d5,t10,t10,Business traveller,lp72a36,Best Western Elyon Colombo,1459894716-RO-RFN,"Deluxe Room, 2 Twin Beds, Non Smoking",19568,Room Only,true,,3,false,,1705,739,1,0,0,2026-08-20T00:38:00.626Z
c4d47707-448b-442e-aa0f-7ca4560ab167,t10,t10,Business traveller,lp857b8,Zylan Colombo,481438-RO-RFN,Executive Room with Jacuzzi - 10% off on Food & Beverage,34557,Room Only,true,60,5,false,,1992,181,1,0,0,2026-08-20T00:38:00.919Z
8116d80e-af20-44f0-93e4-6c6d2fe3f349,t10,t10,Business traveller,lpc0df6,Fern Colombo,4237597-RO-RFN,Deluxe Twin Room,16245,Room Only,true,25,2,false,,1120,205,1,0,0,2026-08-20T00:38:01.258Z
803e6992-be71-433e-9c40-e33bf4b26958,t10,t10,Business traveller,lpc0df6,Fern Colombo,4237597-RO-RFN,Deluxe Twin Room,16245,Room Only,true,25,2,false,,1784,816,1,0,0,2026-08-20T00:38:01.343Z
339349a6-544d-4676-bed5-71123af1a56f,t10,t10,Business traveller,lp6e625,Hotel Janaki,479119-BI-RFN,Deluxe Double Room,15319,Breakfast Included,true,14,2,false,,1826,38,1,0,0,2026-08-20T00:38:01.605Z
dbf5ae0f-086e-4770-9515-620a2212f28a,t10,t10,Business traveller,lp72a36,Best Western Elyon Colombo,1459894716-RO-RFN,"Deluxe Room, 2 Twin Beds, Non Smoking",19568,Room Only,true,,3,false,,1468,329,1,0,0,2026-08-20T00:38:01.818Z
f8a0381d-453d-423d-891e-87aae29846e3,t_attn,t_attn,Attention check,lp9855f,Fairway Colombo - Sri Lanka's First Hotel With Robot Technology,1459638294-BI-RFN,Superior Balcony Room,32800,Breakfast Included,true,31,5,true,false,2218,594,1,0,0,2026-08-20T00:38:03.470Z
5b9a31ee-800c-4cb7-a8f9-c62dbda646d5,t_attn,t_attn,Attention check,lp71118,CityRest Fort,497279-RO-RFN,Standard Twin Room,11502,Room Only,true,15,2,true,false,2467,148,1,0,0,2026-08-20T00:38:03.644Z
16b0c967-6141-4dff-b628-52e0dab79048,t_attn,t_attn,Attention check,lp81760,The Steuart by Citrus,1459938501-RO-NRF,"Premium Room, City View - Early check-in or late check-out subject to availability",22604,Room Only,false,123,5,true,false,2536,94,1,0,0,2026-08-20T00:38:03.660Z
8116d80e-af20-44f0-93e4-6c6d2fe3f349,t_attn,t_attn,Attention check,lp9855f,Fairway Colombo - Sri Lanka's First Hotel With Robot Technology,1459638294-BI-RFN,Superior Balcony Room,32800,Breakfast Included,true,31,5,true,false,2222,852,1,0,0,2026-08-20T00:38:03.965Z
c4d47707-448b-442e-aa0f-7ca4560ab167,t_attn,t_attn,Attention check,lp3e58e,The Kingsbury Colombo,479092-RO-RFN,Superior Room,37025,Room Only,true,23,2,true,false,2786,54,1,0,0,2026-08-20T00:38:04.184Z
803e6992-be71-433e-9c40-e33bf4b26958,t_attn,t_attn,Attention check,lp9855f,Fairway Colombo - Sri Lanka's First Hotel With Robot Technology,1459638294-BI-RFN,Superior Balcony Room,32800,Breakfast Included,true,31,5,true,false,2112,798,1,0,0,2026-08-20T00:38:04.227Z
dbf5ae0f-086e-4770-9515-620a2212f28a,t_attn,t_attn,Attention check,lp81760,The Steuart by Citrus,1459938501-BI-NRF,"Premium Room, City View - Early check-in or late check-out subject to availability",25519,Breakfast Included,false,123,5,true,false,2265,237,1,0,0,2026-08-20T00:38:04.672Z
339349a6-544d-4676-bed5-71123af1a56f,t_attn,t_attn,Attention check,lp655a9e91,Zest Metropole,4358364-BI-RFN,Deluxe Double Room,26743,Breakfast Included,true,20,5,true,false,2394,470,1,0,0,2026-08-20T00:38:04.724Z
ddc93885-ede0-45ca-979d-5c4c08aceed7,t1,t1,Evening walker,lp71118,CityRest Fort,1459617182-RO-RFN,Standard Double Room,11502,Room Only,true,,2,false,,2262,515,1,0,0,2026-08-20T00:38:33.808Z
cbb8168c-e236-4501-9e5a-6eb272f4e854,t1,t1,Evening walker,lp71118,CityRest Fort,497279-RO-RFN,Standard Twin Room,11502,Room Only,true,15,2,false,,2324,526,1,0,0,2026-08-20T00:38:33.881Z
58956620-1956-433a-b9ff-7079b32b6ed3,t1,t1,Evening walker,lpb1537,Shangri-La Colombo,2416743-RO-NRF,Deluxe Lake View Twin,68781,Room Only,false,42,5,false,,2389,506,1,0,0,2026-08-20T00:38:34.118Z
0304ba47-d0d5-49d5-8a66-33bf5eb1a6a8,t1,t1,Evening walker,lp5f0e5,Paradise Road Tintagel Colombo,476937-BI-RFN,Executive Suite,105766,Breakfast Included,true,32,2,false,,2409,508,1,0,0,2026-08-20T00:38:34.185Z
05657b26-5253-4fec-8f6d-d4e05231efdc,t1,t1,Evening walker,lp656d40c7,Sheraton Colombo Hotel,5289365-RO-RFN,Deluxe King Room with City View with 15% spa discount per room + 15% F&B discount per room + Early check in an,56627,Room Only,true,36,5,false,,2358,509,1,0,0,2026-08-20T00:38:34.294Z
01ab25d6-8cd4-45bb-9f62-c8fe64ccea3e,t1,t1,Evening walker,lp6f007,Clock Inn Colombo,1321691606-BI-RFN,Family Quadruple Room,16763,Breakfast Included,true,25,2,false,,2373,511,1,0,0,2026-08-20T00:38:34.487Z
8a2db5f0-da72-4a4e-ae75-0513ef622bee,t1,t1,Evening walker,lpb1537,Shangri-La Colombo,2416733-RO-NRF,Deluxe Lake View King,68781,Room Only,false,42,5,false,,2389,511,1,0,0,2026-08-20T00:38:34.487Z
033f6691-123b-415f-918a-07fa4ed64418,t1,t1,Evening walker,lpb1537,Shangri-La Colombo,2416733-RO-NRF,Deluxe Lake View King,68781,Room Only,false,42,5,false,,2472,516,1,0,0,2026-08-20T00:38:34.733Z
4a97df49-0fff-4fba-afe9-3550ef2a8505,t1,t1,Evening walker,lp6e625,Hotel Janaki,479121-BI-RFN,Deluxe Room with Pool View,15319,Breakfast Included,true,14,2,false,,2337,515,1,0,0,2026-08-20T00:38:34.767Z
3a29f3df-e6b7-4915-afc6-e0ded125d946,t1,t1,Evening walker,lp3e58e,The Kingsbury Colombo,479092-RO-RFN,Superior Room,37025,Room Only,true,23,2,false,,2361,510,1,0,0,2026-08-20T00:38:34.775Z
ddc93885-ede0-45ca-979d-5c4c08aceed7,t2,t2,Business traveller,lp6f007,Clock Inn Colombo,1321691606-BI-RFN,Family Quadruple Room,16763,Breakfast Included,true,25,2,false,,1764,89,1,0,0,2026-08-20T00:38:36.050Z
58956620-1956-433a-b9ff-7079b32b6ed3,t2,t2,Business traveller,lp72a36,Best Western Elyon Colombo,513432-RO-RFN,Deluxe King Room,19568,Room Only,true,24,3,false,,1642,770,1,0,0,2026-08-20T00:38:36.343Z
0304ba47-d0d5-49d5-8a66-33bf5eb1a6a8,t2,t2,Business traveller,lp857b8,Zylan Colombo,1461137737-RO-RFN,Deluxe Triple Room,35761,Room Only,true,32,5,false,,1623,751,1,0,0,2026-08-20T00:38:36.417Z
05657b26-5253-4fec-8f6d-d4e05231efdc,t2,t2,Business traveller,lp72a36,Best Western Elyon Colombo,1459894716-RO-RFN,"Deluxe Room, 2 Twin Beds, Non Smoking",19568,Room Only,true,,3,false,,1353,501,1,0,0,2026-08-20T00:38:36.568Z
01ab25d6-8cd4-45bb-9f62-c8fe64ccea3e,t2,t2,Business traveller,lpc0df6,Fern Colombo,4237597-RO-RFN,Deluxe Twin Room,16245,Room Only,true,25,2,false,,1728,880,1,0,0,2026-08-20T00:38:36.738Z
3a29f3df-e6b7-4915-afc6-e0ded125d946,t2,t2,Business traveller,lp72a36,Best Western Elyon Colombo,1459894716-RO-RFN,"Deluxe Room, 2 Twin Beds, Non Smoking",19568,Room Only,true,,3,false,,1020,204,1,0,0,2026-08-20T00:38:36.839Z
8a2db5f0-da72-4a4e-ae75-0513ef622bee,t2,t2,Business traveller,lpc0df6,Fern Colombo,4237595-RO-RFN,King Room,16245,Room Only,true,25,2,false,,1721,19,1,0,0,2026-08-20T00:38:36.985Z
4a97df49-0fff-4fba-afe9-3550ef2a8505,t2,t2,Business traveller,lp72a36,Best Western Elyon Colombo,513432-RO-RFN,Deluxe King Room,19568,Room Only,true,24,3,false,,1257,405,1,0,0,2026-08-20T00:38:37.031Z
033f6691-123b-415f-918a-07fa4ed64418,t2,t2,Business traveller,lp72a36,Best Western Elyon Colombo,1459894716-RO-RFN,"Deluxe Room, 2 Twin Beds, Non Smoking",19568,Room Only,true,,3,false,,1628,815,1,0,0,2026-08-20T00:38:37.146Z
ddc93885-ede0-45ca-979d-5c4c08aceed7,t3,t3,Self-funded worker,lp71118,CityRest Fort,497279-RO-RFN,Standard Twin Room,11502,Room Only,true,15,2,false,,2101,105,1,0,0,2026-08-20T00:38:38.828Z
cbb8168c-e236-4501-9e5a-6eb272f4e854,t2,t2,Business traveller,lp6f007,Clock Inn Colombo,1321691606-BI-RFN,Family Quadruple Room,16763,Breakfast Included,true,25,2,false,,1806,81,1,0,0,2026-08-20T00:38:39.182Z
0304ba47-d0d5-49d5-8a66-33bf5eb1a6a8,t3,t3,Self-funded worker,lp5f0e5,Paradise Road Tintagel Colombo,476937-RO-RFN,Executive Suite,96633,Room Only,true,32,2,false,,2400,66,1,0,0,2026-08-20T00:38:39.290Z
58956620-1956-433a-b9ff-7079b32b6ed3,t3,t3,Self-funded worker,lp81760,The Steuart by Citrus,1459938501-BI-NRF,"Premium Room, City View - Early check-in or late check-out subject to availability",25519,Breakfast Included,false,123,5,false,,2332,8,1,0,0,2026-08-20T00:38:39.416Z
8a2db5f0-da72-4a4e-ae75-0513ef622bee,t3,t3,Self-funded worker,lp81760,The Steuart by Citrus,1459938501-BI-NRF,"Premium Room, City View - Early check-in or late check-out subject to availability",25519,Breakfast Included,false,123,5,false,,1743,703,1,0,0,2026-08-20T00:38:39.489Z
033f6691-123b-415f-918a-07fa4ed64418,t3,t3,Self-funded worker,lp655a9e91,Zest Metropole,4358364-RO-RFN,Deluxe Double Room,21223,Room Only,true,20,5,false,,1652,533,1,0,0,2026-08-20T00:38:39.712Z
01ab25d6-8cd4-45bb-9f62-c8fe64ccea3e,t3,t3,Self-funded worker,lp71118,CityRest Fort,497279-RO-RFN,Standard Twin Room,11502,Room Only,true,15,2,false,,2304,8,1,0,0,2026-08-20T00:38:39.830Z
3a29f3df-e6b7-4915-afc6-e0ded125d946,t3,t3,Self-funded worker,lp655a9e91,Zest Metropole,4358364-RO-RFN,Deluxe Double Room,21223,Room Only,true,20,5,false,,2246,46,1,0,0,2026-08-20T00:38:39.849Z
4a97df49-0fff-4fba-afe9-3550ef2a8505,t3,t3,Self-funded worker,lp6f007,Clock Inn Colombo,1321691605-BI-RFN,Standard Double Room,13715,Breakfast Included,true,25,2,false,,2198,50,1,0,0,2026-08-20T00:38:39.941Z
05657b26-5253-4fec-8f6d-d4e05231efdc,t3,t3,Self-funded worker,lp65589ffb,MaRadha Colombo,8208286-RO-RFN,Standard Double Room,35408,Room Only,true,27,2,false,,2285,59,1,0,0,2026-08-20T00:38:40.112Z
ddc93885-ede0-45ca-979d-5c4c08aceed7,t4,t4,Family on holiday,lp67286,Colombo Court Hotel & Spa,481449-RO-RFN,Suite,52144,Room Only,true,44,5,false,,1562,744,1,0,0,2026-08-20T00:38:41.074Z
58956620-1956-433a-b9ff-7079b32b6ed3,t4,t4,Family on holiday,lp65589ffb,MaRadha Colombo,8208286-BI-RFN,Standard Double Room,42521,Breakfast Included,true,27,2,false,,1562,741,1,0,0,2026-08-20T00:38:41.418Z
05657b26-5253-4fec-8f6d-d4e05231efdc,t4,t4,Family on holiday,lp65589ffb,MaRadha Colombo,8208286-BI-RFN,Standard Double Room,42521,Breakfast Included,true,27,2,false,,999,146,1,0,0,2026-08-20T00:38:41.610Z
8a2db5f0-da72-4a4e-ae75-0513ef622bee,t4,t4,Family on holiday,lp67286,Colombo Court Hotel & Spa,481452-RO-RFN,Duplex Suite,56529,Room Only,true,65,5,false,,1501,648,1,0,0,2026-08-20T00:38:41.626Z
01ab25d6-8cd4-45bb-9f62-c8fe64ccea3e,t4,t4,Family on holiday,lp67286,Colombo Court Hotel & Spa,481449-RO-RFN,Suite,52144,Room Only,true,44,5,false,,1502,636,1,0,0,2026-08-20T00:38:41.817Z
3a29f3df-e6b7-4915-afc6-e0ded125d946,t4,t4,Family on holiday,lp65589ffb,MaRadha Colombo,8208286-RO-RFN,Standard Double Room,35408,Room Only,true,27,2,false,,1501,617,1,0,0,2026-08-20T00:38:41.835Z
4a97df49-0fff-4fba-afe9-3550ef2a8505,t4,t4,Family on holiday,lp65589ffb,MaRadha Colombo,8208286-BI-RFN,Standard Double Room,42521,Breakfast Included,true,27,2,false,,1579,713,1,0,0,2026-08-20T00:38:41.990Z
033f6691-123b-415f-918a-07fa4ed64418,t4,t4,Family on holiday,lp5f0e5,Paradise Road Tintagel Colombo,476937-BI-RFN,Executive Suite,105766,Breakfast Included,true,32,2,false,,1864,133,1,0,0,2026-08-20T00:38:42.004Z
ddc93885-ede0-45ca-979d-5c4c08aceed7,t5,t5,Light sleeper,lp72a36,Best Western Elyon Colombo,513432-RO-RFN,Deluxe King Room,19568,Room Only,true,24,3,false,,1459,676,1,0,0,2026-08-20T00:38:43.035Z
58956620-1956-433a-b9ff-7079b32b6ed3,t5,t5,Light sleeper,lp67708,Supun Arcade Residency,481434-BI-RFN,One-Bedroom Apartment with 15% Discount on Food & Beverage,24663,Breakfast Included,true,121,5,false,,1367,561,1,0,0,2026-08-20T00:38:43.520Z
01ab25d6-8cd4-45bb-9f62-c8fe64ccea3e,t5,t5,Light sleeper,lp6f007,Clock Inn Colombo,1321691606-BI-RFN,Family Quadruple Room,16763,Breakfast Included,true,25,2,false,,1694,48,1,0,0,2026-08-20T00:38:43.950Z
05657b26-5253-4fec-8f6d-d4e05231efdc,t5,t5,Light sleeper,lp656d40c7,Sheraton Colombo Hotel,5289360-RO-RFN,Deluxe Twin Room with City View with 15% spa discount per room + 15% F&B discount per room + Early check in an,56627,Room Only,true,36,5,false,,1725,76,1,0,0,2026-08-20T00:38:43.976Z
3a29f3df-e6b7-4915-afc6-e0ded125d946,t5,t5,Light sleeper,lp72a36,Best Western Elyon Colombo,1459894716-RO-RFN,"Deluxe Room, 2 Twin Beds, Non Smoking",19568,Room Only,true,,3,false,,1746,101,1,0,0,2026-08-20T00:38:44.010Z
8a2db5f0-da72-4a4e-ae75-0513ef622bee,t5,t5,Light sleeper,lp72a36,Best Western Elyon Colombo,1459894716-RO-RFN,"Deluxe Room, 2 Twin Beds, Non Smoking",19568,Room Only,true,,3,false,,1782,141,1,0,0,2026-08-20T00:38:44.015Z
4a97df49-0fff-4fba-afe9-3550ef2a8505,t5,t5,Light sleeper,lp6e625,Hotel Janaki,479121-BI-RFN,Deluxe Room with Pool View,15319,Breakfast Included,true,14,2,false,,1723,75,1,0,0,2026-08-20T00:38:44.143Z
033f6691-123b-415f-918a-07fa4ed64418,t5,t5,Light sleeper,lp656d40c7,Sheraton Colombo Hotel,5289360-RO-RFN,Deluxe Twin Room with City View with 15% spa discount per room + 15% F&B discount per room + Early check in an,56627,Room Only,true,36,5,false,,1803,116,1,0,0,2026-08-20T00:38:44.246Z
ddc93885-ede0-45ca-979d-5c4c08aceed7,t6,t6,Beach weekender,lp6e625,Hotel Janaki,479119-BI-RFN,Deluxe Double Room,15319,Breakfast Included,true,14,2,false,,1766,125,1,0,0,2026-08-20T00:38:45.205Z
58956620-1956-433a-b9ff-7079b32b6ed3,t6,t6,Beach weekender,lp7c172,Mirage Colombo,487132-RO-RFN,Standard Double Room,20482,Room Only,true,27,5,false,,1844,206,1,0,0,2026-08-20T00:38:45.787Z
05657b26-5253-4fec-8f6d-d4e05231efdc,t6,t6,Beach weekender,lp40d3f,Global Towers Hotel & Apartments,476927-RO-RFN,Double or Twin Room,16041,Room Only,true,27,3,false,,1512,705,1,0,0,2026-08-20T00:38:45.966Z
8a2db5f0-da72-4a4e-ae75-0513ef622bee,t6,t6,Beach weekender,lp67708,Supun Arcade Residency,481434-RO-RFN,One-Bedroom Apartment with 15% Discount on Food & Beverage,20768,Room Only,true,121,5,false,,1588,715,1,0,0,2026-08-20T00:38:46.156Z
01ab25d6-8cd4-45bb-9f62-c8fe64ccea3e,t6,t6,Beach weekender,lp6e625,Hotel Janaki,479119-BI-RFN,Deluxe Double Room,15319,Breakfast Included,true,14,2,false,,1715,31,1,0,0,2026-08-20T00:38:46.548Z
3a29f3df-e6b7-4915-afc6-e0ded125d946,t6,t6,Beach weekender,lp7c172,Mirage Colombo,487132-RO-RFN,Standard Double Room,20482,Room Only,true,27,5,false,,1718,40,1,0,0,2026-08-20T00:38:46.549Z
4a97df49-0fff-4fba-afe9-3550ef2a8505,t6,t6,Beach weekender,lp6e625,Hotel Janaki,479121-BI-RFN,Deluxe Room with Pool View,15319,Breakfast Included,true,14,2,false,,1833,138,1,0,0,2026-08-20T00:38:46.549Z
033f6691-123b-415f-918a-07fa4ed64418,t6,t6,Beach weekender,lp5f0e5,Paradise Road Tintagel Colombo,476937-BI-RFN,Executive Suite,105766,Breakfast Included,true,32,2,false,,1759,46,1,0,0,2026-08-20T00:38:46.680Z
ddc93885-ede0-45ca-979d-5c4c08aceed7,t7,t7,Long-stay consultant,lp71118,CityRest Fort,497279-RO-RFN,Standard Twin Room,11502,Room Only,true,15,2,false,,1849,147,1,0,0,2026-08-20T00:38:47.723Z
58956620-1956-433a-b9ff-7079b32b6ed3,t7,t7,Long-stay consultant,lp857b8,Zylan Colombo,1461137737-RO-RFN,Deluxe Triple Room,35761,Room Only,true,32,5,false,,1439,615,1,0,0,2026-08-20T00:38:47.999Z
05657b26-5253-4fec-8f6d-d4e05231efdc,t7,t7,Long-stay consultant,lpb1537,Shangri-La Colombo,2416743-RO-NRF,Deluxe Lake View Twin,68781,Room Only,false,42,5,false,,1745,88,1,0,0,2026-08-20T00:38:48.148Z
8a2db5f0-da72-4a4e-ae75-0513ef622bee,t7,t7,Long-stay consultant,lp5f0e5,Paradise Road Tintagel Colombo,476937-RO-RFN,Executive Suite,96633,Room Only,true,32,2,false,,1637,17,1,0,0,2026-08-20T00:38:48.293Z
01ab25d6-8cd4-45bb-9f62-c8fe64ccea3e,t7,t7,Long-stay consultant,lp5f0e5,Paradise Road Tintagel Colombo,476937-RO-RFN,Executive Suite,96633,Room Only,true,32,2,false,,1383,559,1,0,0,2026-08-20T00:38:48.407Z
4a97df49-0fff-4fba-afe9-3550ef2a8505,t7,t7,Long-stay consultant,lpc0df6,Fern Colombo,4237595-RO-RFN,King Room,16245,Room Only,true,25,2,false,,1483,681,1,0,0,2026-08-20T00:38:48.561Z
3a29f3df-e6b7-4915-afc6-e0ded125d946,t7,t7,Long-stay consultant,lpc0df6,Fern Colombo,4237597-RO-RFN,Deluxe Twin Room,16245,Room Only,true,25,2,false,,1394,625,1,0,0,2026-08-20T00:38:48.605Z
033f6691-123b-415f-918a-07fa4ed64418,t7,t7,Long-stay consultant,lp857b8,Zylan Colombo,1461137737-RO-RFN,Deluxe Triple Room,35761,Room Only,true,32,5,false,,1515,712,1,0,0,2026-08-20T00:38:48.697Z
ddc93885-ede0-45ca-979d-5c4c08aceed7,t8,t8,Value-seeking couple,lp6557c6e0,Granbell Hotel Colombo,4368098-RO-NRF,Superior Double City View,28807,Room Only,false,27,3,false,,1399,611,1,0,0,2026-08-20T00:38:49.871Z
58956620-1956-433a-b9ff-7079b32b6ed3,t8,t8,Value-seeking couple,lp656d40c7,Sheraton Colombo Hotel,5289365-RO-RFN,Deluxe King Room with City View with 15% spa discount per room + 15% F&B discount per room + Early check in an,56627,Room Only,true,36,5,false,,1667,35,1,0,0,2026-08-20T00:38:50.143Z
8a2db5f0-da72-4a4e-ae75-0513ef622bee,t8,t8,Value-seeking couple,lp6574b103,"Amari Colombo, Sri Lanka",844831-RO-RFN,Superior City View Twin,42203,Room Only,true,29,5,false,,1667,47,1,0,0,2026-08-20T00:38:50.442Z
3a29f3df-e6b7-4915-afc6-e0ded125d946,t8,t8,Value-seeking couple,lp656d40c7,Sheraton Colombo Hotel,5289360-RO-RFN,Deluxe Twin Room with City View with 15% spa discount per room + 15% F&B discount per room + Early check in an,56627,Room Only,true,36,5,false,,932,146,1,0,0,2026-08-20T00:38:50.574Z
4a97df49-0fff-4fba-afe9-3550ef2a8505,t8,t8,Value-seeking couple,lp71118,CityRest Fort,1459617182-RO-RFN,Standard Double Room,11502,Room Only,true,,2,false,,1673,22,1,0,0,2026-08-20T00:38:50.730Z
01ab25d6-8cd4-45bb-9f62-c8fe64ccea3e,t8,t8,Value-seeking couple,lp71118,CityRest Fort,1459617182-RO-RFN,Standard Double Room,11502,Room Only,true,,2,false,,1699,67,1,0,0,2026-08-20T00:38:50.763Z
033f6691-123b-415f-918a-07fa4ed64418,t8,t8,Value-seeking couple,lp656d40c7,Sheraton Colombo Hotel,5289365-RO-RFN,Deluxe King Room with City View with 15% spa discount per room + 15% F&B discount per room + Early check in an,56627,Room Only,true,36,5,false,,1626,11,1,0,0,2026-08-20T00:38:50.781Z
05657b26-5253-4fec-8f6d-d4e05231efdc,t8,t8,Value-seeking couple,lp6557c6e0,Granbell Hotel Colombo,4368098-RO-NRF,Superior Double City View,28807,Room Only,false,27,3,false,,1413,659,1,0,0,2026-08-20T00:38:50.966Z
ddc93885-ede0-45ca-979d-5c4c08aceed7,t9,t9,Remote worker,lp67708,Supun Arcade Residency,481434-BI-RFN,One-Bedroom Apartment with 15% Discount on Food & Beverage,24663,Breakfast Included,true,121,5,false,,1488,683,1,0,0,2026-08-20T00:38:51.899Z
58956620-1956-433a-b9ff-7079b32b6ed3,t9,t9,Remote worker,lp40d3f,Global Towers Hotel & Apartments,476929-RO-RFN,Two-Bedroom Apartment with Sea View/City view,41030,Room Only,true,124,3,false,,1660,43,1,0,0,2026-08-20T00:38:52.261Z
05657b26-5253-4fec-8f6d-d4e05231efdc,t9,t9,Remote worker,lp67708,Supun Arcade Residency,481434-RO-RFN,One-Bedroom Apartment with 15% Discount on Food & Beverage,20768,Room Only,true,121,5,false,,990,189,1,0,0,2026-08-20T00:38:52.462Z
8a2db5f0-da72-4a4e-ae75-0513ef622bee,t9,t9,Remote worker,lp67708,Supun Arcade Residency,481434-BI-RFN,One-Bedroom Apartment with 15% Discount on Food & Beverage,24663,Breakfast Included,true,121,5,false,,1681,57,1,0,0,2026-08-20T00:38:52.624Z
3a29f3df-e6b7-4915-afc6-e0ded125d946,t9,t9,Remote worker,lp7c172,Mirage Colombo,487132-BI-RFN,Standard Double Room,24581,Breakfast Included,true,27,5,false,,1684,58,1,0,0,2026-08-20T00:38:52.707Z
01ab25d6-8cd4-45bb-9f62-c8fe64ccea3e,t9,t9,Remote worker,lp40d3f,Global Towers Hotel & Apartments,476929-RO-RFN,Two-Bedroom Apartment with Sea View/City view,41030,Room Only,true,124,3,false,,1381,598,1,0,0,2026-08-20T00:38:53.161Z
4a97df49-0fff-4fba-afe9-3550ef2a8505,t9,t9,Remote worker,lp6f007,Clock Inn Colombo,1321691606-BI-RFN,Family Quadruple Room,16763,Breakfast Included,true,25,2,false,,1660,23,1,0,0,2026-08-20T00:38:53.208Z
033f6691-123b-415f-918a-07fa4ed64418,t9,t9,Remote worker,lp7c172,Mirage Colombo,487132-RO-RFN,Standard Double Room,20482,Room Only,true,27,5,false,,1619,815,1,0,0,2026-08-20T00:38:53.634Z
ddc93885-ede0-45ca-979d-5c4c08aceed7,t10,t10,Business traveller,lp6f007,Clock Inn Colombo,1321691605-BI-RFN,Standard Double Room,13715,Breakfast Included,true,25,2,false,,1728,23,1,0,0,2026-08-20T00:38:54.041Z
58956620-1956-433a-b9ff-7079b32b6ed3,t10,t10,Business traveller,lp5f0e5,Paradise Road Tintagel Colombo,476937-RO-RFN,Executive Suite,96633,Room Only,true,32,2,false,,1931,34,1,0,0,2026-08-20T00:38:54.713Z
05657b26-5253-4fec-8f6d-d4e05231efdc,t10,t10,Business traveller,lpc0df6,Fern Colombo,4237595-RO-RFN,King Room,16245,Room Only,true,25,2,false,,1735,799,1,0,0,2026-08-20T00:38:54.761Z
8a2db5f0-da72-4a4e-ae75-0513ef622bee,t10,t10,Business traveller,lp72a36,Best Western Elyon Colombo,1459894716-RO-RFN,"Deluxe Room, 2 Twin Beds, Non Smoking",19568,Room Only,true,,3,false,,1780,29,1,0,0,2026-08-20T00:38:54.876Z
3a29f3df-e6b7-4915-afc6-e0ded125d946,t10,t10,Business traveller,lp72a36,Best Western Elyon Colombo,1459894716-RO-RFN,"Deluxe Room, 2 Twin Beds, Non Smoking",19568,Room Only,true,,3,false,,1907,57,1,0,0,2026-08-20T00:38:55.045Z
01ab25d6-8cd4-45bb-9f62-c8fe64ccea3e,t10,t10,Business traveller,lpc0df6,Fern Colombo,4237597-RO-RFN,Deluxe Twin Room,16245,Room Only,true,25,2,false,,1398,436,1,0,0,2026-08-20T00:38:55.054Z
4a97df49-0fff-4fba-afe9-3550ef2a8505,t10,t10,Business traveller,lp857b8,Zylan Colombo,1461137737-RO-RFN,Deluxe Triple Room,35761,Room Only,true,32,5,false,,1521,553,1,0,0,2026-08-20T00:38:55.368Z
033f6691-123b-415f-918a-07fa4ed64418,t10,t10,Business traveller,lp857b8,Zylan Colombo,481438-RO-RFN,Executive Room with Jacuzzi - 10% off on Food & Beverage,34557,Room Only,true,60,5,false,,1320,325,1,0,0,2026-08-20T00:38:55.747Z
ddc93885-ede0-45ca-979d-5c4c08aceed7,t_attn,t_attn,Attention check,lp71118,CityRest Fort,497279-RO-RFN,Standard Twin Room,11502,Room Only,true,15,2,true,false,2124,306,1,0,0,2026-08-20T00:38:56.683Z
8a2db5f0-da72-4a4e-ae75-0513ef622bee,t_attn,t_attn,Attention check,lp9855f,Fairway Colombo - Sri Lanka's First Hotel With Robot Technology,1459638294-BI-RFN,Superior Balcony Room,32800,Breakfast Included,true,31,5,true,false,1215,354,1,0,0,2026-08-20T00:38:57.161Z
3a29f3df-e6b7-4915-afc6-e0ded125d946,t_attn,t_attn,Attention check,lp655a9e91,Zest Metropole,4358364-RO-RFN,Deluxe Double Room,21223,Room Only,true,20,5,true,false,1889,175,1,0,0,2026-08-20T00:38:57.457Z
01ab25d6-8cd4-45bb-9f62-c8fe64ccea3e,t_attn,t_attn,Attention check,lp6f007,Clock Inn Colombo,1321691606-BI-RFN,Family Quadruple Room,16763,Breakfast Included,true,25,2,true,false,1891,177,1,0,0,2026-08-20T00:38:57.480Z
58956620-1956-433a-b9ff-7079b32b6ed3,t_attn,t_attn,Attention check,lp3e58e,The Kingsbury Colombo,479092-RO-RFN,Superior Room,37025,Room Only,true,23,2,true,false,1881,84,1,0,0,2026-08-20T00:38:57.614Z
033f6691-123b-415f-918a-07fa4ed64418,t_attn,t_attn,Attention check,lp655a9e91,Zest Metropole,4358364-RO-RFN,Deluxe Double Room,21223,Room Only,true,20,5,true,false,1413,480,1,0,0,2026-08-20T00:38:57.682Z
4a97df49-0fff-4fba-afe9-3550ef2a8505,t_attn,t_attn,Attention check,lp6e625,Hotel Janaki,479121-BI-RFN,Deluxe Room with Pool View,15319,Breakfast Included,true,14,2,true,false,1838,122,1,0,0,2026-08-20T00:38:57.693Z
05657b26-5253-4fec-8f6d-d4e05231efdc,t_attn,t_attn,Attention check,lp65589ffb,MaRadha Colombo,8208286-RO-RFN,Standard Double Room,35408,Room Only,true,27,2,true,false,1846,96,1,0,0,2026-08-20T00:38:57.700Z
6e00f041-4e7e-4f1e-8584-fb6af8b89274,t1,t1,Evening walker,lpb1537,Shangri-La Colombo,2416733-RO-NRF,Deluxe Lake View King,68781,Room Only,false,42,5,false,,2322,518,1,0,0,2026-08-20T00:39:17.270Z
7bf5b38f-7cfd-4166-b546-787c3d0f8d3d,t1,t1,Evening walker,lpb1537,Shangri-La Colombo,2416743-RO-NRF,Deluxe Lake View Twin,68781,Room Only,false,42,5,false,,2444,518,1,0,0,2026-08-20T00:39:17.379Z
42b6298b-53bd-4b4a-ac93-1c74adba9362,t1,t1,Evening walker,lp3e58e,The Kingsbury Colombo,479092-RO-RFN,Superior Room,37025,Room Only,true,23,2,false,,2193,515,1,0,0,2026-08-20T00:39:17.403Z
b6fb9a0a-690b-4320-ba4c-ab319190b715,t1,t1,Evening walker,lpb1537,Shangri-La Colombo,2416743-RO-NRF,Deluxe Lake View Twin,68781,Room Only,false,42,5,false,,2263,514,1,0,0,2026-08-20T00:39:17.409Z
711ce072-156a-4173-b2de-0994169c66ad,t1,t1,Evening walker,lp3e58e,The Kingsbury Colombo,479092-BI-RFN,Superior Room,37797,Breakfast Included,true,23,2,false,,2368,512,1,0,0,2026-08-20T00:39:17.629Z
138f62ca-fb4d-499a-850f-f62349326ab9,t1,t1,Evening walker,lp3e58e,The Kingsbury Colombo,479092-RO-RFN,Superior Room,37025,Room Only,true,23,2,false,,2368,513,1,0,0,2026-08-20T00:39:17.648Z
038908e9-225a-4f5a-80f3-1572bbf08b9d,t1,t1,Evening walker,lp81760,The Steuart by Citrus,1459938501-BI-NRF,"Premium Room, City View - Early check-in or late check-out subject to availability",25519,Breakfast Included,false,123,5,false,,2368,513,1,0,0,2026-08-20T00:39:17.656Z
905ed23f-5435-4a9a-a643-2eb35b0e6000,t1,t1,Evening walker,lp3e58e,The Kingsbury Colombo,479092-BI-RFN,Superior Room,37797,Breakfast Included,true,23,2,false,,2474,518,1,0,0,2026-08-20T00:39:17.873Z
56f27cd7-f5c5-4980-a986-1da1574dd59a,t1,t1,Evening walker,lpb1537,Shangri-La Colombo,2416733-RO-NRF,Deluxe Lake View King,68781,Room Only,false,42,5,false,,2453,511,1,0,0,2026-08-20T00:39:17.883Z
2170b8ce-1904-45bf-9ccc-58710eaef557,t1,t1,Evening walker,lp65589ffb,MaRadha Colombo,8208286-BI-RFN,Standard Double Room,42521,Breakfast Included,true,27,2,false,,2341,510,1,0,0,2026-08-20T00:39:18.021Z
42b6298b-53bd-4b4a-ac93-1c74adba9362,t2,t2,Business traveller,lpb1537,Shangri-La Colombo,2416733-RO-NRF,Deluxe Lake View King,68781,Room Only,false,42,5,false,,1004,103,1,0,0,2026-08-20T00:39:19.361Z
6e00f041-4e7e-4f1e-8584-fb6af8b89274,t2,t2,Business traveller,lpc0df6,Fern Colombo,4237597-RO-RFN,Deluxe Twin Room,16245,Room Only,true,25,2,false,,1509,655,1,0,0,2026-08-20T00:39:19.503Z
7bf5b38f-7cfd-4166-b546-787c3d0f8d3d,t2,t2,Business traveller,lp656d40c7,Sheraton Colombo Hotel,5289360-RO-RFN,Deluxe Twin Room with City View with 15% spa discount per room + 15% F&B discount per room + Early check in an,56627,Room Only,true,36,5,false,,1784,16,1,0,0,2026-08-20T00:39:19.757Z
b6fb9a0a-690b-4320-ba4c-ab319190b715,t2,t2,Business traveller,lp72a36,Best Western Elyon Colombo,513432-RO-RFN,Deluxe King Room,19568,Room Only,true,24,3,false,,1352,416,1,0,0,2026-08-20T00:39:19.770Z
038908e9-225a-4f5a-80f3-1572bbf08b9d,t2,t2,Business traveller,lpc0df6,Fern Colombo,4237595-RO-RFN,King Room,16245,Room Only,true,25,2,false,,1692,733,1,0,0,2026-08-20T00:39:20.049Z
2170b8ce-1904-45bf-9ccc-58710eaef557,t2,t2,Business traveller,lpc0df6,Fern Colombo,4237595-RO-RFN,King Room,16245,Room Only,true,25,2,false,,1418,454,1,0,0,2026-08-20T00:39:20.059Z
711ce072-156a-4173-b2de-0994169c66ad,t2,t2,Business traveller,lp5f0e5,Paradise Road Tintagel Colombo,476937-BI-RFN,Executive Suite,105766,Breakfast Included,true,32,2,false,,1906,100,1,0,0,2026-08-20T00:39:20.290Z
138f62ca-fb4d-499a-850f-f62349326ab9,t2,t2,Business traveller,lpc0df6,Fern Colombo,4237597-RO-RFN,Deluxe Twin Room,16245,Room Only,true,25,2,false,,1779,779,1,0,0,2026-08-20T00:39:20.369Z
56f27cd7-f5c5-4980-a986-1da1574dd59a,t2,t2,Business traveller,lp857b8,Zylan Colombo,481438-RO-RFN,Executive Room with Jacuzzi - 10% off on Food & Beverage,34557,Room Only,true,60,5,false,,1493,319,1,0,0,2026-08-20T00:39:20.427Z
905ed23f-5435-4a9a-a643-2eb35b0e6000,t2,t2,Business traveller,lp857b8,Zylan Colombo,1461137737-RO-RFN,Deluxe Triple Room,35761,Room Only,true,32,5,false,,1591,368,1,0,0,2026-08-20T00:39:20.531Z
42b6298b-53bd-4b4a-ac93-1c74adba9362,t3,t3,Self-funded worker,lp655a9e91,Zest Metropole,4358364-RO-RFN,Deluxe Double Room,21223,Room Only,true,20,5,false,,1978,312,1,0,0,2026-08-20T00:39:22.472Z
6e00f041-4e7e-4f1e-8584-fb6af8b89274,t3,t3,Self-funded worker,lp81760,The Steuart by Citrus,1459938501-BI-NRF,"Premium Room, City View - Early check-in or late check-out subject to availability",25519,Breakfast Included,false,123,5,false,,2778,42,1,0,0,2026-08-20T00:39:22.826Z
b6fb9a0a-690b-4320-ba4c-ab319190b715,t3,t3,Self-funded worker,lp81760,The Steuart by Citrus,1459938501-BI-NRF,"Premium Room, City View - Early check-in or late check-out subject to availability",25519,Breakfast Included,false,123,5,false,,2368,1093,1,0,0,2026-08-20T00:39:22.841Z
711ce072-156a-4173-b2de-0994169c66ad,t3,t3,Self-funded worker,lp9855f,Fairway Colombo - Sri Lanka's First Hotel With Robot Technology,1459963988-RO-RFN,Superior Twin Room,28429,Room Only,true,22,5,false,,1459,287,1,0,0,2026-08-20T00:39:22.888Z
2170b8ce-1904-45bf-9ccc-58710eaef557,t3,t3,Self-funded worker,lp9855f,Fairway Colombo - Sri Lanka's First Hotel With Robot Technology,1459638294-BI-RFN,Superior Balcony Room,32800,Breakfast Included,true,31,5,false,,1543,399,1,0,0,2026-08-20T00:39:22.950Z
138f62ca-fb4d-499a-850f-f62349326ab9,t3,t3,Self-funded worker,lp81760,The Steuart by Citrus,1459938501-BI-NRF,"Premium Room, City View - Early check-in or late check-out subject to availability",25519,Breakfast Included,false,123,5,false,,2002,795,1,0,0,2026-08-20T00:39:22.994Z
038908e9-225a-4f5a-80f3-1572bbf08b9d,t3,t3,Self-funded worker,lp655a9e91,Zest Metropole,4358364-BI-RFN,Deluxe Double Room,26743,Breakfast Included,true,20,5,false,,2091,845,1,0,0,2026-08-20T00:39:23.066Z
7bf5b38f-7cfd-4166-b546-787c3d0f8d3d,t3,t3,Self-funded worker,lp655a9e91,Zest Metropole,4358364-BI-RFN,Deluxe Double Room,26743,Breakfast Included,true,20,5,false,,2419,1173,1,0,0,2026-08-20T00:39:23.077Z
56f27cd7-f5c5-4980-a986-1da1574dd59a,t3,t3,Self-funded worker,lp81760,The Steuart by Citrus,1459938501-RO-NRF,"Premium Room, City View - Early check-in or late check-out subject to availability",22604,Room Only,false,123,5,false,,2357,241,1,0,0,2026-08-20T00:39:23.899Z
905ed23f-5435-4a9a-a643-2eb35b0e6000,t3,t3,Self-funded worker,lp81760,The Steuart by Citrus,1459938501-RO-NRF,"Premium Room, City View - Early check-in or late check-out subject to availability",22604,Room Only,false,123,5,false,,2303,153,1,0,0,2026-08-20T00:39:23.957Z
42b6298b-53bd-4b4a-ac93-1c74adba9362,t4,t4,Family on holiday,lp65589ffb,MaRadha Colombo,8208286-RO-RFN,Standard Double Room,35408,Room Only,true,27,2,false,,1794,26,1,0,0,2026-08-20T00:39:24.848Z
038908e9-225a-4f5a-80f3-1572bbf08b9d,t4,t4,Family on holiday,lp76eba,Radisson Hotel Colombo,7559276-BI-RFN,Superior Room,36248,Breakfast Included,true,24,5,false,,1750,801,1,0,0,2026-08-20T00:39:25.291Z
711ce072-156a-4173-b2de-0994169c66ad,t4,t4,Family on holiday,lp76eba,Radisson Hotel Colombo,7559276-BI-RFN,Superior Room,36248,Breakfast Included,true,24,5,false,,1721,788,1,0,0,2026-08-20T00:39:25.369Z
b6fb9a0a-690b-4320-ba4c-ab319190b715,t4,t4,Family on holiday,lp65589ffb,MaRadha Colombo,8208286-RO-RFN,Standard Double Room,35408,Room Only,true,27,2,false,,2027,146,1,0,0,2026-08-20T00:39:25.389Z
2170b8ce-1904-45bf-9ccc-58710eaef557,t4,t4,Family on holiday,lp65589ffb,MaRadha Colombo,8208286-BI-RFN,Standard Double Room,42521,Breakfast Included,true,27,2,false,,1968,120,1,0,0,2026-08-20T00:39:25.444Z
138f62ca-fb4d-499a-850f-f62349326ab9,t4,t4,Family on holiday,lp76eba,Radisson Hotel Colombo,7559276-RO-RFN,Superior Room,27402,Room Only,true,24,5,false,,1545,615,1,0,0,2026-08-20T00:39:25.465Z
6e00f041-4e7e-4f1e-8584-fb6af8b89274,t4,t4,Family on holiday,lp76eba,Radisson Hotel Colombo,7559276-RO-RFN,Superior Room,27402,Room Only,true,24,5,false,,1925,95,1,0,0,2026-08-20T00:39:25.498Z
7bf5b38f-7cfd-4166-b546-787c3d0f8d3d,t4,t4,Family on holiday,lp65589ffb,MaRadha Colombo,8208286-BI-RFN,Standard Double Room,42521,Breakfast Included,true,27,2,false,,1750,802,1,0,0,2026-08-20T00:39:25.507Z
905ed23f-5435-4a9a-a643-2eb35b0e6000,t4,t4,Family on holiday,lp76eba,Radisson Hotel Colombo,7559276-BI-RFN,Superior Room,36248,Breakfast Included,true,24,5,false,,1616,685,1,0,0,2026-08-20T00:39:25.970Z
56f27cd7-f5c5-4980-a986-1da1574dd59a,t4,t4,Family on holiday,lp67286,Colombo Court Hotel & Spa,481449-RO-RFN,Suite,52144,Room Only,true,44,5,false,,1519,569,1,0,0,2026-08-20T00:39:26.012Z
42b6298b-53bd-4b4a-ac93-1c74adba9362,t5,t5,Light sleeper,lp6e625,Hotel Janaki,479121-BI-RFN,Deluxe Room with Pool View,15319,Breakfast Included,true,14,2,false,,1755,70,1,0,0,2026-08-20T00:39:27.106Z
038908e9-225a-4f5a-80f3-1572bbf08b9d,t5,t5,Light sleeper,lp72a36,Best Western Elyon Colombo,1459894716-RO-RFN,"Deluxe Room, 2 Twin Beds, Non Smoking",19568,Room Only,true,,3,false,,1792,70,1,0,0,2026-08-20T00:39:27.528Z
7bf5b38f-7cfd-4166-b546-787c3d0f8d3d,t5,t5,Light sleeper,lp6e625,Hotel Janaki,479121-BI-RFN,Deluxe Room with Pool View,15319,Breakfast Included,true,14,2,false,,1629,770,1,0,0,2026-08-20T00:39:27.545Z
711ce072-156a-4173-b2de-0994169c66ad,t5,t5,Light sleeper,lp67708,Supun Arcade Residency,481434-RO-RFN,One-Bedroom Apartment with 15% Discount on Food & Beverage,20768,Room Only,true,121,5,false,,1955,105,1,0,0,2026-08-20T00:39:27.758Z
2170b8ce-1904-45bf-9ccc-58710eaef557,t5,t5,Light sleeper,lpb1537,Shangri-La Colombo,2416733-RO-NRF,Deluxe Lake View King,68781,Room Only,false,42,5,false,,1880,111,1,0,0,2026-08-20T00:39:27.772Z
138f62ca-fb4d-499a-850f-f62349326ab9,t5,t5,Light sleeper,lp72a36,Best Western Elyon Colombo,1459894716-RO-RFN,"Deluxe Room, 2 Twin Beds, Non Smoking",19568,Room Only,true,,3,false,,1868,101,1,0,0,2026-08-20T00:39:27.793Z
6e00f041-4e7e-4f1e-8584-fb6af8b89274,t5,t5,Light sleeper,lp72a36,Best Western Elyon Colombo,1459894716-RO-RFN,"Deluxe Room, 2 Twin Beds, Non Smoking",19568,Room Only,true,,3,false,,1546,698,1,0,0,2026-08-20T00:39:27.831Z
b6fb9a0a-690b-4320-ba4c-ab319190b715,t5,t5,Light sleeper,lp67708,Supun Arcade Residency,481434-RO-RFN,One-Bedroom Apartment with 15% Discount on Food & Beverage,20768,Room Only,true,121,5,false,,1967,167,1,0,0,2026-08-20T00:39:27.986Z
56f27cd7-f5c5-4980-a986-1da1574dd59a,t5,t5,Light sleeper,lp6e625,Hotel Janaki,479119-BI-RFN,Deluxe Double Room,15319,Breakfast Included,true,14,2,false,,1840,108,1,0,0,2026-08-20T00:39:28.277Z
905ed23f-5435-4a9a-a643-2eb35b0e6000,t5,t5,Light sleeper,lp6e625,Hotel Janaki,479121-BI-RFN,Deluxe Room with Pool View,15319,Breakfast Included,true,14,2,false,,1871,147,1,0,0,2026-08-20T00:39:28.473Z
42b6298b-53bd-4b4a-ac93-1c74adba9362,t6,t6,Beach weekender,lp76eba,Radisson Hotel Colombo,7559276-BI-RFN,Superior Room,36248,Breakfast Included,true,24,5,false,,1671,34,1,0,0,2026-08-20T00:39:29.263Z
7bf5b38f-7cfd-4166-b546-787c3d0f8d3d,t6,t6,Beach weekender,lpb1537,Shangri-La Colombo,2416743-RO-NRF,Deluxe Lake View Twin,68781,Room Only,false,42,5,false,,1773,60,1,0,0,2026-08-20T00:39:29.743Z
b6fb9a0a-690b-4320-ba4c-ab319190b715,t6,t6,Beach weekender,lp40d3f,Global Towers Hotel & Apartments,476929-RO-RFN,Two-Bedroom Apartment with Sea View/City view,41030,Room Only,true,124,3,false,,1571,720,1,0,0,2026-08-20T00:39:29.948Z
2170b8ce-1904-45bf-9ccc-58710eaef557,t6,t6,Beach weekender,lpb1537,Shangri-La Colombo,2416733-RO-NRF,Deluxe Lake View King,68781,Room Only,false,42,5,false,,1778,90,1,0,0,2026-08-20T00:39:29.953Z
038908e9-225a-4f5a-80f3-1572bbf08b9d,t6,t6,Beach weekender,lp7c172,Mirage Colombo,487132-RO-RFN,Standard Double Room,20482,Room Only,true,27,5,false,,1772,60,1,0,0,2026-08-20T00:39:29.973Z
138f62ca-fb4d-499a-850f-f62349326ab9,t6,t6,Beach weekender,lp76eba,Radisson Hotel Colombo,7559276-RO-RFN,Superior Room,27402,Room Only,true,24,5,false,,1767,65,1,0,0,2026-08-20T00:39:29.993Z
711ce072-156a-4173-b2de-0994169c66ad,t6,t6,Beach weekender,lp40d3f,Global Towers Hotel & Apartments,476927-RO-RFN,Double or Twin Room,16041,Room Only,true,27,3,false,,1814,115,1,0,0,2026-08-20T00:39:30.150Z
6e00f041-4e7e-4f1e-8584-fb6af8b89274,t6,t6,Beach weekender,lp7c172,Mirage Colombo,487132-RO-RFN,Standard Double Room,20482,Room Only,true,27,5,false,,1402,581,1,0,0,2026-08-20T00:39:30.301Z
56f27cd7-f5c5-4980-a986-1da1574dd59a,t6,t6,Beach weekender,lp67708,Supun Arcade Residency,481434-RO-RFN,One-Bedroom Apartment with 15% Discount on Food & Beverage,20768,Room Only,true,121,5,false,,1796,111,1,0,0,2026-08-20T00:39:30.446Z
905ed23f-5435-4a9a-a643-2eb35b0e6000,t6,t6,Beach weekender,lp7c172,Mirage Colombo,487132-BI-RFN,Standard Double Room,24581,Breakfast Included,true,27,5,false,,1572,740,1,0,0,2026-08-20T00:39:30.449Z
42b6298b-53bd-4b4a-ac93-1c74adba9362,t7,t7,Long-stay consultant,lp5f0e5,Paradise Road Tintagel Colombo,476937-BI-RFN,Executive Suite,105766,Breakfast Included,true,32,2,false,,1682,52,1,0,0,2026-08-20T00:39:31.487Z
038908e9-225a-4f5a-80f3-1572bbf08b9d,t7,t7,Long-stay consultant,lp857b8,Zylan Colombo,481438-RO-RFN,Executive Room with Jacuzzi - 10% off on Food & Beverage,34557,Room Only,true,60,5,false,,1495,642,1,0,0,2026-08-20T00:39:32.000Z
7bf5b38f-7cfd-4166-b546-787c3d0f8d3d,t7,t7,Long-stay consultant,lp656d40c7,Sheraton Colombo Hotel,5289360-RO-RFN,Deluxe Twin Room with City View with 15% spa discount per room + 15% F&B discount per room + Early check in an,56627,Room Only,true,36,5,false,,1800,111,1,0,0,2026-08-20T00:39:32.017Z
6e00f041-4e7e-4f1e-8584-fb6af8b89274,t7,t7,Long-stay consultant,lpc0df6,Fern Colombo,4237597-RO-RFN,Deluxe Twin Room,16245,Room Only,true,25,2,false,,1080,267,1,0,0,2026-08-20T00:39:32.195Z
2170b8ce-1904-45bf-9ccc-58710eaef557,t7,t7,Long-stay consultant,lp65589ffb,MaRadha Colombo,8208286-BI-RFN,Standard Double Room,42521,Breakfast Included,true,27,2,false,,1734,53,1,0,0,2026-08-20T00:39:32.203Z
138f62ca-fb4d-499a-850f-f62349326ab9,t7,t7,Long-stay consultant,lp5f0e5,Paradise Road Tintagel Colombo,476937-BI-RFN,Executive Suite,105766,Breakfast Included,true,32,2,false,,1739,44,1,0,0,2026-08-20T00:39:32.256Z
b6fb9a0a-690b-4320-ba4c-ab319190b715,t7,t7,Long-stay consultant,lpc0df6,Fern Colombo,4237597-RO-RFN,Deluxe Twin Room,16245,Room Only,true,25,2,false,,1709,80,1,0,0,2026-08-20T00:39:32.407Z
711ce072-156a-4173-b2de-0994169c66ad,t7,t7,Long-stay consultant,lp857b8,Zylan Colombo,481438-RO-RFN,Executive Room with Jacuzzi - 10% off on Food & Beverage,34557,Room Only,true,60,5,false,,1553,720,1,0,0,2026-08-20T00:39:32.749Z
905ed23f-5435-4a9a-a643-2eb35b0e6000,t7,t7,Long-stay consultant,lp857b8,Zylan Colombo,481438-RO-RFN,Executive Room with Jacuzzi - 10% off on Food & Beverage,34557,Room Only,true,60,5,false,,1406,542,1,0,0,2026-08-20T00:39:32.764Z
56f27cd7-f5c5-4980-a986-1da1574dd59a,t7,t7,Long-stay consultant,lp857b8,Zylan Colombo,1461137737-RO-RFN,Deluxe Triple Room,35761,Room Only,true,32,5,false,,1370,507,1,0,0,2026-08-20T00:39:32.782Z
42b6298b-53bd-4b4a-ac93-1c74adba9362,t8,t8,Value-seeking couple,lp656d3aa9,Sofia Colombo City Hotel,5336222-RO-RFN,Deluxe Twin Room with Sea View,27990,Room Only,true,21,3,false,,1736,65,1,0,0,2026-08-20T00:39:33.615Z
6e00f041-4e7e-4f1e-8584-fb6af8b89274,t8,t8,Value-seeking couple,lp6557c6e0,Granbell Hotel Colombo,4368098-RO-NRF,Superior Double City View,28807,Room Only,false,27,3,false,,1491,666,1,0,0,2026-08-20T00:39:34.108Z
038908e9-225a-4f5a-80f3-1572bbf08b9d,t8,t8,Value-seeking couple,lp656d40c7,Sheraton Colombo Hotel,5289360-RO-RFN,Deluxe Twin Room with City View with 15% spa discount per room + 15% F&B discount per room + Early check in an,56627,Room Only,true,36,5,false,,1776,81,1,0,0,2026-08-20T00:39:34.243Z
7bf5b38f-7cfd-4166-b546-787c3d0f8d3d,t8,t8,Value-seeking couple,lp5f0e5,Paradise Road Tintagel Colombo,476937-RO-RFN,Executive Suite,96633,Room Only,true,32,2,false,,1766,79,1,0,0,2026-08-20T00:39:34.253Z
b6fb9a0a-690b-4320-ba4c-ab319190b715,t8,t8,Value-seeking couple,lp6557c6e0,Granbell Hotel Colombo,1459818931-RO-NRF,Superior Twin Room with City View,29667,Room Only,false,0,3,false,,1446,662,1,0,0,2026-08-20T00:39:34.265Z
2170b8ce-1904-45bf-9ccc-58710eaef557,t8,t8,Value-seeking couple,lp65589ffb,MaRadha Colombo,8208286-RO-RFN,Standard Double Room,35408,Room Only,true,27,2,false,,1722,58,1,0,0,2026-08-20T00:39:34.397Z
711ce072-156a-4173-b2de-0994169c66ad,t8,t8,Value-seeking couple,lp656d40c7,Sheraton Colombo Hotel,5289360-RO-RFN,Deluxe Twin Room with City View with 15% spa discount per room + 15% F&B discount per room + Early check in an,56627,Room Only,true,36,5,false,,1190,359,1,0,0,2026-08-20T00:39:34.400Z
138f62ca-fb4d-499a-850f-f62349326ab9,t8,t8,Value-seeking couple,lp6574b103,"Amari Colombo, Sri Lanka",844832-RO-RFN,Superior City View King,46259,Room Only,true,29,5,false,,1809,95,1,0,0,2026-08-20T00:39:34.750Z
905ed23f-5435-4a9a-a643-2eb35b0e6000,t8,t8,Value-seeking couple,lp656d40c7,Sheraton Colombo Hotel,5289360-RO-RFN,Deluxe Twin Room with City View with 15% spa discount per room + 15% F&B discount per room + Early check in an,56627,Room Only,true,36,5,false,,1725,25,1,0,0,2026-08-20T00:39:34.975Z
56f27cd7-f5c5-4980-a986-1da1574dd59a,t8,t8,Value-seeking couple,lp656d40c7,Sheraton Colombo Hotel,5289365-RO-RFN,Deluxe King Room with City View with 15% spa discount per room + 15% F&B discount per room + Early check in an,56627,Room Only,true,36,5,false,,1707,28,1,0,0,2026-08-20T00:39:35.004Z
42b6298b-53bd-4b4a-ac93-1c74adba9362,t9,t9,Remote worker,lp76eba,Radisson Hotel Colombo,7559276-RO-RFN,Superior Room,27402,Room Only,true,24,5,false,,1799,172,1,0,0,2026-08-20T00:39:35.764Z
038908e9-225a-4f5a-80f3-1572bbf08b9d,t9,t9,Remote worker,lp76eba,Radisson Hotel Colombo,7559276-BI-RFN,Superior Room,36248,Breakfast Included,true,24,5,false,,1738,55,1,0,0,2026-08-20T00:39:36.464Z
7bf5b38f-7cfd-4166-b546-787c3d0f8d3d,t9,t9,Remote worker,lp656d40c7,Sheraton Colombo Hotel,5289360-RO-RFN,Deluxe Twin Room with City View with 15% spa discount per room + 15% F&B discount per room + Early check in an,56627,Room Only,true,36,5,false,,1771,74,1,0,0,2026-08-20T00:39:36.483Z
b6fb9a0a-690b-4320-ba4c-ab319190b715,t9,t9,Remote worker,lp40d3f,Global Towers Hotel & Apartments,476927-RO-RFN,Double or Twin Room,16041,Room Only,true,27,3,false,,1754,91,1,0,0,2026-08-20T00:39:36.493Z
6e00f041-4e7e-4f1e-8584-fb6af8b89274,t9,t9,Remote worker,lp7c172,Mirage Colombo,487132-BI-RFN,Standard Double Room,24581,Breakfast Included,true,27,5,false,,1784,120,1,0,0,2026-08-20T00:39:36.615Z
711ce072-156a-4173-b2de-0994169c66ad,t9,t9,Remote worker,lp40d3f,Global Towers Hotel & Apartments,476929-RO-RFN,Two-Bedroom Apartment with Sea View/City view,41030,Room Only,true,124,3,false,,1727,75,1,0,0,2026-08-20T00:39:36.669Z
138f62ca-fb4d-499a-850f-f62349326ab9,t9,t9,Remote worker,lp40d3f,Global Towers Hotel & Apartments,476929-RO-RFN,Two-Bedroom Apartment with Sea View/City view,41030,Room Only,true,124,3,false,,1532,698,1,0,0,2026-08-20T00:39:36.765Z
905ed23f-5435-4a9a-a643-2eb35b0e6000,t9,t9,Remote worker,lp7c172,Mirage Colombo,487132-BI-RFN,Standard Double Room,24581,Breakfast Included,true,27,5,false,,1761,117,1,0,0,2026-08-20T00:39:37.087Z
56f27cd7-f5c5-4980-a986-1da1574dd59a,t9,t9,Remote worker,lp7c172,Mirage Colombo,487132-BI-RFN,Standard Double Room,24581,Breakfast Included,true,27,5,false,,1778,100,1,0,0,2026-08-20T00:39:37.222Z
2170b8ce-1904-45bf-9ccc-58710eaef557,t9,t9,Remote worker,lp656d40c7,Sheraton Colombo Hotel,5289360-RO-RFN,Deluxe Twin Room with City View with 15% spa discount per room + 15% F&B discount per room + Early check in an,56627,Room Only,true,36,5,false,,1730,84,1,0,0,2026-08-20T00:39:37.294Z
42b6298b-53bd-4b4a-ac93-1c74adba9362,t10,t10,Business traveller,lpc0df6,Fern Colombo,4237595-RO-RFN,King Room,16245,Room Only,true,25,2,false,,1823,158,1,0,0,2026-08-20T00:39:38.087Z
6e00f041-4e7e-4f1e-8584-fb6af8b89274,t10,t10,Business traveller,lpc0df6,Fern Colombo,4237595-RO-RFN,King Room,16245,Room Only,true,25,2,false,,1253,413,1,0,0,2026-08-20T00:39:38.589Z
b6fb9a0a-690b-4320-ba4c-ab319190b715,t10,t10,Business traveller,lp72a36,Best Western Elyon Colombo,513432-RO-RFN,Deluxe King Room,19568,Room Only,true,24,3,false,,1589,682,1,0,0,2026-08-20T00:39:38.746Z
038908e9-225a-4f5a-80f3-1572bbf08b9d,t10,t10,Business traveller,lpc0df6,Fern Colombo,4237595-RO-RFN,King Room,16245,Room Only,true,25,2,false,,1762,19,1,0,0,2026-08-20T00:39:38.753Z
7bf5b38f-7cfd-4166-b546-787c3d0f8d3d,t10,t10,Business traveller,lp72a36,Best Western Elyon Colombo,1459894716-RO-RFN,"Deluxe Room, 2 Twin Beds, Non Smoking",19568,Room Only,true,,3,false,,1701,703,1,0,0,2026-08-20T00:39:38.855Z
2170b8ce-1904-45bf-9ccc-58710eaef557,t10,t10,Business traveller,lp72a36,Best Western Elyon Colombo,1459894716-RO-RFN,"Deluxe Room, 2 Twin Beds, Non Smoking",19568,Room Only,true,,3,false,,1101,223,1,0,0,2026-08-20T00:39:38.867Z
711ce072-156a-4173-b2de-0994169c66ad,t10,t10,Business traveller,lp72a36,Best Western Elyon Colombo,513432-RO-RFN,Deluxe King Room,19568,Room Only,true,24,3,false,,1451,567,1,0,0,2026-08-20T00:39:39.007Z
138f62ca-fb4d-499a-850f-f62349326ab9,t10,t10,Business traveller,lp857b8,Zylan Colombo,481438-RO-RFN,Executive Room with Jacuzzi - 10% off on Food & Beverage,34557,Room Only,true,60,5,false,,1610,710,1,0,0,2026-08-20T00:39:39.244Z
905ed23f-5435-4a9a-a643-2eb35b0e6000,t10,t10,Business traveller,lp857b8,Zylan Colombo,481438-RO-RFN,Executive Room with Jacuzzi - 10% off on Food & Beverage,34557,Room Only,true,60,5,false,,2129,164,1,0,0,2026-08-20T00:39:39.614Z
56f27cd7-f5c5-4980-a986-1da1574dd59a,t10,t10,Business traveller,lp72a36,Best Western Elyon Colombo,513432-RO-RFN,Deluxe King Room,19568,Room Only,true,24,3,false,,2012,127,1,0,0,2026-08-20T00:39:39.624Z
42b6298b-53bd-4b4a-ac93-1c74adba9362,t_attn,t_attn,Attention check,lp81760,The Steuart by Citrus,1459938501-RO-NRF,"Premium Room, City View - Early check-in or late check-out subject to availability",22604,Room Only,false,123,5,true,false,2538,161,1,0,0,2026-08-20T00:39:41.376Z
038908e9-225a-4f5a-80f3-1572bbf08b9d,t_attn,t_attn,Attention check,lp81760,The Steuart by Citrus,1459938501-BI-NRF,"Premium Room, City View - Early check-in or late check-out subject to availability",25519,Breakfast Included,false,123,5,true,false,2265,228,1,0,0,2026-08-20T00:39:41.475Z
6e00f041-4e7e-4f1e-8584-fb6af8b89274,t_attn,t_attn,Attention check,lp3e58e,The Kingsbury Colombo,479092-RO-RFN,Superior Room,37025,Room Only,true,23,2,true,false,2363,108,1,0,0,2026-08-20T00:39:41.483Z
711ce072-156a-4173-b2de-0994169c66ad,t_attn,t_attn,Attention check,lp655a9e91,Zest Metropole,4358364-RO-RFN,Deluxe Double Room,21223,Room Only,true,20,5,true,false,2142,773,1,0,0,2026-08-20T00:39:41.655Z
2170b8ce-1904-45bf-9ccc-58710eaef557,t_attn,t_attn,Attention check,lp65589ffb,MaRadha Colombo,8208286-RO-RFN,Standard Double Room,35408,Room Only,true,27,2,true,false,2361,263,1,0,0,2026-08-20T00:39:41.789Z
138f62ca-fb4d-499a-850f-f62349326ab9,t_attn,t_attn,Attention check,lp655a9e91,Zest Metropole,4358364-BI-RFN,Deluxe Double Room,26743,Breakfast Included,true,20,5,true,false,1918,585,1,0,0,2026-08-20T00:39:41.790Z
7bf5b38f-7cfd-4166-b546-787c3d0f8d3d,t_attn,t_attn,Attention check,lpb1537,Shangri-La Colombo,2416733-RO-NRF,Deluxe Lake View King,68781,Room Only,false,42,5,true,true,2527,307,1,0,0,2026-08-20T00:39:42.137Z
56f27cd7-f5c5-4980-a986-1da1574dd59a,t_attn,t_attn,Attention check,lp655a9e91,Zest Metropole,4358364-RO-RFN,Deluxe Double Room,21223,Room Only,true,20,5,true,false,2130,212,1,0,0,2026-08-20T00:39:42.213Z
905ed23f-5435-4a9a-a643-2eb35b0e6000,t_attn,t_attn,Attention check,lp81760,The Steuart by Citrus,1459938501-BI-NRF,"Premium Room, City View - Early check-in or late check-out subject to availability",25519,Breakfast Included,false,123,5,true,false,2260,293,1,0,0,2026-08-20T00:39:42.290Z
b6fb9a0a-690b-4320-ba4c-ab319190b715,t_attn,t_attn,Attention check,lpb1537,Shangri-La Colombo,2416733-RO-NRF,Deluxe Lake View King,68781,Room Only,false,42,5,true,true,2904,113,1,0,0,2026-08-20T00:39:42.721Z
5d36dc6d-b1b1-441b-964a-048de5704382,t1,t1,Evening walker,lp3e58e,The Kingsbury Colombo,479092-BI-RFN,Superior Room,37797,Breakfast Included,true,23,2,false,,4332,978,1,0,0,2026-08-20T00:40:05.952Z
e89e21b2-0a95-4fd8-b05f-874ba9beb927,t1,t1,Evening walker,lp33ddb,"Taj Samudra, Colombo",478631-BI-RFN,Deluxe Room City View Queen Bed,43993,Breakfast Included,true,35,5,false,,4761,954,1,0,0,2026-08-20T00:40:06.269Z
919617d8-0510-47b8-9c0b-34f096c883a7,t1,t1,Evening walker,lp3e58e,The Kingsbury Colombo,479092-RO-RFN,Superior Room,37025,Room Only,true,23,2,false,,4775,969,1,0,0,2026-08-20T00:40:06.276Z
d0acb723-3424-4090-9054-b744b9037202,t1,t1,Evening walker,lp6e625,Hotel Janaki,479119-BI-RFN,Deluxe Double Room,15319,Breakfast Included,true,14,2,false,,4737,1024,1,0,0,2026-08-20T00:40:06.343Z
5f555c43-2335-4a53-9536-8d99ca473ec4,t1,t1,Evening walker,lp3e58e,The Kingsbury Colombo,479092-BI-RFN,Superior Room,37797,Breakfast Included,true,23,2,false,,4712,1075,1,0,0,2026-08-20T00:40:06.346Z
4be1c060-e2f0-4fb7-bb19-0a7a0ea55bc8,t1,t1,Evening walker,lp5f0e5,Paradise Road Tintagel Colombo,476937-RO-RFN,Executive Suite,96633,Room Only,true,32,2,false,,4655,886,1,0,0,2026-08-20T00:40:06.412Z
dcf1859c-9af4-4e21-94eb-84cc5ec089aa,t1,t1,Evening walker,lp5f0e5,Paradise Road Tintagel Colombo,476937-RO-RFN,Executive Suite,96633,Room Only,true,32,2,false,,4725,962,1,0,0,2026-08-20T00:40:06.465Z
eff73e56-8ce0-451f-8ee5-a0bc78805d0d,t1,t1,Evening walker,lp3e58e,The Kingsbury Colombo,479092-RO-RFN,Superior Room,37025,Room Only,true,23,2,false,,4760,994,1,0,0,2026-08-20T00:40:06.544Z
e882fffa-c752-4b4a-9277-adf36f7c7c7f,t1,t1,Evening walker,lpb1537,Shangri-La Colombo,2416733-RO-NRF,Deluxe Lake View King,68781,Room Only,false,42,5,false,,4419,637,1,0,0,2026-08-20T00:40:06.811Z
f8b1f970-1642-4c54-8955-c5ec34c98784,t1,t1,Evening walker,lp6e625,Hotel Janaki,479121-BI-RFN,Deluxe Room with Pool View,15319,Breakfast Included,true,14,2,false,,4610,784,1,0,0,2026-08-20T00:40:06.817Z
dcf1859c-9af4-4e21-94eb-84cc5ec089aa,t2,t2,Business traveller,lpc0df6,Fern Colombo,4237595-RO-RFN,King Room,16245,Room Only,true,25,2,false,,2910,932,1,0,0,2026-08-20T00:40:09.972Z
d0acb723-3424-4090-9054-b744b9037202,t2,t2,Business traveller,lp6e625,Hotel Janaki,479119-BI-RFN,Deluxe Double Room,15319,Breakfast Included,true,14,2,false,,3130,149,1,0,0,2026-08-20T00:40:10.012Z
919617d8-0510-47b8-9c0b-34f096c883a7,t2,t2,Business traveller,lp857b8,Zylan Colombo,481438-RO-RFN,Executive Room with Jacuzzi - 10% off on Food & Beverage,34557,Room Only,true,60,5,false,,3149,157,1,0,0,2026-08-20T00:40:10.024Z
5d36dc6d-b1b1-441b-964a-048de5704382,t2,t2,Business traveller,lp857b8,Zylan Colombo,1461137737-RO-RFN,Deluxe Triple Room,35761,Room Only,true,32,5,false,,3451,425,1,0,0,2026-08-20T00:40:10.025Z
4be1c060-e2f0-4fb7-bb19-0a7a0ea55bc8,t2,t2,Business traveller,lpb1537,Shangri-La Colombo,2416743-RO-NRF,Deluxe Lake View Twin,68781,Room Only,false,42,5,false,,3067,75,1,0,0,2026-08-20T00:40:10.037Z
f8b1f970-1642-4c54-8955-c5ec34c98784,t2,t2,Business traveller,lpc0df6,Fern Colombo,4237597-RO-RFN,Deluxe Twin Room,16245,Room Only,true,25,2,false,,2537,698,1,0,0,2026-08-20T00:40:10.044Z
eff73e56-8ce0-451f-8ee5-a0bc78805d0d,t2,t2,Business traveller,lpc0df6,Fern Colombo,4237595-RO-RFN,King Room,16245,Room Only,true,25,2,false,,2871,839,1,0,0,2026-08-20T00:40:10.056Z
e882fffa-c752-4b4a-9277-adf36f7c7c7f,t2,t2,Business traveller,lp857b8,Zylan Colombo,481438-RO-RFN,Executive Room with Jacuzzi - 10% off on Food & Beverage,34557,Room Only,true,60,5,false,,2284,536,1,0,0,2026-08-20T00:40:10.240Z
5f555c43-2335-4a53-9536-8d99ca473ec4,t2,t2,Business traveller,lpc0df6,Fern Colombo,4237597-RO-RFN,Deluxe Twin Room,16245,Room Only,true,25,2,false,,3031,142,1,0,0,2026-08-20T00:40:10.441Z
e89e21b2-0a95-4fd8-b05f-874ba9beb927,t2,t2,Business traveller,lp72a36,Best Western Elyon Colombo,1459894716-RO-RFN,"Deluxe Room, 2 Twin Beds, Non Smoking",19568,Room Only,true,,3,false,,3031,154,1,0,0,2026-08-20T00:40:10.735Z
f8b1f970-1642-4c54-8955-c5ec34c98784,t3,t3,Self-funded worker,lp71118,CityRest Fort,1459617182-RO-RFN,Standard Double Room,11502,Room Only,true,,2,false,,2304,123,1,0,0,2026-08-20T00:40:12.800Z
5f555c43-2335-4a53-9536-8d99ca473ec4,t3,t3,Self-funded worker,lp9855f,Fairway Colombo - Sri Lanka's First Hotel With Robot Technology,1459638294-BI-RFN,Superior Balcony Room,32800,Breakfast Included,true,31,5,false,,1821,695,1,0,0,2026-08-20T00:40:12.805Z
eff73e56-8ce0-451f-8ee5-a0bc78805d0d,t3,t3,Self-funded worker,lp81760,The Steuart by Citrus,1459938501-RO-NRF,"Premium Room, City View - Early check-in or late check-out subject to availability",22604,Room Only,false,123,5,false,,2302,89,1,0,0,2026-08-20T00:40:12.824Z
dcf1859c-9af4-4e21-94eb-84cc5ec089aa,t3,t3,Self-funded worker,lpb1537,Shangri-La Colombo,2416733-RO-NRF,Deluxe Lake View King,68781,Room Only,false,42,5,false,,2409,220,1,0,0,2026-08-20T00:40:12.825Z
d0acb723-3424-4090-9054-b744b9037202,t3,t3,Self-funded worker,lp6f007,Clock Inn Colombo,1321691606-BI-RFN,Family Quadruple Room,16763,Breakfast Included,true,25,2,false,,2422,182,1,0,0,2026-08-20T00:40:12.891Z
e89e21b2-0a95-4fd8-b05f-874ba9beb927,t3,t3,Self-funded worker,lp9855f,Fairway Colombo - Sri Lanka's First Hotel With Robot Technology,1459963988-RO-RFN,Superior Twin Room,28429,Room Only,true,22,5,false,,1506,331,1,0,0,2026-08-20T00:40:12.984Z
919617d8-0510-47b8-9c0b-34f096c883a7,t3,t3,Self-funded worker,lp3e58e,The Kingsbury Colombo,479092-BI-RFN,Superior Room,37797,Breakfast Included,true,23,2,false,,2607,296,1,0,0,2026-08-20T00:40:13.079Z
5d36dc6d-b1b1-441b-964a-048de5704382,t3,t3,Self-funded worker,lp81760,The Steuart by Citrus,1459938501-BI-NRF,"Premium Room, City View - Early check-in or late check-out subject to availability",25519,Breakfast Included,false,123,5,false,,2608,368,1,0,0,2026-08-20T00:40:13.092Z
4be1c060-e2f0-4fb7-bb19-0a7a0ea55bc8,t3,t3,Self-funded worker,lpb1537,Shangri-La Colombo,2416733-RO-NRF,Deluxe Lake View King,68781,Room Only,false,42,5,false,,2527,254,1,0,0,2026-08-20T00:40:13.203Z
e882fffa-c752-4b4a-9277-adf36f7c7c7f,t3,t3,Self-funded worker,lp9855f,Fairway Colombo - Sri Lanka's First Hotel With Robot Technology,1459638294-BI-RFN,Superior Balcony Room,32800,Breakfast Included,true,31,5,false,,2095,880,1,0,0,2026-08-20T00:40:13.265Z
f8b1f970-1642-4c54-8955-c5ec34c98784,t4,t4,Family on holiday,lp71118,CityRest Fort,497279-RO-RFN,Standard Twin Room,11502,Room Only,true,15,2,false,,2101,182,1,0,0,2026-08-20T00:40:15.245Z
dcf1859c-9af4-4e21-94eb-84cc5ec089aa,t4,t4,Family on holiday,lp5f0e5,Paradise Road Tintagel Colombo,476937-BI-RFN,Executive Suite,105766,Breakfast Included,true,32,2,false,,2037,120,1,0,0,2026-08-20T00:40:15.257Z
eff73e56-8ce0-451f-8ee5-a0bc78805d0d,t4,t4,Family on holiday,lp67286,Colombo Court Hotel & Spa,481449-RO-RFN,Suite,52144,Room Only,true,44,5,false,,2019,125,1,0,0,2026-08-20T00:40:15.294Z
e89e21b2-0a95-4fd8-b05f-874ba9beb927,t4,t4,Family on holiday,lp65589ffb,MaRadha Colombo,8208286-RO-RFN,Standard Double Room,35408,Room Only,true,27,2,false,,1756,699,1,0,0,2026-08-20T00:40:15.394Z
5f555c43-2335-4a53-9536-8d99ca473ec4,t4,t4,Family on holiday,lp76eba,Radisson Hotel Colombo,7559276-BI-RFN,Superior Room,36248,Breakfast Included,true,24,5,false,,1961,33,1,0,0,2026-08-20T00:40:15.403Z
d0acb723-3424-4090-9054-b744b9037202,t4,t4,Family on holiday,lp71118,CityRest Fort,497279-RO-RFN,Standard Twin Room,11502,Room Only,true,15,2,false,,1916,80,1,0,0,2026-08-20T00:40:15.456Z
5d36dc6d-b1b1-441b-964a-048de5704382,t4,t4,Family on holiday,lp6f007,Clock Inn Colombo,1321691606-BI-RFN,Family Quadruple Room,16763,Breakfast Included,true,25,2,false,,1936,50,1,0,0,2026-08-20T00:40:15.538Z
919617d8-0510-47b8-9c0b-34f096c883a7,t4,t4,Family on holiday,lp65589ffb,MaRadha Colombo,8208286-RO-RFN,Standard Double Room,35408,Room Only,true,27,2,false,,1967,75,1,0,0,2026-08-20T00:40:15.541Z
e882fffa-c752-4b4a-9277-adf36f7c7c7f,t4,t4,Family on holiday,lp67286,Colombo Court Hotel & Spa,481452-RO-RFN,Duplex Suite,56529,Room Only,true,65,5,false,,1822,843,1,0,0,2026-08-20T00:40:15.544Z
4be1c060-e2f0-4fb7-bb19-0a7a0ea55bc8,t4,t4,Family on holiday,lp76eba,Radisson Hotel Colombo,7559276-RO-RFN,Superior Room,27402,Room Only,true,24,5,false,,1394,428,1,0,0,2026-08-20T00:40:15.626Z
e89e21b2-0a95-4fd8-b05f-874ba9beb927,t5,t5,Light sleeper,lp72a36,Best Western Elyon Colombo,1459894716-RO-RFN,"Deluxe Room, 2 Twin Beds, Non Smoking",19568,Room Only,true,,3,false,,1696,767,1,0,0,2026-08-20T00:40:17.500Z
d0acb723-3424-4090-9054-b744b9037202,t5,t5,Light sleeper,lp6e625,Hotel Janaki,479121-BI-RFN,Deluxe Room with Pool View,15319,Breakfast Included,true,14,2,false,,1683,793,1,0,0,2026-08-20T00:40:17.512Z
f8b1f970-1642-4c54-8955-c5ec34c98784,t5,t5,Light sleeper,lp71118,CityRest Fort,1459617182-RO-RFN,Standard Double Room,11502,Room Only,true,,2,false,,1923,111,1,0,0,2026-08-20T00:40:17.715Z
4be1c060-e2f0-4fb7-bb19-0a7a0ea55bc8,t5,t5,Light sleeper,lp67708,Supun Arcade Residency,481434-RO-RFN,One-Bedroom Apartment with 15% Discount on Food & Beverage,20768,Room Only,true,121,5,false,,1540,616,1,0,0,2026-08-20T00:40:17.716Z
5f555c43-2335-4a53-9536-8d99ca473ec4,t5,t5,Light sleeper,lp6e625,Hotel Janaki,479121-BI-RFN,Deluxe Room with Pool View,15319,Breakfast Included,true,14,2,false,,1711,788,1,0,0,2026-08-20T00:40:17.747Z
eff73e56-8ce0-451f-8ee5-a0bc78805d0d,t5,t5,Light sleeper,lp67708,Supun Arcade Residency,481434-RO-RFN,One-Bedroom Apartment with 15% Discount on Food & Beverage,20768,Room Only,true,121,5,false,,1398,441,1,0,0,2026-08-20T00:40:17.804Z
919617d8-0510-47b8-9c0b-34f096c883a7,t5,t5,Light sleeper,lp72a36,Best Western Elyon Colombo,1459894716-RO-RFN,"Deluxe Room, 2 Twin Beds, Non Smoking",19568,Room Only,true,,3,false,,1934,48,1,0,0,2026-08-20T00:40:17.904Z
5d36dc6d-b1b1-441b-964a-048de5704382,t5,t5,Light sleeper,lp6e625,Hotel Janaki,479119-BI-RFN,Deluxe Double Room,15319,Breakfast Included,true,14,2,false,,1964,82,1,0,0,2026-08-20T00:40:17.915Z
e882fffa-c752-4b4a-9277-adf36f7c7c7f,t5,t5,Light sleeper,lp72a36,Best Western Elyon Colombo,513432-RO-RFN,Deluxe King Room,19568,Room Only,true,24,3,false,,1945,62,1,0,0,2026-08-20T00:40:17.918Z
dcf1859c-9af4-4e21-94eb-84cc5ec089aa,t5,t5,Light sleeper,lp656d40c7,Sheraton Colombo Hotel,5289360-RO-RFN,Deluxe Twin Room with City View with 15% spa discount per room + 15% F&B discount per room + Early check in an,56627,Room Only,true,36,5,false,,1945,89,1,0,0,2026-08-20T00:40:18.147Z
e89e21b2-0a95-4fd8-b05f-874ba9beb927,t6,t6,Beach weekender,lp40d3f,Global Towers Hotel & Apartments,476929-RO-RFN,Two-Bedroom Apartment with Sea View/City view,41030,Room Only,true,124,3,false,,1795,135,1,0,0,2026-08-20T00:40:19.748Z
d0acb723-3424-4090-9054-b744b9037202,t6,t6,Beach weekender,lp6f007,Clock Inn Colombo,1321691606-BI-RFN,Family Quadruple Room,16763,Breakfast Included,true,25,2,false,,1853,160,1,0,0,2026-08-20T00:40:19.770Z
eff73e56-8ce0-451f-8ee5-a0bc78805d0d,t6,t6,Beach weekender,lp40d3f,Global Towers Hotel & Apartments,476929-RO-RFN,Two-Bedroom Apartment with Sea View/City view,41030,Room Only,true,124,3,false,,1102,169,1,0,0,2026-08-20T00:40:19.995Z
f8b1f970-1642-4c54-8955-c5ec34c98784,t6,t6,Beach weekender,lp71118,CityRest Fort,497279-RO-RFN,Standard Twin Room,11502,Room Only,true,15,2,false,,1879,58,1,0,0,2026-08-20T00:40:20.128Z
4be1c060-e2f0-4fb7-bb19-0a7a0ea55bc8,t6,t6,Beach weekender,lpb1537,Shangri-La Colombo,2416733-RO-NRF,Deluxe Lake View King,68781,Room Only,false,42,5,false,,1884,35,1,0,0,2026-08-20T00:40:20.129Z
dcf1859c-9af4-4e21-94eb-84cc5ec089aa,t6,t6,Beach weekender,lp7c172,Mirage Colombo,487132-BI-RFN,Standard Double Room,24581,Breakfast Included,true,27,5,false,,1488,551,1,0,0,2026-08-20T00:40:20.226Z
5f555c43-2335-4a53-9536-8d99ca473ec4,t6,t6,Beach weekender,lp40d3f,Global Towers Hotel & Apartments,476929-RO-RFN,Two-Bedroom Apartment with Sea View/City view,41030,Room Only,true,124,3,false,,1562,678,1,0,0,2026-08-20T00:40:20.487Z
919617d8-0510-47b8-9c0b-34f096c883a7,t6,t6,Beach weekender,lp7c172,Mirage Colombo,487132-RO-RFN,Standard Double Room,20482,Room Only,true,27,5,false,,2457,135,1,0,0,2026-08-20T00:40:20.797Z
e882fffa-c752-4b4a-9277-adf36f7c7c7f,t6,t6,Beach weekender,lp7c172,Mirage Colombo,487132-BI-RFN,Standard Double Room,24581,Breakfast Included,true,27,5,false,,2437,115,1,0,0,2026-08-20T00:40:20.800Z
5d36dc6d-b1b1-441b-964a-048de5704382,t6,t6,Beach weekender,lp40d3f,Global Towers Hotel & Apartments,476929-RO-RFN,Two-Bedroom Apartment with Sea View/City view,41030,Room Only,true,124,3,false,,2451,115,1,0,0,2026-08-20T00:40:20.809Z
d0acb723-3424-4090-9054-b744b9037202,t7,t7,Long-stay consultant,lp71118,CityRest Fort,1459617182-RO-RFN,Standard Double Room,11502,Room Only,true,,2,false,,1779,88,1,0,0,2026-08-20T00:40:22.441Z
5f555c43-2335-4a53-9536-8d99ca473ec4,t7,t7,Long-stay consultant,lp5f0e5,Paradise Road Tintagel Colombo,476937-BI-RFN,Executive Suite,105766,Breakfast Included,true,32,2,false,,1482,647,1,0,0,2026-08-20T00:40:22.447Z
eff73e56-8ce0-451f-8ee5-a0bc78805d0d,t7,t7,Long-stay consultant,lpc0df6,Fern Colombo,4237595-RO-RFN,King Room,16245,Room Only,true,25,2,false,,1909,105,1,0,0,2026-08-20T00:40:22.558Z
4be1c060-e2f0-4fb7-bb19-0a7a0ea55bc8,t7,t7,Long-stay consultant,lpb1537,Shangri-La Colombo,2416743-RO-NRF,Deluxe Lake View Twin,68781,Room Only,false,42,5,false,,1867,72,1,0,0,2026-08-20T00:40:22.576Z
f8b1f970-1642-4c54-8955-c5ec34c98784,t7,t7,Long-stay consultant,lp71118,CityRest Fort,497279-RO-RFN,Standard Twin Room,11502,Room Only,true,15,2,false,,1832,66,1,0,0,2026-08-20T00:40:22.579Z
e89e21b2-0a95-4fd8-b05f-874ba9beb927,t7,t7,Long-stay consultant,lp857b8,Zylan Colombo,1461137737-RO-RFN,Deluxe Triple Room,35761,Room Only,true,32,5,false,,1777,85,1,0,0,2026-08-20T00:40:22.662Z
dcf1859c-9af4-4e21-94eb-84cc5ec089aa,t7,t7,Long-stay consultant,lp656d40c7,Sheraton Colombo Hotel,5289360-RO-RFN,Deluxe Twin Room with City View with 15% spa discount per room + 15% F&B discount per room + Early check in an,56627,Room Only,true,36,5,false,,1835,53,1,0,0,2026-08-20T00:40:22.814Z
5d36dc6d-b1b1-441b-964a-048de5704382,t7,t7,Long-stay consultant,lpc0df6,Fern Colombo,4237595-RO-RFN,King Room,16245,Room Only,true,25,2,false,,1760,73,1,0,0,2026-08-20T00:40:23.077Z
919617d8-0510-47b8-9c0b-34f096c883a7,t7,t7,Long-stay consultant,lp857b8,Zylan Colombo,1461137737-RO-RFN,Deluxe Triple Room,35761,Room Only,true,32,5,false,,1855,130,1,0,0,2026-08-20T00:40:23.177Z
e882fffa-c752-4b4a-9277-adf36f7c7c7f,t7,t7,Long-stay consultant,lpc0df6,Fern Colombo,4237595-RO-RFN,King Room,16245,Room Only,true,25,2,false,,1793,76,1,0,0,2026-08-20T00:40:23.275Z
d0acb723-3424-4090-9054-b744b9037202,t8,t8,Value-seeking couple,lp6557c6e0,Granbell Hotel Colombo,1459818931-RO-NRF,Superior Twin Room with City View,29667,Room Only,false,0,3,false,,1532,665,1,0,0,2026-08-20T00:40:24.643Z
e89e21b2-0a95-4fd8-b05f-874ba9beb927,t8,t8,Value-seeking couple,lp6557c6e0,Granbell Hotel Colombo,1459818931-RO-NRF,Superior Twin Room with City View,29667,Room Only,false,0,3,false,,1527,658,1,0,0,2026-08-20T00:40:24.649Z
5f555c43-2335-4a53-9536-8d99ca473ec4,t8,t8,Value-seeking couple,lp6574b103,"Amari Colombo, Sri Lanka",844832-RO-RFN,Superior City View King,46259,Room Only,true,29,5,false,,1736,28,1,0,0,2026-08-20T00:40:24.661Z
4be1c060-e2f0-4fb7-bb19-0a7a0ea55bc8,t8,t8,Value-seeking couple,lpb1537,Shangri-La Colombo,2416733-RO-NRF,Deluxe Lake View King,68781,Room Only,false,42,5,false,,1692,55,1,0,0,2026-08-20T00:40:24.733Z
dcf1859c-9af4-4e21-94eb-84cc5ec089aa,t8,t8,Value-seeking couple,lp6557c6e0,Granbell Hotel Colombo,1459818931-RO-NRF,Superior Twin Room with City View,29667,Room Only,false,0,3,false,,1498,700,1,0,0,2026-08-20T00:40:24.743Z
eff73e56-8ce0-451f-8ee5-a0bc78805d0d,t8,t8,Value-seeking couple,lp6557c6e0,Granbell Hotel Colombo,1459818931-RO-NRF,Superior Twin Room with City View,29667,Room Only,false,0,3,false,,1679,33,1,0,0,2026-08-20T00:40:24.981Z
f8b1f970-1642-4c54-8955-c5ec34c98784,t8,t8,Value-seeking couple,lp71118,CityRest Fort,1459617182-RO-RFN,Standard Double Room,11502,Room Only,true,,2,false,,1805,158,1,0,0,2026-08-20T00:40:24.982Z
5d36dc6d-b1b1-441b-964a-048de5704382,t8,t8,Value-seeking couple,lp656d40c7,Sheraton Colombo Hotel,5289360-RO-RFN,Deluxe Twin Room with City View with 15% spa discount per room + 15% F&B discount per room + Early check in an,56627,Room Only,true,36,5,false,,1704,72,1,0,0,2026-08-20T00:40:25.208Z
e882fffa-c752-4b4a-9277-adf36f7c7c7f,t8,t8,Value-seeking couple,lp656d40c7,Sheraton Colombo Hotel,5289365-RO-RFN,Deluxe King Room with City View with 15% spa discount per room + 15% F&B discount per room + Early check in an,56627,Room Only,true,36,5,false,,1528,727,1,0,0,2026-08-20T00:40:25.246Z
919617d8-0510-47b8-9c0b-34f096c883a7,t8,t8,Value-seeking couple,lp656d40c7,Sheraton Colombo Hotel,5289360-RO-RFN,Deluxe Twin Room with City View with 15% spa discount per room + 15% F&B discount per room + Early check in an,56627,Room Only,true,36,5,false,,1659,62,1,0,0,2026-08-20T00:40:25.575Z
e89e21b2-0a95-4fd8-b05f-874ba9beb927,t9,t9,Remote worker,lp7c172,Mirage Colombo,487132-RO-RFN,Standard Double Room,20482,Room Only,true,27,5,false,,1345,508,1,0,0,2026-08-20T00:40:26.829Z
5f555c43-2335-4a53-9536-8d99ca473ec4,t9,t9,Remote worker,lp67708,Supun Arcade Residency,481434-BI-RFN,One-Bedroom Apartment with 15% Discount on Food & Beverage,24663,Breakfast Included,true,121,5,false,,1267,463,1,0,0,2026-08-20T00:40:26.830Z
d0acb723-3424-4090-9054-b744b9037202,t9,t9,Remote worker,lp71118,CityRest Fort,497279-RO-RFN,Standard Twin Room,11502,Room Only,true,15,2,false,,1665,30,1,0,0,2026-08-20T00:40:26.837Z
eff73e56-8ce0-451f-8ee5-a0bc78805d0d,t9,t9,Remote worker,lp40d3f,Global Towers Hotel & Apartments,476929-RO-RFN,Two-Bedroom Apartment with Sea View/City view,41030,Room Only,true,124,3,false,,1535,685,1,0,0,2026-08-20T00:40:26.944Z
4be1c060-e2f0-4fb7-bb19-0a7a0ea55bc8,t9,t9,Remote worker,lpb1537,Shangri-La Colombo,2416743-RO-NRF,Deluxe Lake View Twin,68781,Room Only,false,42,5,false,,1762,77,1,0,0,2026-08-20T00:40:26.956Z
dcf1859c-9af4-4e21-94eb-84cc5ec089aa,t9,t9,Remote worker,lp5f0e5,Paradise Road Tintagel Colombo,476937-BI-RFN,Executive Suite,105766,Breakfast Included,true,32,2,false,,1751,51,1,0,0,2026-08-20T00:40:26.963Z
f8b1f970-1642-4c54-8955-c5ec34c98784,t9,t9,Remote worker,lp40d3f,Global Towers Hotel & Apartments,476929-RO-RFN,Two-Bedroom Apartment with Sea View/City view,41030,Room Only,true,124,3,false,,1688,811,1,0,0,2026-08-20T00:40:27.095Z
5d36dc6d-b1b1-441b-964a-048de5704382,t9,t9,Remote worker,lp76eba,Radisson Hotel Colombo,7559276-BI-RFN,Superior Room,36248,Breakfast Included,true,24,5,false,,1799,115,1,0,0,2026-08-20T00:40:27.480Z
e882fffa-c752-4b4a-9277-adf36f7c7c7f,t9,t9,Remote worker,lp7c172,Mirage Colombo,487132-RO-RFN,Standard Double Room,20482,Room Only,true,27,5,false,,1807,103,1,0,0,2026-08-20T00:40:27.522Z
919617d8-0510-47b8-9c0b-34f096c883a7,t9,t9,Remote worker,lp67708,Supun Arcade Residency,481434-BI-RFN,One-Bedroom Apartment with 15% Discount on Food & Beverage,24663,Breakfast Included,true,121,5,false,,1451,622,1,0,0,2026-08-20T00:40:27.757Z
d0acb723-3424-4090-9054-b744b9037202,t10,t10,Business traveller,lp6f007,Clock Inn Colombo,1321691606-BI-RFN,Family Quadruple Room,16763,Breakfast Included,true,25,2,false,,1763,54,1,0,0,2026-08-20T00:40:29.007Z
5f555c43-2335-4a53-9536-8d99ca473ec4,t10,t10,Business traveller,lp857b8,Zylan Colombo,481438-RO-RFN,Executive Room with Jacuzzi - 10% off on Food & Beverage,34557,Room Only,true,60,5,false,,1780,70,1,0,0,2026-08-20T00:40:29.011Z
e89e21b2-0a95-4fd8-b05f-874ba9beb927,t10,t10,Business traveller,lp857b8,Zylan Colombo,481438-RO-RFN,Executive Room with Jacuzzi - 10% off on Food & Beverage,34557,Room Only,true,60,5,false,,1773,74,1,0,0,2026-08-20T00:40:29.284Z
eff73e56-8ce0-451f-8ee5-a0bc78805d0d,t10,t10,Business traveller,lp72a36,Best Western Elyon Colombo,1459894716-RO-RFN,"Deluxe Room, 2 Twin Beds, Non Smoking",19568,Room Only,true,,3,false,,1888,46,1,0,0,2026-08-20T00:40:29.296Z
4be1c060-e2f0-4fb7-bb19-0a7a0ea55bc8,t10,t10,Business traveller,lp656d40c7,Sheraton Colombo Hotel,5289360-RO-RFN,Deluxe Twin Room with City View with 15% spa discount per room + 15% F&B discount per room + Early check in an,56627,Room Only,true,36,5,false,,1873,43,1,0,0,2026-08-20T00:40:29.300Z
dcf1859c-9af4-4e21-94eb-84cc5ec089aa,t10,t10,Business traveller,lpb1537,Shangri-La Colombo,2416743-RO-NRF,Deluxe Lake View Twin,68781,Room Only,false,42,5,false,,1841,43,1,0,0,2026-08-20T00:40:29.317Z
f8b1f970-1642-4c54-8955-c5ec34c98784,t10,t10,Business traveller,lp6e625,Hotel Janaki,479121-BI-RFN,Deluxe Room with Pool View,15319,Breakfast Included,true,14,2,false,,1789,33,1,0,0,2026-08-20T00:40:29.372Z
919617d8-0510-47b8-9c0b-34f096c883a7,t10,t10,Business traveller,lp72a36,Best Western Elyon Colombo,1459894716-RO-RFN,"Deluxe Room, 2 Twin Beds, Non Smoking",19568,Room Only,true,,3,false,,1731,777,1,0,0,2026-08-20T00:40:29.907Z
e882fffa-c752-4b4a-9277-adf36f7c7c7f,t10,t10,Business traveller,lp5f0e5,Paradise Road Tintagel Colombo,476937-BI-RFN,Executive Suite,105766,Breakfast Included,true,32,2,false,,1921,50,1,0,0,2026-08-20T00:40:29.908Z
5d36dc6d-b1b1-441b-964a-048de5704382,t10,t10,Business traveller,lpc0df6,Fern Colombo,4237595-RO-RFN,King Room,16245,Room Only,true,25,2,false,,1915,86,1,0,0,2026-08-20T00:40:29.910Z
e89e21b2-0a95-4fd8-b05f-874ba9beb927,t_attn,t_attn,Attention check,lp9855f,Fairway Colombo - Sri Lanka's First Hotel With Robot Technology,1459638294-BI-RFN,Superior Balcony Room,32800,Breakfast Included,true,31,5,true,false,1680,336,1,0,0,2026-08-20T00:40:31.874Z
d0acb723-3424-4090-9054-b744b9037202,t_attn,t_attn,Attention check,lp71118,CityRest Fort,1459617182-RO-RFN,Standard Double Room,11502,Room Only,true,,2,true,false,2402,173,1,0,0,2026-08-20T00:40:31.892Z
5f555c43-2335-4a53-9536-8d99ca473ec4,t_attn,t_attn,Attention check,lpb1537,Shangri-La Colombo,2416733-RO-NRF,Deluxe Lake View King,68781,Room Only,false,42,5,true,true,2337,133,1,0,0,2026-08-20T00:40:32.070Z
dcf1859c-9af4-4e21-94eb-84cc5ec089aa,t_attn,t_attn,Attention check,lp9855f,Fairway Colombo - Sri Lanka's First Hotel With Robot Technology,1459963988-RO-RFN,Superior Twin Room,28429,Room Only,true,22,5,true,false,1866,607,1,0,0,2026-08-20T00:40:32.106Z
eff73e56-8ce0-451f-8ee5-a0bc78805d0d,t_attn,t_attn,Attention check,lp655a9e91,Zest Metropole,4358364-RO-RFN,Deluxe Double Room,21223,Room Only,true,20,5,true,false,1846,602,1,0,0,2026-08-20T00:40:32.111Z
4be1c060-e2f0-4fb7-bb19-0a7a0ea55bc8,t_attn,t_attn,Attention check,lp655a9e91,Zest Metropole,4358364-RO-RFN,Deluxe Double Room,21223,Room Only,true,20,5,true,false,1725,507,1,0,0,2026-08-20T00:40:32.253Z
f8b1f970-1642-4c54-8955-c5ec34c98784,t_attn,t_attn,Attention check,lp71118,CityRest Fort,1459617182-RO-RFN,Standard Double Room,11502,Room Only,true,,2,true,false,2263,177,1,0,0,2026-08-20T00:40:32.354Z
5d36dc6d-b1b1-441b-964a-048de5704382,t_attn,t_attn,Attention check,lp655a9e91,Zest Metropole,4358364-RO-RFN,Deluxe Double Room,21223,Room Only,true,20,5,true,false,1566,608,1,0,0,2026-08-20T00:40:32.460Z
e882fffa-c752-4b4a-9277-adf36f7c7c7f,t_attn,t_attn,Attention check,lp81760,The Steuart by Citrus,1459938501-RO-NRF,"Premium Room, City View - Early check-in or late check-out subject to availability",22604,Room Only,false,123,5,true,false,1141,271,1,0,0,2026-08-20T00:40:32.586Z
919617d8-0510-47b8-9c0b-34f096c883a7,t_attn,t_attn,Attention check,lpb1537,Shangri-La Colombo,2416733-RO-NRF,Deluxe Lake View King,68781,Room Only,false,42,5,true,true,2035,153,1,0,0,2026-08-20T00:40:33.100Z
298b17d8-0e0d-4314-bf3d-47ddcb4939ee,t1,t1,Evening walker,lp5f0e5,Paradise Road Tintagel Colombo,476937-RO-RFN,Executive Suite,96633,Room Only,true,32,2,false,,2139,517,1,0,0,2026-08-20T00:40:52.078Z
29db13b9-03d4-4ff5-90b6-43295b19167f,t1,t1,Evening walker,lp656d40c7,Sheraton Colombo Hotel,5289360-RO-RFN,Deluxe Twin Room with City View with 15% spa discount per room + 15% F&B discount per room + Early check in an,56627,Room Only,true,36,5,false,,2178,511,1,0,0,2026-08-20T00:40:52.187Z
9415bb70-6027-428f-83a4-0da537478d0f,t1,t1,Evening walker,lpb1537,Shangri-La Colombo,2416733-RO-NRF,Deluxe Lake View King,68781,Room Only,false,42,5,false,,2236,518,1,0,0,2026-08-20T00:40:52.236Z
fe5ec673-703e-476e-8038-dd893feb4fea,t1,t1,Evening walker,lp33ddb,"Taj Samudra, Colombo",478631-BI-RFN,Deluxe Room City View Queen Bed,43993,Breakfast Included,true,35,5,false,,2161,510,1,0,0,2026-08-20T00:40:52.307Z
1b331501-ff92-4317-8575-dc256592ff25,t1,t1,Evening walker,lp6e625,Hotel Janaki,479119-BI-RFN,Deluxe Double Room,15319,Breakfast Included,true,14,2,false,,2174,519,1,0,0,2026-08-20T00:40:52.394Z
50d1a606-b60f-4054-a668-4af6f361e2ff,t1,t1,Evening walker,lp6e625,Hotel Janaki,479119-BI-RFN,Deluxe Double Room,15319,Breakfast Included,true,14,2,false,,2180,512,1,0,0,2026-08-20T00:40:52.438Z
b4b4cafe-a586-4eb4-9f6a-08bab5389d24,t1,t1,Evening walker,lp81760,The Steuart by Citrus,1459938501-RO-NRF,"Premium Room, City View - Early check-in or late check-out subject to availability",22604,Room Only,false,123,5,false,,2156,508,1,0,0,2026-08-20T00:40:52.512Z
d3589942-d1de-498d-b868-f6903a8994fa,t1,t1,Evening walker,lp3e58e,The Kingsbury Colombo,479092-BI-RFN,Superior Room,37797,Breakfast Included,true,23,2,false,,2226,511,1,0,0,2026-08-20T00:40:52.872Z
3e7fcbfa-0678-46b3-8928-dd06d9541508,t1,t1,Evening walker,lpb1537,Shangri-La Colombo,2416733-RO-NRF,Deluxe Lake View King,68781,Room Only,false,42,5,false,,2219,509,1,0,0,2026-08-20T00:40:52.872Z
2659b4b3-46e7-4929-98f8-6f018cf836cb,t1,t1,Evening walker,lp71118,CityRest Fort,1459617182-RO-RFN,Standard Double Room,11502,Room Only,true,,2,false,,2292,518,1,0,0,2026-08-20T00:40:52.905Z
fe5ec673-703e-476e-8038-dd893feb4fea,t2,t2,Business traveller,lp857b8,Zylan Colombo,1461137737-RO-RFN,Deluxe Triple Room,35761,Room Only,true,32,5,false,,2215,725,1,0,0,2026-08-20T00:40:55.093Z
298b17d8-0e0d-4314-bf3d-47ddcb4939ee,t2,t2,Business traveller,lp5f0e5,Paradise Road Tintagel Colombo,476937-RO-RFN,Executive Suite,96633,Room Only,true,32,2,false,,2481,129,1,0,0,2026-08-20T00:40:55.300Z
1b331501-ff92-4317-8575-dc256592ff25,t2,t2,Business traveller,lp857b8,Zylan Colombo,481438-RO-RFN,Executive Room with Jacuzzi - 10% off on Food & Beverage,34557,Room Only,true,60,5,false,,2413,766,1,0,0,2026-08-20T00:40:55.826Z
9415bb70-6027-428f-83a4-0da537478d0f,t2,t2,Business traveller,lpc0df6,Fern Colombo,4237597-RO-RFN,Deluxe Twin Room,16245,Room Only,true,25,2,false,,2957,139,1,0,0,2026-08-20T00:40:55.835Z
b4b4cafe-a586-4eb4-9f6a-08bab5389d24,t2,t2,Business traveller,lpc0df6,Fern Colombo,4237595-RO-RFN,King Room,16245,Room Only,true,25,2,false,,3006,55,1,0,0,2026-08-20T00:40:55.996Z
2659b4b3-46e7-4929-98f8-6f018cf836cb,t2,t2,Business traveller,lp71118,CityRest Fort,1459617182-RO-RFN,Standard Double Room,11502,Room Only,true,,2,false,,2679,95,1,0,0,2026-08-20T00:40:56.062Z
50d1a606-b60f-4054-a668-4af6f361e2ff,t2,t2,Business traveller,lp6f007,Clock Inn Colombo,1321691606-BI-RFN,Family Quadruple Room,16763,Breakfast Included,true,25,2,false,,3231,187,1,0,0,2026-08-20T00:40:56.063Z
d3589942-d1de-498d-b868-f6903a8994fa,t2,t2,Business traveller,lpc0df6,Fern Colombo,4237597-RO-RFN,Deluxe Twin Room,16245,Room Only,true,25,2,false,,2312,632,1,0,0,2026-08-20T00:40:56.071Z
3e7fcbfa-0678-46b3-8928-dd06d9541508,t2,t2,Business traveller,lpc0df6,Fern Colombo,4237595-RO-RFN,King Room,16245,Room Only,true,25,2,false,,2307,359,1,0,0,2026-08-20T00:40:56.075Z
29db13b9-03d4-4ff5-90b6-43295b19167f,t2,t2,Business traveller,lpb1537,Shangri-La Colombo,2416743-RO-NRF,Deluxe Lake View Twin,68781,Room Only,false,42,5,false,,3066,122,1,0,0,2026-08-20T00:40:56.325Z
fe5ec673-703e-476e-8038-dd893feb4fea,t3,t3,Self-funded worker,lp655a9e91,Zest Metropole,4358364-RO-RFN,Deluxe Double Room,21223,Room Only,true,20,5,false,,2131,58,1,0,0,2026-08-20T00:40:57.703Z
298b17d8-0e0d-4314-bf3d-47ddcb4939ee,t3,t3,Self-funded worker,lp81760,The Steuart by Citrus,1459938501-BI-NRF,"Premium Room, City View - Early check-in or late check-out subject to availability",25519,Breakfast Included,false,123,5,false,,1909,753,1,0,0,2026-08-20T00:40:57.704Z
9415bb70-6027-428f-83a4-0da537478d0f,t3,t3,Self-funded worker,lp81760,The Steuart by Citrus,1459938501-BI-NRF,"Premium Room, City View - Early check-in or late check-out subject to availability",25519,Breakfast Included,false,123,5,false,,1367,352,1,0,0,2026-08-20T00:40:58.042Z
1b331501-ff92-4317-8575-dc256592ff25,t3,t3,Self-funded worker,lp9855f,Fairway Colombo - Sri Lanka's First Hotel With Robot Technology,1459963988-RO-RFN,Superior Twin Room,28429,Room Only,true,22,5,false,,1438,396,1,0,0,2026-08-20T00:40:58.146Z
3e7fcbfa-0678-46b3-8928-dd06d9541508,t3,t3,Self-funded worker,lp655a9e91,Zest Metropole,4358364-BI-RFN,Deluxe Double Room,26743,Breakfast Included,true,20,5,false,,1642,607,1,0,0,2026-08-20T00:40:58.160Z
d3589942-d1de-498d-b868-f6903a8994fa,t3,t3,Self-funded worker,lp655a9e91,Zest Metropole,4358364-BI-RFN,Deluxe Double Room,26743,Breakfast Included,true,20,5,false,,1746,619,1,0,0,2026-08-20T00:40:58.335Z
50d1a606-b60f-4054-a668-4af6f361e2ff,t3,t3,Self-funded worker,lp71118,CityRest Fort,497279-RO-RFN,Standard Twin Room,11502,Room Only,true,15,2,false,,2198,187,1,0,0,2026-08-20T00:40:58.695Z
2659b4b3-46e7-4929-98f8-6f018cf836cb,t3,t3,Self-funded worker,lp6f007,Clock Inn Colombo,1321691606-BI-RFN,Family Quadruple Room,16763,Breakfast Included,true,25,2,false,,1984,161,1,0,0,2026-08-20T00:40:58.765Z
b4b4cafe-a586-4eb4-9f6a-08bab5389d24,t3,t3,Self-funded worker,lp3e58e,The Kingsbury Colombo,479092-BI-RFN,Superior Room,37797,Breakfast Included,true,23,2,false,,2245,311,1,0,0,2026-08-20T00:40:58.781Z
fe5ec673-703e-476e-8038-dd893feb4fea,t4,t4,Family on holiday,lp76eba,Radisson Hotel Colombo,7559276-RO-RFN,Superior Room,27402,Room Only,true,24,5,false,,1776,98,1,0,0,2026-08-20T00:41:00.002Z
298b17d8-0e0d-4314-bf3d-47ddcb4939ee,t4,t4,Family on holiday,lpb1537,Shangri-La Colombo,2416733-RO-NRF,Deluxe Lake View King,68781,Room Only,false,42,5,false,,1854,35,1,0,0,2026-08-20T00:41:00.147Z
9415bb70-6027-428f-83a4-0da537478d0f,t4,t4,Family on holiday,lp76eba,Radisson Hotel Colombo,7559276-RO-RFN,Superior Room,27402,Room Only,true,24,5,false,,1700,67,1,0,0,2026-08-20T00:41:00.279Z
1b331501-ff92-4317-8575-dc256592ff25,t4,t4,Family on holiday,lp6f007,Clock Inn Colombo,1321691606-BI-RFN,Family Quadruple Room,16763,Breakfast Included,true,25,2,false,,1801,139,1,0,0,2026-08-20T00:41:00.516Z
3e7fcbfa-0678-46b3-8928-dd06d9541508,t4,t4,Family on holiday,lp76eba,Radisson Hotel Colombo,7559276-BI-RFN,Superior Room,36248,Breakfast Included,true,24,5,false,,1765,114,1,0,0,2026-08-20T00:41:00.525Z
d3589942-d1de-498d-b868-f6903a8994fa,t4,t4,Family on holiday,lp67286,Colombo Court Hotel & Spa,481452-RO-RFN,Duplex Suite,56529,Room Only,true,65,5,false,,1612,784,1,0,0,2026-08-20T00:41:00.555Z
2659b4b3-46e7-4929-98f8-6f018cf836cb,t4,t4,Family on holiday,lp67286,Colombo Court Hotel & Spa,481449-RO-RFN,Suite,52144,Room Only,true,44,5,false,,1418,649,1,0,0,2026-08-20T00:41:00.688Z
50d1a606-b60f-4054-a668-4af6f361e2ff,t4,t4,Family on holiday,lp6f007,Clock Inn Colombo,1321691605-BI-RFN,Standard Double Room,13715,Breakfast Included,true,25,2,false,,1736,83,1,0,0,2026-08-20T00:41:00.890Z
b4b4cafe-a586-4eb4-9f6a-08bab5389d24,t4,t4,Family on holiday,lp65589ffb,MaRadha Colombo,8208286-BI-RFN,Standard Double Room,42521,Breakfast Included,true,27,2,false,,1680,52,1,0,0,2026-08-20T00:41:00.924Z
fe5ec673-703e-476e-8038-dd893feb4fea,t5,t5,Light sleeper,lp67708,Supun Arcade Residency,481434-BI-RFN,One-Bedroom Apartment with 15% Discount on Food & Beverage,24663,Breakfast Included,true,121,5,false,,1519,786,1,0,0,2026-08-20T00:41:02.084Z
298b17d8-0e0d-4314-bf3d-47ddcb4939ee,t5,t5,Light sleeper,lp6e625,Hotel Janaki,479119-BI-RFN,Deluxe Double Room,15319,Breakfast Included,true,14,2,false,,1543,793,1,0,0,2026-08-20T00:41:02.210Z
9415bb70-6027-428f-83a4-0da537478d0f,t5,t5,Light sleeper,lp6e625,Hotel Janaki,479119-BI-RFN,Deluxe Double Room,15319,Breakfast Included,true,14,2,false,,1614,26,1,0,0,2026-08-20T00:41:02.345Z
1b331501-ff92-4317-8575-dc256592ff25,t5,t5,Light sleeper,lp71118,CityRest Fort,1459617182-RO-RFN,Standard Double Room,11502,Room Only,true,,2,false,,1625,34,1,0,0,2026-08-20T00:41:02.596Z
3e7fcbfa-0678-46b3-8928-dd06d9541508,t5,t5,Light sleeper,lp6e625,Hotel Janaki,479119-BI-RFN,Deluxe Double Room,15319,Breakfast Included,true,14,2,false,,1604,22,1,0,0,2026-08-20T00:41:02.598Z
d3589942-d1de-498d-b868-f6903a8994fa,t5,t5,Light sleeper,lp67708,Supun Arcade Residency,481434-BI-RFN,One-Bedroom Apartment with 15% Discount on Food & Beverage,24663,Breakfast Included,true,121,5,false,,1644,28,1,0,0,2026-08-20T00:41:02.669Z
2659b4b3-46e7-4929-98f8-6f018cf836cb,t5,t5,Light sleeper,lp71118,CityRest Fort,497279-RO-RFN,Standard Twin Room,11502,Room Only,true,15,2,false,,1705,119,1,0,0,2026-08-20T00:41:03.074Z
b4b4cafe-a586-4eb4-9f6a-08bab5389d24,t5,t5,Light sleeper,lp67708,Supun Arcade Residency,481434-BI-RFN,One-Bedroom Apartment with 15% Discount on Food & Beverage,24663,Breakfast Included,true,121,5,false,,1742,123,1,0,0,2026-08-20T00:41:03.086Z
50d1a606-b60f-4054-a668-4af6f361e2ff,t5,t5,Light sleeper,lp6f007,Clock Inn Colombo,1321691606-BI-RFN,Family Quadruple Room,16763,Breakfast Included,true,25,2,false,,1685,115,1,0,0,2026-08-20T00:41:03.187Z
298b17d8-0e0d-4314-bf3d-47ddcb4939ee,t6,t6,Beach weekender,lp656d40c7,Sheraton Colombo Hotel,5289360-RO-RFN,Deluxe Twin Room with City View with 15% spa discount per room + 15% F&B discount per room + Early check in an,56627,Room Only,true,36,5,false,,1634,51,1,0,0,2026-08-20T00:41:04.320Z
fe5ec673-703e-476e-8038-dd893feb4fea,t6,t6,Beach weekender,lp40d3f,Global Towers Hotel & Apartments,476929-RO-RFN,Two-Bedroom Apartment with Sea View/City view,41030,Room Only,true,124,3,false,,1564,21,1,0,0,2026-08-20T00:41:04.348Z
9415bb70-6027-428f-83a4-0da537478d0f,t6,t6,Beach weekender,lp67708,Supun Arcade Residency,481434-BI-RFN,One-Bedroom Apartment with 15% Discount on Food & Beverage,24663,Breakfast Included,true,121,5,false,,1605,39,1,0,0,2026-08-20T00:41:04.431Z
3e7fcbfa-0678-46b3-8928-dd06d9541508,t6,t6,Beach weekender,lp40d3f,Global Towers Hotel & Apartments,476927-RO-RFN,Double or Twin Room,16041,Room Only,true,27,3,false,,1642,56,1,0,0,2026-08-20T00:41:04.630Z
1b331501-ff92-4317-8575-dc256592ff25,t6,t6,Beach weekender,lp6f007,Clock Inn Colombo,1321691606-BI-RFN,Family Quadruple Room,16763,Breakfast Included,true,25,2,false,,1627,44,1,0,0,2026-08-20T00:41:04.636Z
d3589942-d1de-498d-b868-f6903a8994fa,t6,t6,Beach weekender,lp76eba,Radisson Hotel Colombo,7559276-BI-RFN,Superior Room,36248,Breakfast Included,true,24,5,false,,1666,62,1,0,0,2026-08-20T00:41:04.711Z
2659b4b3-46e7-4929-98f8-6f018cf836cb,t6,t6,Beach weekender,lp67708,Supun Arcade Residency,481434-RO-RFN,One-Bedroom Apartment with 15% Discount on Food & Beverage,20768,Room Only,true,121,5,false,,1317,564,1,0,0,2026-08-20T00:41:04.837Z
50d1a606-b60f-4054-a668-4af6f361e2ff,t6,t6,Beach weekender,lp40d3f,Global Towers Hotel & Apartments,476927-RO-RFN,Double or Twin Room,16041,Room Only,true,27,3,false,,1491,702,1,0,0,2026-08-20T00:41:05.083Z
b4b4cafe-a586-4eb4-9f6a-08bab5389d24,t6,t6,Beach weekender,lp76eba,Radisson Hotel Colombo,7559276-BI-RFN,Superior Room,36248,Breakfast Included,true,24,5,false,,1680,21,1,0,0,2026-08-20T00:41:05.415Z
fe5ec673-703e-476e-8038-dd893feb4fea,t7,t7,Long-stay consultant,lp857b8,Zylan Colombo,481438-RO-RFN,Executive Room with Jacuzzi - 10% off on Food & Beverage,34557,Room Only,true,60,5,false,,2820,736,1,0,0,2026-08-20T00:41:07.523Z
9415bb70-6027-428f-83a4-0da537478d0f,t7,t7,Long-stay consultant,lp5f0e5,Paradise Road Tintagel Colombo,476937-RO-RFN,Executive Suite,96633,Room Only,true,32,2,false,,2765,142,1,0,0,2026-08-20T00:41:07.561Z
1b331501-ff92-4317-8575-dc256592ff25,t7,t7,Long-stay consultant,lp6f007,Clock Inn Colombo,1321691606-BI-RFN,Family Quadruple Room,16763,Breakfast Included,true,25,2,false,,2622,176,1,0,0,2026-08-20T00:41:07.614Z
3e7fcbfa-0678-46b3-8928-dd06d9541508,t7,t7,Long-stay consultant,lp5f0e5,Paradise Road Tintagel Colombo,476937-RO-RFN,Executive Suite,96633,Room Only,true,32,2,false,,2583,170,1,0,0,2026-08-20T00:41:07.843Z
d3589942-d1de-498d-b868-f6903a8994fa,t7,t7,Long-stay consultant,lp5f0e5,Paradise Road Tintagel Colombo,476937-RO-RFN,Executive Suite,96633,Room Only,true,32,2,false,,2749,142,1,0,0,2026-08-20T00:41:07.903Z
298b17d8-0e0d-4314-bf3d-47ddcb4939ee,t7,t7,Long-stay consultant,lp5f0e5,Paradise Road Tintagel Colombo,476937-BI-RFN,Executive Suite,105766,Breakfast Included,true,32,2,false,,3199,109,1,0,0,2026-08-20T00:41:07.918Z
2659b4b3-46e7-4929-98f8-6f018cf836cb,t7,t7,Long-stay consultant,lp6f007,Clock Inn Colombo,1321691606-BI-RFN,Family Quadruple Room,16763,Breakfast Included,true,25,2,false,,2596,131,1,0,0,2026-08-20T00:41:08.131Z
50d1a606-b60f-4054-a668-4af6f361e2ff,t7,t7,Long-stay consultant,lp6e625,Hotel Janaki,479121-BI-RFN,Deluxe Room with Pool View,15319,Breakfast Included,true,14,2,false,,2792,290,1,0,0,2026-08-20T00:41:08.695Z
b4b4cafe-a586-4eb4-9f6a-08bab5389d24,t7,t7,Long-stay consultant,lp857b8,Zylan Colombo,481438-RO-RFN,Executive Room with Jacuzzi - 10% off on Food & Beverage,34557,Room Only,true,60,5,false,,2624,111,1,0,0,2026-08-20T00:41:08.917Z
3e7fcbfa-0678-46b3-8928-dd06d9541508,t8,t8,Value-seeking couple,lp656d40c7,Sheraton Colombo Hotel,5289365-RO-RFN,Deluxe King Room with City View with 15% spa discount per room + 15% F&B discount per room + Early check in an,56627,Room Only,true,36,5,false,,967,118,1,0,0,2026-08-20T00:41:10.005Z
fe5ec673-703e-476e-8038-dd893feb4fea,t8,t8,Value-seeking couple,lp656d40c7,Sheraton Colombo Hotel,5289365-RO-RFN,Deluxe King Room with City View with 15% spa discount per room + 15% F&B discount per room + Early check in an,56627,Room Only,true,36,5,false,,1933,199,1,0,0,2026-08-20T00:41:10.016Z
2659b4b3-46e7-4929-98f8-6f018cf836cb,t8,t8,Value-seeking couple,lp6574b103,"Amari Colombo, Sri Lanka",844832-RO-RFN,Superior City View King,46259,Room Only,true,29,5,false,,1504,658,1,0,0,2026-08-20T00:41:10.117Z
d3589942-d1de-498d-b868-f6903a8994fa,t8,t8,Value-seeking couple,lp6557c6e0,Granbell Hotel Colombo,1459818931-RO-NRF,Superior Twin Room with City View,29667,Room Only,false,0,3,false,,1641,804,1,0,0,2026-08-20T00:41:10.126Z
1b331501-ff92-4317-8575-dc256592ff25,t8,t8,Value-seeking couple,lp71118,CityRest Fort,497279-RO-RFN,Standard Twin Room,11502,Room Only,true,15,2,false,,1940,197,1,0,0,2026-08-20T00:41:10.235Z
298b17d8-0e0d-4314-bf3d-47ddcb4939ee,t8,t8,Value-seeking couple,lp5f0e5,Paradise Road Tintagel Colombo,476937-RO-RFN,Executive Suite,96633,Room Only,true,32,2,false,,1755,71,1,0,0,2026-08-20T00:41:10.349Z
b4b4cafe-a586-4eb4-9f6a-08bab5389d24,t8,t8,Value-seeking couple,lp6557c6e0,Granbell Hotel Colombo,4368098-RO-NRF,Superior Double City View,28807,Room Only,false,27,3,false,,1468,668,1,0,0,2026-08-20T00:41:11.100Z
50d1a606-b60f-4054-a668-4af6f361e2ff,t8,t8,Value-seeking couple,lp6f007,Clock Inn Colombo,1321691606-BI-RFN,Family Quadruple Room,16763,Breakfast Included,true,25,2,false,,1770,130,1,0,0,2026-08-20T00:41:11.385Z
3e7fcbfa-0678-46b3-8928-dd06d9541508,t9,t9,Remote worker,lp40d3f,Global Towers Hotel & Apartments,476927-RO-RFN,Double or Twin Room,16041,Room Only,true,27,3,false,,1666,58,1,0,0,2026-08-20T00:41:12.109Z
fe5ec673-703e-476e-8038-dd893feb4fea,t9,t9,Remote worker,lp40d3f,Global Towers Hotel & Apartments,476929-RO-RFN,Two-Bedroom Apartment with Sea View/City view,41030,Room Only,true,124,3,false,,1632,30,1,0,0,2026-08-20T00:41:12.115Z
1b331501-ff92-4317-8575-dc256592ff25,t9,t9,Remote worker,lp40d3f,Global Towers Hotel & Apartments,476929-RO-RFN,Two-Bedroom Apartment with Sea View/City view,41030,Room Only,true,124,3,false,,1434,666,1,0,0,2026-08-20T00:41:12.153Z
2659b4b3-46e7-4929-98f8-6f018cf836cb,t9,t9,Remote worker,lp71118,CityRest Fort,497279-RO-RFN,Standard Twin Room,11502,Room Only,true,15,2,false,,1739,78,1,0,0,2026-08-20T00:41:12.321Z
d3589942-d1de-498d-b868-f6903a8994fa,t9,t9,Remote worker,lp7c172,Mirage Colombo,487132-BI-RFN,Standard Double Room,24581,Breakfast Included,true,27,5,false,,1660,17,1,0,0,2026-08-20T00:41:12.359Z
298b17d8-0e0d-4314-bf3d-47ddcb4939ee,t9,t9,Remote worker,lp40d3f,Global Towers Hotel & Apartments,476927-RO-RFN,Double or Twin Room,16041,Room Only,true,27,3,false,,1490,705,1,0,0,2026-08-20T00:41:12.514Z
b4b4cafe-a586-4eb4-9f6a-08bab5389d24,t9,t9,Remote worker,lp67708,Supun Arcade Residency,481434-RO-RFN,One-Bedroom Apartment with 15% Discount on Food & Beverage,20768,Room Only,true,121,5,false,,1497,710,1,0,0,2026-08-20T00:41:12.958Z
50d1a606-b60f-4054-a668-4af6f361e2ff,t9,t9,Remote worker,lp67708,Supun Arcade Residency,481434-RO-RFN,One-Bedroom Apartment with 15% Discount on Food & Beverage,20768,Room Only,true,121,5,false,,1151,366,1,0,0,2026-08-20T00:41:13.245Z
fe5ec673-703e-476e-8038-dd893feb4fea,t10,t10,Business traveller,lp72a36,Best Western Elyon Colombo,1459894716-RO-RFN,"Deluxe Room, 2 Twin Beds, Non Smoking",19568,Room Only,true,,3,false,,1680,72,1,0,0,2026-08-20T00:41:14.217Z
3e7fcbfa-0678-46b3-8928-dd06d9541508,t10,t10,Business traveller,lp857b8,Zylan Colombo,1461137737-RO-RFN,Deluxe Triple Room,35761,Room Only,true,32,5,false,,1744,92,1,0,0,2026-08-20T00:41:14.288Z
1b331501-ff92-4317-8575-dc256592ff25,t10,t10,Business traveller,lp6f007,Clock Inn Colombo,1321691606-BI-RFN,Family Quadruple Room,16763,Breakfast Included,true,25,2,false,,1736,74,1,0,0,2026-08-20T00:41:14.323Z
298b17d8-0e0d-4314-bf3d-47ddcb4939ee,t10,t10,Business traveller,lp857b8,Zylan Colombo,1461137737-RO-RFN,Deluxe Triple Room,35761,Room Only,true,32,5,false,,1515,730,1,0,0,2026-08-20T00:41:14.409Z
2659b4b3-46e7-4929-98f8-6f018cf836cb,t10,t10,Business traveller,lp72a36,Best Western Elyon Colombo,1459894716-RO-RFN,"Deluxe Room, 2 Twin Beds, Non Smoking",19568,Room Only,true,,3,false,,1210,392,1,0,0,2026-08-20T00:41:14.500Z
d3589942-d1de-498d-b868-f6903a8994fa,t10,t10,Business traveller,lpc0df6,Fern Colombo,4237595-RO-RFN,King Room,16245,Room Only,true,25,2,false,,1292,475,1,0,0,2026-08-20T00:41:14.520Z
b4b4cafe-a586-4eb4-9f6a-08bab5389d24,t10,t10,Business traveller,lp857b8,Zylan Colombo,1461137737-RO-RFN,Deluxe Triple Room,35761,Room Only,true,32,5,false,,906,71,1,0,0,2026-08-20T00:41:15.283Z
50d1a606-b60f-4054-a668-4af6f361e2ff,t10,t10,Business traveller,lp857b8,Zylan Colombo,481438-RO-RFN,Executive Room with Jacuzzi - 10% off on Food & Beverage,34557,Room Only,true,60,5,false,,1564,757,1,0,0,2026-08-20T00:41:15.498Z
fe5ec673-703e-476e-8038-dd893feb4fea,t_attn,t_attn,Attention check,lp655a9e91,Zest Metropole,4358364-RO-RFN,Deluxe Double Room,21223,Room Only,true,20,5,true,false,1705,70,1,0,0,2026-08-20T00:41:16.497Z
3e7fcbfa-0678-46b3-8928-dd06d9541508,t_attn,t_attn,Attention check,lp655a9e91,Zest Metropole,4358364-RO-RFN,Deluxe Double Room,21223,Room Only,true,20,5,true,false,1208,359,1,0,0,2026-08-20T00:41:16.549Z
1b331501-ff92-4317-8575-dc256592ff25,t_attn,t_attn,Attention check,lp6e625,Hotel Janaki,479121-BI-RFN,Deluxe Room with Pool View,15319,Breakfast Included,true,14,2,true,false,1717,39,1,0,0,2026-08-20T00:41:16.569Z
298b17d8-0e0d-4314-bf3d-47ddcb4939ee,t_attn,t_attn,Attention check,lp81760,The Steuart by Citrus,1459938501-RO-NRF,"Premium Room, City View - Early check-in or late check-out subject to availability",22604,Room Only,false,123,5,true,false,1341,446,1,0,0,2026-08-20T00:41:16.726Z
d3589942-d1de-498d-b868-f6903a8994fa,t_attn,t_attn,Attention check,lpb1537,Shangri-La Colombo,2416743-RO-NRF,Deluxe Lake View Twin,68781,Room Only,false,42,5,true,true,1778,118,1,0,0,2026-08-20T00:41:16.831Z
2659b4b3-46e7-4929-98f8-6f018cf836cb,t_attn,t_attn,Attention check,lp6e625,Hotel Janaki,479119-BI-RFN,Deluxe Double Room,15319,Breakfast Included,true,14,2,true,false,1765,139,1,0,0,2026-08-20T00:41:16.935Z
50d1a606-b60f-4054-a668-4af6f361e2ff,t_attn,t_attn,Attention check,lp81760,The Steuart by Citrus,1459938501-BI-NRF,"Premium Room, City View - Early check-in or late check-out subject to availability",25519,Breakfast Included,false,123,5,true,false,1365,597,1,0,0,2026-08-20T00:41:17.582Z
b4b4cafe-a586-4eb4-9f6a-08bab5389d24,t_attn,t_attn,Attention check,lp81760,The Steuart by Citrus,1459938501-BI-NRF,"Premium Room, City View - Early check-in or late check-out subject to availability",25519,Breakfast Included,false,123,5,true,false,1743,134,1,0,0,2026-08-20T00:41:17.807Z
f34b8e4a-45b8-4753-ac18-67671dd0f36f,t1,t1,Evening walker,lp3e58e,The Kingsbury Colombo,479092-BI-RFN,Superior Room,37797,Breakfast Included,true,23,2,false,,2242,519,1,0,0,2026-08-20T00:41:45.099Z
1204e8ed-2cd1-4ee2-bc0d-e7ec142f0d26,t1,t1,Evening walker,lpb1537,Shangri-La Colombo,2416743-RO-NRF,Deluxe Lake View Twin,68781,Room Only,false,42,5,false,,2242,518,1,0,0,2026-08-20T00:41:45.101Z
e8f10ca2-2092-4423-b5ac-95b47490bd9c,t1,t1,Evening walker,lp3e58e,The Kingsbury Colombo,479092-RO-RFN,Superior Room,37025,Room Only,true,23,2,false,,2259,520,1,0,0,2026-08-20T00:41:45.107Z
6d22d6e8-b4bd-4807-bc49-d881476cd2fa,t1,t1,Evening walker,lp3e58e,The Kingsbury Colombo,479092-BI-RFN,Superior Room,37797,Breakfast Included,true,23,2,false,,2136,522,1,0,0,2026-08-20T00:41:45.120Z
8d8e6ec7-08e3-43fc-b5b5-1e5ca126ac3f,t1,t1,Evening walker,lp5f0e5,Paradise Road Tintagel Colombo,476937-BI-RFN,Executive Suite,105766,Breakfast Included,true,32,2,false,,2262,523,1,0,0,2026-08-20T00:41:45.175Z
2369719c-a47d-4c46-8221-7415c5e4f121,t1,t1,Evening walker,lp6f007,Clock Inn Colombo,1321691605-BI-RFN,Standard Double Room,13715,Breakfast Included,true,25,2,false,,2270,530,1,0,0,2026-08-20T00:41:45.179Z
5075fcf2-7156-47de-abb1-ddb0ad669d2e,t1,t1,Evening walker,lp656d40c7,Sheraton Colombo Hotel,5289365-RO-RFN,Deluxe King Room with City View with 15% spa discount per room + 15% F&B discount per room + Early check in an,56627,Room Only,true,36,5,false,,2147,511,1,0,0,2026-08-20T00:41:45.792Z
bce61c24-2404-40d3-b40c-67efee431588,t1,t1,Evening walker,lpb1537,Shangri-La Colombo,2416743-RO-NRF,Deluxe Lake View Twin,68781,Room Only,false,42,5,false,,2140,507,1,0,0,2026-08-20T00:41:45.844Z
131610f4-8e2e-480f-9553-dd6f86700326,t1,t1,Evening walker,lp71118,CityRest Fort,1459617182-RO-RFN,Standard Double Room,11502,Room Only,true,,2,false,,2253,522,1,0,0,2026-08-20T00:41:46.062Z
5c679c9a-9fa2-4ccc-859d-f53af806d984,t1,t1,Evening walker,lpb1537,Shangri-La Colombo,2416743-RO-NRF,Deluxe Lake View Twin,68781,Room Only,false,42,5,false,,2208,515,1,0,0,2026-08-20T00:41:46.332Z
f34b8e4a-45b8-4753-ac18-67671dd0f36f,t2,t2,Business traveller,lpc0df6,Fern Colombo,4237597-RO-RFN,Deluxe Twin Room,16245,Room Only,true,25,2,false,,1653,65,1,0,0,2026-08-20T00:41:47.144Z
1204e8ed-2cd1-4ee2-bc0d-e7ec142f0d26,t2,t2,Business traveller,lp5f0e5,Paradise Road Tintagel Colombo,476937-BI-RFN,Executive Suite,105766,Breakfast Included,true,32,2,false,,1667,70,1,0,0,2026-08-20T00:41:47.174Z
e8f10ca2-2092-4423-b5ac-95b47490bd9c,t2,t2,Business traveller,lpc0df6,Fern Colombo,4237597-RO-RFN,Deluxe Twin Room,16245,Room Only,true,25,2,false,,1687,68,1,0,0,2026-08-20T00:41:47.225Z
8d8e6ec7-08e3-43fc-b5b5-1e5ca126ac3f,t2,t2,Business traveller,lp857b8,Zylan Colombo,1461137737-RO-RFN,Deluxe Triple Room,35761,Room Only,true,32,5,false,,1125,326,1,0,0,2026-08-20T00:41:47.367Z
2369719c-a47d-4c46-8221-7415c5e4f121,t2,t2,Business traveller,lp857b8,Zylan Colombo,481438-RO-RFN,Executive Room with Jacuzzi - 10% off on Food & Beverage,34557,Room Only,true,60,5,false,,1262,476,1,0,0,2026-08-20T00:41:47.562Z
6d22d6e8-b4bd-4807-bc49-d881476cd2fa,t2,t2,Business traveller,lp72a36,Best Western Elyon Colombo,1459894716-RO-RFN,"Deluxe Room, 2 Twin Beds, Non Smoking",19568,Room Only,true,,3,false,,1416,664,1,0,0,2026-08-20T00:41:47.612Z
5075fcf2-7156-47de-abb1-ddb0ad669d2e,t2,t2,Business traveller,lpb1537,Shangri-La Colombo,2416743-RO-NRF,Deluxe Lake View Twin,68781,Room Only,false,42,5,false,,1635,35,1,0,0,2026-08-20T00:41:47.952Z
bce61c24-2404-40d3-b40c-67efee431588,t2,t2,Business traveller,lpc0df6,Fern Colombo,4237595-RO-RFN,King Room,16245,Room Only,true,25,2,false,,1590,822,1,0,0,2026-08-20T00:41:47.954Z
131610f4-8e2e-480f-9553-dd6f86700326,t2,t2,Business traveller,lp71118,CityRest Fort,1459617182-RO-RFN,Standard Double Room,11502,Room Only,true,,2,false,,1639,35,1,0,0,2026-08-20T00:41:48.393Z
6d22d6e8-b4bd-4807-bc49-d881476cd2fa,t3,t3,Self-funded worker,lp9855f,Fairway Colombo - Sri Lanka's First Hotel With Robot Technology,1459638294-BI-RFN,Superior Balcony Room,32800,Breakfast Included,true,31,5,false,,983,231,1,0,0,2026-08-20T00:41:49.137Z
f34b8e4a-45b8-4753-ac18-67671dd0f36f,t3,t3,Self-funded worker,lp81760,The Steuart by Citrus,1459938501-BI-NRF,"Premium Room, City View - Early check-in or late check-out subject to availability",25519,Breakfast Included,false,123,5,false,,1447,679,1,0,0,2026-08-20T00:41:49.302Z
2369719c-a47d-4c46-8221-7415c5e4f121,t3,t3,Self-funded worker,lp9855f,Fairway Colombo - Sri Lanka's First Hotel With Robot Technology,1459638294-BI-RFN,Superior Balcony Room,32800,Breakfast Included,true,31,5,false,,889,156,1,0,0,2026-08-20T00:41:49.378Z
e8f10ca2-2092-4423-b5ac-95b47490bd9c,t3,t3,Self-funded worker,lp655a9e91,Zest Metropole,4358364-BI-RFN,Deluxe Double Room,26743,Breakfast Included,true,20,5,false,,1445,664,1,0,0,2026-08-20T00:41:49.380Z
8d8e6ec7-08e3-43fc-b5b5-1e5ca126ac3f,t3,t3,Self-funded worker,lp655a9e91,Zest Metropole,4358364-RO-RFN,Deluxe Double Room,21223,Room Only,true,20,5,false,,1435,684,1,0,0,2026-08-20T00:41:49.394Z
1204e8ed-2cd1-4ee2-bc0d-e7ec142f0d26,t3,t3,Self-funded worker,lp655a9e91,Zest Metropole,4358364-BI-RFN,Deluxe Double Room,26743,Breakfast Included,true,20,5,false,,1370,587,1,0,0,2026-08-20T00:41:49.533Z
5075fcf2-7156-47de-abb1-ddb0ad669d2e,t3,t3,Self-funded worker,lp655a9e91,Zest Metropole,4358364-BI-RFN,Deluxe Double Room,26743,Breakfast Included,true,20,5,false,,1530,739,1,0,0,2026-08-20T00:41:50.005Z
bce61c24-2404-40d3-b40c-67efee431588,t3,t3,Self-funded worker,lp655a9e91,Zest Metropole,4358364-BI-RFN,Deluxe Double Room,26743,Breakfast Included,true,20,5,false,,1518,728,1,0,0,2026-08-20T00:41:50.019Z
131610f4-8e2e-480f-9553-dd6f86700326,t3,t3,Self-funded worker,lp81760,The Steuart by Citrus,1459938501-RO-NRF,"Premium Room, City View - Early check-in or late check-out subject to availability",22604,Room Only,false,123,5,false,,1346,575,1,0,0,2026-08-20T00:41:50.261Z
6d22d6e8-b4bd-4807-bc49-d881476cd2fa,t4,t4,Family on holiday,lp76eba,Radisson Hotel Colombo,7559276-RO-RFN,Superior Room,27402,Room Only,true,24,5,false,,1538,766,1,0,0,2026-08-20T00:41:51.244Z
f34b8e4a-45b8-4753-ac18-67671dd0f36f,t4,t4,Family on holiday,lp76eba,Radisson Hotel Colombo,7559276-RO-RFN,Superior Room,27402,Room Only,true,24,5,false,,1336,570,1,0,0,2026-08-20T00:41:51.481Z
e8f10ca2-2092-4423-b5ac-95b47490bd9c,t4,t4,Family on holiday,lp65589ffb,MaRadha Colombo,8208286-RO-RFN,Standard Double Room,35408,Room Only,true,27,2,false,,1188,438,1,0,0,2026-08-20T00:41:51.491Z
1204e8ed-2cd1-4ee2-bc0d-e7ec142f0d26,t4,t4,Family on holiday,lp76eba,Radisson Hotel Colombo,7559276-RO-RFN,Superior Room,27402,Room Only,true,24,5,false,,1557,760,1,0,0,2026-08-20T00:41:51.543Z
8d8e6ec7-08e3-43fc-b5b5-1e5ca126ac3f,t4,t4,Family on holiday,lpb1537,Shangri-La Colombo,2416733-RO-NRF,Deluxe Lake View King,68781,Room Only,false,42,5,false,,1739,133,1,0,0,2026-08-20T00:41:51.601Z
2369719c-a47d-4c46-8221-7415c5e4f121,t4,t4,Family on holiday,lp76eba,Radisson Hotel Colombo,7559276-RO-RFN,Superior Room,27402,Room Only,true,24,5,false,,1058,276,1,0,0,2026-08-20T00:41:51.611Z
bce61c24-2404-40d3-b40c-67efee431588,t4,t4,Family on holiday,lp65589ffb,MaRadha Colombo,8208286-RO-RFN,Standard Double Room,35408,Room Only,true,27,2,false,,1662,78,1,0,0,2026-08-20T00:41:52.106Z
131610f4-8e2e-480f-9553-dd6f86700326,t4,t4,Family on holiday,lp6e625,Hotel Janaki,479121-BI-RFN,Deluxe Room with Pool View,15319,Breakfast Included,true,14,2,false,,1661,97,1,0,0,2026-08-20T00:41:52.312Z
5075fcf2-7156-47de-abb1-ddb0ad669d2e,t4,t4,Family on holiday,lp5f0e5,Paradise Road Tintagel Colombo,476937-RO-RFN,Executive Suite,96633,Room Only,true,32,2,false,,1691,106,1,0,0,2026-08-20T00:41:52.323Z
6d22d6e8-b4bd-4807-bc49-d881476cd2fa,t5,t5,Light sleeper,lp72a36,Best Western Elyon Colombo,1459894716-RO-RFN,"Deluxe Room, 2 Twin Beds, Non Smoking",19568,Room Only,true,,3,false,,1664,70,1,0,0,2026-08-20T00:41:53.334Z
f34b8e4a-45b8-4753-ac18-67671dd0f36f,t5,t5,Light sleeper,lp6e625,Hotel Janaki,479119-BI-RFN,Deluxe Double Room,15319,Breakfast Included,true,14,2,false,,1568,803,1,0,0,2026-08-20T00:41:53.557Z
e8f10ca2-2092-4423-b5ac-95b47490bd9c,t5,t5,Light sleeper,lp67708,Supun Arcade Residency,481434-RO-RFN,One-Bedroom Apartment with 15% Discount on Food & Beverage,20768,Room Only,true,121,5,false,,1599,11,1,0,0,2026-08-20T00:41:53.575Z
2369719c-a47d-4c46-8221-7415c5e4f121,t5,t5,Light sleeper,lp6e625,Hotel Janaki,479121-BI-RFN,Deluxe Room with Pool View,15319,Breakfast Included,true,14,2,false,,1280,496,1,0,0,2026-08-20T00:41:53.674Z
1204e8ed-2cd1-4ee2-bc0d-e7ec142f0d26,t5,t5,Light sleeper,lp6e625,Hotel Janaki,479119-BI-RFN,Deluxe Double Room,15319,Breakfast Included,true,14,2,false,,1568,804,1,0,0,2026-08-20T00:41:53.818Z
8d8e6ec7-08e3-43fc-b5b5-1e5ca126ac3f,t5,t5,Light sleeper,lp67708,Supun Arcade Residency,481434-RO-RFN,One-Bedroom Apartment with 15% Discount on Food & Beverage,20768,Room Only,true,121,5,false,,1274,473,1,0,0,2026-08-20T00:41:53.953Z
5075fcf2-7156-47de-abb1-ddb0ad669d2e,t5,t5,Light sleeper,lp72a36,Best Western Elyon Colombo,513432-RO-RFN,Deluxe King Room,19568,Room Only,true,24,3,false,,1508,735,1,0,0,2026-08-20T00:41:54.263Z
bce61c24-2404-40d3-b40c-67efee431588,t5,t5,Light sleeper,lp72a36,Best Western Elyon Colombo,513432-RO-RFN,Deluxe King Room,19568,Room Only,true,24,3,false,,1751,155,1,0,0,2026-08-20T00:41:54.269Z
131610f4-8e2e-480f-9553-dd6f86700326,t5,t5,Light sleeper,lp6e625,Hotel Janaki,479119-BI-RFN,Deluxe Double Room,15319,Breakfast Included,true,14,2,false,,1671,85,1,0,0,2026-08-20T00:41:54.425Z
6d22d6e8-b4bd-4807-bc49-d881476cd2fa,t6,t6,Beach weekender,lp76eba,Radisson Hotel Colombo,7559276-RO-RFN,Superior Room,27402,Room Only,true,24,5,false,,1942,174,1,0,0,2026-08-20T00:41:55.663Z
e8f10ca2-2092-4423-b5ac-95b47490bd9c,t6,t6,Beach weekender,lp40d3f,Global Towers Hotel & Apartments,476929-RO-RFN,Two-Bedroom Apartment with Sea View/City view,41030,Room Only,true,124,3,false,,1776,87,1,0,0,2026-08-20T00:41:55.800Z
f34b8e4a-45b8-4753-ac18-67671dd0f36f,t6,t6,Beach weekender,lp67708,Supun Arcade Residency,481434-BI-RFN,One-Bedroom Apartment with 15% Discount on Food & Beverage,24663,Breakfast Included,true,121,5,false,,1791,79,1,0,0,2026-08-20T00:41:55.800Z
1204e8ed-2cd1-4ee2-bc0d-e7ec142f0d26,t6,t6,Beach weekender,lp40d3f,Global Towers Hotel & Apartments,476929-RO-RFN,Two-Bedroom Apartment with Sea View/City view,41030,Room Only,true,124,3,false,,1212,395,1,0,0,2026-08-20T00:41:55.817Z
2369719c-a47d-4c46-8221-7415c5e4f121,t6,t6,Beach weekender,lp6f007,Clock Inn Colombo,1321691606-BI-RFN,Family Quadruple Room,16763,Breakfast Included,true,25,2,false,,1739,66,1,0,0,2026-08-20T00:41:55.915Z
8d8e6ec7-08e3-43fc-b5b5-1e5ca126ac3f,t6,t6,Beach weekender,lp67708,Supun Arcade Residency,481434-RO-RFN,One-Bedroom Apartment with 15% Discount on Food & Beverage,20768,Room Only,true,121,5,false,,1508,675,1,0,0,2026-08-20T00:41:55.927Z
bce61c24-2404-40d3-b40c-67efee431588,t6,t6,Beach weekender,lp40d3f,Global Towers Hotel & Apartments,476929-RO-RFN,Two-Bedroom Apartment with Sea View/City view,41030,Room Only,true,124,3,false,,1880,122,1,0,0,2026-08-20T00:41:56.547Z
131610f4-8e2e-480f-9553-dd6f86700326,t6,t6,Beach weekender,lp6f007,Clock Inn Colombo,1321691605-BI-RFN,Standard Double Room,13715,Breakfast Included,true,25,2,false,,1821,96,1,0,0,2026-08-20T00:41:56.657Z
5075fcf2-7156-47de-abb1-ddb0ad669d2e,t6,t6,Beach weekender,lpb1537,Shangri-La Colombo,2416733-RO-NRF,Deluxe Lake View King,68781,Room Only,false,42,5,false,,2003,125,1,0,0,2026-08-20T00:41:56.887Z
6d22d6e8-b4bd-4807-bc49-d881476cd2fa,t7,t7,Long-stay consultant,lp857b8,Zylan Colombo,1461137737-RO-RFN,Deluxe Triple Room,35761,Room Only,true,32,5,false,,1741,142,1,0,0,2026-08-20T00:41:57.842Z
f34b8e4a-45b8-4753-ac18-67671dd0f36f,t7,t7,Long-stay consultant,lpc0df6,Fern Colombo,4237595-RO-RFN,King Room,16245,Room Only,true,25,2,false,,1629,23,1,0,0,2026-08-20T00:41:57.962Z
1204e8ed-2cd1-4ee2-bc0d-e7ec142f0d26,t7,t7,Long-stay consultant,lp5f0e5,Paradise Road Tintagel Colombo,476937-BI-RFN,Executive Suite,105766,Breakfast Included,true,32,2,false,,1683,43,1,0,0,2026-08-20T00:41:57.974Z
e8f10ca2-2092-4423-b5ac-95b47490bd9c,t7,t7,Long-stay consultant,lpc0df6,Fern Colombo,4237597-RO-RFN,Deluxe Twin Room,16245,Room Only,true,25,2,false,,1773,157,1,0,0,2026-08-20T00:41:57.975Z
2369719c-a47d-4c46-8221-7415c5e4f121,t7,t7,Long-stay consultant,lp857b8,Zylan Colombo,481438-RO-RFN,Executive Room with Jacuzzi - 10% off on Food & Beverage,34557,Room Only,true,60,5,false,,1249,452,1,0,0,2026-08-20T00:41:58.154Z
8d8e6ec7-08e3-43fc-b5b5-1e5ca126ac3f,t7,t7,Long-stay consultant,lp656d40c7,Sheraton Colombo Hotel,5289365-RO-RFN,Deluxe King Room with City View with 15% spa discount per room + 15% F&B discount per room + Early check in an,56627,Room Only,true,36,5,false,,1675,67,1,0,0,2026-08-20T00:41:58.670Z
bce61c24-2404-40d3-b40c-67efee431588,t7,t7,Long-stay consultant,lpc0df6,Fern Colombo,4237597-RO-RFN,Deluxe Twin Room,16245,Room Only,true,25,2,false,,1762,83,1,0,0,2026-08-20T00:41:58.781Z
131610f4-8e2e-480f-9553-dd6f86700326,t7,t7,Long-stay consultant,lp6f007,Clock Inn Colombo,1321691606-BI-RFN,Family Quadruple Room,16763,Breakfast Included,true,25,2,false,,2021,116,1,0,0,2026-08-20T00:41:59.092Z
5075fcf2-7156-47de-abb1-ddb0ad669d2e,t7,t7,Long-stay consultant,lp857b8,Zylan Colombo,1461137737-RO-RFN,Deluxe Triple Room,35761,Room Only,true,32,5,false,,1708,586,1,0,0,2026-08-20T00:41:59.361Z
6d22d6e8-b4bd-4807-bc49-d881476cd2fa,t8,t8,Value-seeking couple,lp656d40c7,Sheraton Colombo Hotel,5289360-RO-RFN,Deluxe Twin Room with City View with 15% spa discount per room + 15% F&B discount per room + Early check in an,56627,Room Only,true,36,5,false,,2027,507,1,0,0,2026-08-20T00:42:00.766Z
1204e8ed-2cd1-4ee2-bc0d-e7ec142f0d26,t8,t8,Value-seeking couple,lpb1537,Shangri-La Colombo,2416743-RO-NRF,Deluxe Lake View Twin,68781,Room Only,false,42,5,false,,2716,190,1,0,0,2026-08-20T00:42:01.076Z
8d8e6ec7-08e3-43fc-b5b5-1e5ca126ac3f,t8,t8,Value-seeking couple,lp656d40c7,Sheraton Colombo Hotel,5289360-RO-RFN,Deluxe Twin Room with City View with 15% spa discount per room + 15% F&B discount per room + Early check in an,56627,Room Only,true,36,5,false,,2009,792,1,0,0,2026-08-20T00:42:01.092Z
f34b8e4a-45b8-4753-ac18-67671dd0f36f,t8,t8,Value-seeking couple,lp656d40c7,Sheraton Colombo Hotel,5289365-RO-RFN,Deluxe King Room with City View with 15% spa discount per room + 15% F&B discount per room + Early check in an,56627,Room Only,true,36,5,false,,2774,206,1,0,0,2026-08-20T00:42:01.142Z
e8f10ca2-2092-4423-b5ac-95b47490bd9c,t8,t8,Value-seeking couple,lp656d3aa9,Sofia Colombo City Hotel,5336222-RO-RFN,Deluxe Twin Room with Sea View,27990,Room Only,true,21,3,false,,2739,174,1,0,0,2026-08-20T00:42:01.166Z
2369719c-a47d-4c46-8221-7415c5e4f121,t8,t8,Value-seeking couple,lp71118,CityRest Fort,497279-RO-RFN,Standard Twin Room,11502,Room Only,true,15,2,false,,2557,120,1,0,0,2026-08-20T00:42:01.297Z
5075fcf2-7156-47de-abb1-ddb0ad669d2e,t8,t8,Value-seeking couple,lp5f0e5,Paradise Road Tintagel Colombo,476937-BI-RFN,Executive Suite,105766,Breakfast Included,true,32,2,false,,2015,17,1,0,0,2026-08-20T00:42:01.869Z
bce61c24-2404-40d3-b40c-67efee431588,t8,t8,Value-seeking couple,lp656d3aa9,Sofia Colombo City Hotel,5336222-RO-RFN,Deluxe Twin Room with Sea View,27990,Room Only,true,21,3,false,,2103,53,1,0,0,2026-08-20T00:42:01.874Z
131610f4-8e2e-480f-9553-dd6f86700326,t8,t8,Value-seeking couple,lp6e625,Hotel Janaki,479119-BI-RFN,Deluxe Double Room,15319,Breakfast Included,true,14,2,false,,2097,65,1,0,0,2026-08-20T00:42:02.092Z
6d22d6e8-b4bd-4807-bc49-d881476cd2fa,t9,t9,Remote worker,lp76eba,Radisson Hotel Colombo,7559276-RO-RFN,Superior Room,27402,Room Only,true,24,5,false,,1840,109,1,0,0,2026-08-20T00:42:03.062Z
1204e8ed-2cd1-4ee2-bc0d-e7ec142f0d26,t9,t9,Remote worker,lp5f0e5,Paradise Road Tintagel Colombo,476937-BI-RFN,Executive Suite,105766,Breakfast Included,true,32,2,false,,1811,149,1,0,0,2026-08-20T00:42:03.297Z
f34b8e4a-45b8-4753-ac18-67671dd0f36f,t9,t9,Remote worker,lp40d3f,Global Towers Hotel & Apartments,476929-RO-RFN,Two-Bedroom Apartment with Sea View/City view,41030,Room Only,true,124,3,false,,1879,95,1,0,0,2026-08-20T00:42:03.410Z
e8f10ca2-2092-4423-b5ac-95b47490bd9c,t9,t9,Remote worker,lp76eba,Radisson Hotel Colombo,7559276-BI-RFN,Superior Room,36248,Breakfast Included,true,24,5,false,,1859,86,1,0,0,2026-08-20T00:42:03.412Z
8d8e6ec7-08e3-43fc-b5b5-1e5ca126ac3f,t9,t9,Remote worker,lpb1537,Shangri-La Colombo,2416733-RO-NRF,Deluxe Lake View King,68781,Room Only,false,42,5,false,,1923,123,1,0,0,2026-08-20T00:42:03.419Z
2369719c-a47d-4c46-8221-7415c5e4f121,t9,t9,Remote worker,lp67708,Supun Arcade Residency,481434-RO-RFN,One-Bedroom Apartment with 15% Discount on Food & Beverage,20768,Room Only,true,121,5,false,,1712,783,1,0,0,2026-08-20T00:42:03.627Z
131610f4-8e2e-480f-9553-dd6f86700326,t9,t9,Remote worker,lp40d3f,Global Towers Hotel & Apartments,476927-RO-RFN,Double or Twin Room,16041,Room Only,true,27,3,false,,1549,731,1,0,0,2026-08-20T00:42:04.051Z
5075fcf2-7156-47de-abb1-ddb0ad669d2e,t9,t9,Remote worker,lp656d40c7,Sheraton Colombo Hotel,5289365-RO-RFN,Deluxe King Room with City View with 15% spa discount per room + 15% F&B discount per room + Early check in an,56627,Room Only,true,36,5,false,,1839,132,1,0,0,2026-08-20T00:42:04.087Z
bce61c24-2404-40d3-b40c-67efee431588,t9,t9,Remote worker,lp76eba,Radisson Hotel Colombo,7559276-RO-RFN,Superior Room,27402,Room Only,true,24,5,false,,1826,119,1,0,0,2026-08-20T00:42:04.094Z
6d22d6e8-b4bd-4807-bc49-d881476cd2fa,t10,t10,Business traveller,lp5f0e5,Paradise Road Tintagel Colombo,476937-RO-RFN,Executive Suite,96633,Room Only,true,32,2,false,,1727,114,1,0,0,2026-08-20T00:42:05.213Z
1204e8ed-2cd1-4ee2-bc0d-e7ec142f0d26,t10,t10,Business traveller,lp5f0e5,Paradise Road Tintagel Colombo,476937-RO-RFN,Executive Suite,96633,Room Only,true,32,2,false,,1734,125,1,0,0,2026-08-20T00:42:05.426Z
2369719c-a47d-4c46-8221-7415c5e4f121,t10,t10,Business traveller,lpc0df6,Fern Colombo,4237597-RO-RFN,Deluxe Twin Room,16245,Room Only,true,25,2,false,,1558,794,1,0,0,2026-08-20T00:42:05.643Z
e8f10ca2-2092-4423-b5ac-95b47490bd9c,t10,t10,Business traveller,lp5f0e5,Paradise Road Tintagel Colombo,476937-RO-RFN,Executive Suite,96633,Room Only,true,32,2,false,,1817,193,1,0,0,2026-08-20T00:42:05.734Z
f34b8e4a-45b8-4753-ac18-67671dd0f36f,t10,t10,Business traveller,lp857b8,Zylan Colombo,481438-RO-RFN,Executive Room with Jacuzzi - 10% off on Food & Beverage,34557,Room Only,true,60,5,false,,1754,128,1,0,0,2026-08-20T00:42:05.851Z
8d8e6ec7-08e3-43fc-b5b5-1e5ca126ac3f,t10,t10,Business traveller,lp5f0e5,Paradise Road Tintagel Colombo,476937-BI-RFN,Executive Suite,105766,Breakfast Included,true,32,2,false,,1718,96,1,0,0,2026-08-20T00:42:06.173Z
bce61c24-2404-40d3-b40c-67efee431588,t10,t10,Business traveller,lp5f0e5,Paradise Road Tintagel Colombo,476937-RO-RFN,Executive Suite,96633,Room Only,true,32,2,false,,1693,67,1,0,0,2026-08-20T00:42:06.284Z
5075fcf2-7156-47de-abb1-ddb0ad669d2e,t10,t10,Business traveller,lp5f0e5,Paradise Road Tintagel Colombo,476937-RO-RFN,Executive Suite,96633,Room Only,true,32,2,false,,1755,106,1,0,0,2026-08-20T00:42:06.978Z
6d22d6e8-b4bd-4807-bc49-d881476cd2fa,t_attn,t_attn,Attention check,lpb1537,Shangri-La Colombo,2416743-RO-NRF,Deluxe Lake View Twin,68781,Room Only,false,42,5,true,true,1707,70,1,0,0,2026-08-20T00:42:07.552Z
1204e8ed-2cd1-4ee2-bc0d-e7ec142f0d26,t_attn,t_attn,Attention check,lp5f0e5,Paradise Road Tintagel Colombo,476937-BI-RFN,Executive Suite,105766,Breakfast Included,true,32,2,true,false,1748,144,1,0,0,2026-08-20T00:42:07.619Z
8d8e6ec7-08e3-43fc-b5b5-1e5ca126ac3f,t_attn,t_attn,Attention check,lp9855f,Fairway Colombo - Sri Lanka's First Hotel With Robot Technology,1459963988-RO-RFN,Superior Twin Room,28429,Room Only,true,22,5,true,false,1236,398,1,0,0,2026-08-20T00:42:07.815Z
f34b8e4a-45b8-4753-ac18-67671dd0f36f,t_attn,t_attn,Attention check,lp655a9e91,Zest Metropole,4358364-RO-RFN,Deluxe Double Room,21223,Room Only,true,20,5,true,false,1515,681,1,0,0,2026-08-20T00:42:07.862Z
2369719c-a47d-4c46-8221-7415c5e4f121,t_attn,t_attn,Attention check,lp71118,CityRest Fort,1459617182-RO-RFN,Standard Double Room,11502,Room Only,true,,2,true,false,1756,84,1,0,0,2026-08-20T00:42:07.867Z
e8f10ca2-2092-4423-b5ac-95b47490bd9c,t_attn,t_attn,Attention check,lp81760,The Steuart by Citrus,1459938501-BI-NRF,"Premium Room, City View - Early check-in or late check-out subject to availability",25519,Breakfast Included,false,123,5,true,false,1767,131,1,0,0,2026-08-20T00:42:07.931Z
5075fcf2-7156-47de-abb1-ddb0ad669d2e,t_attn,t_attn,Attention check,lp9855f,Fairway Colombo - Sri Lanka's First Hotel With Robot Technology,1459638294-BI-RFN,Superior Balcony Room,32800,Breakfast Included,true,31,5,true,false,982,187,1,0,0,2026-08-20T00:42:08.398Z
bce61c24-2404-40d3-b40c-67efee431588,t_attn,t_attn,Attention check,lpb1537,Shangri-La Colombo,2416733-RO-NRF,Deluxe Lake View King,68781,Room Only,false,42,5,true,true,1860,84,1,0,0,2026-08-20T00:42:08.570Z
0520f80a-c24a-4655-9d29-2a5f067a2f1d,t1,t1,Evening walker,lpb1537,Shangri-La Colombo,2416743-RO-NRF,Deluxe Lake View Twin,68781,Room Only,false,42,5,false,,2256,539,1,0,0,2026-08-20T00:42:28.171Z
99c43f3d-ba82-4d57-ae05-279f004d5cd4,t1,t1,Evening walker,lp3e58e,The Kingsbury Colombo,479092-RO-RFN,Superior Room,37025,Room Only,true,23,2,false,,2210,514,1,0,0,2026-08-20T00:42:28.450Z
5ad40679-2dd0-45a4-a201-49e329e67ca0,t1,t1,Evening walker,lp3e58e,The Kingsbury Colombo,479092-RO-RFN,Superior Room,37025,Room Only,true,23,2,false,,2234,515,1,0,0,2026-08-20T00:42:28.485Z
386a2e50-f6d5-4f5d-8326-4d82aa45e1df,t1,t1,Evening walker,lp6f007,Clock Inn Colombo,1321691606-BI-RFN,Family Quadruple Room,16763,Breakfast Included,true,25,2,false,,2284,517,1,0,0,2026-08-20T00:42:28.568Z
cc75c81c-73ca-4fbb-b683-4b94a44ef082,t1,t1,Evening walker,lpb1537,Shangri-La Colombo,2416743-RO-NRF,Deluxe Lake View Twin,68781,Room Only,false,42,5,false,,2405,521,1,0,0,2026-08-20T00:42:29.084Z
4336cb21-3b8e-44c3-bbac-5428dddbbfc8,t1,t1,Evening walker,lp81760,The Steuart by Citrus,1459938501-RO-NRF,"Premium Room, City View - Early check-in or late check-out subject to availability",22604,Room Only,false,123,5,false,,2384,521,1,0,0,2026-08-20T00:42:29.133Z
8f08f159-568e-4eb3-b871-89778683060b,t1,t1,Evening walker,lp6e625,Hotel Janaki,479121-BI-RFN,Deluxe Room with Pool View,15319,Breakfast Included,true,14,2,false,,2393,520,1,0,0,2026-08-20T00:42:29.347Z
9a5e81bd-2014-4d20-9cff-a17707c085c1,t1,t1,Evening walker,lp65589ffb,MaRadha Colombo,8208286-RO-RFN,Standard Double Room,35408,Room Only,true,27,2,false,,2438,520,1,0,0,2026-08-20T00:42:29.369Z
42d3930b-afe2-4d01-bcf9-951e0abd3857,t1,t1,Evening walker,lp6e625,Hotel Janaki,479119-BI-RFN,Deluxe Double Room,15319,Breakfast Included,true,14,2,false,,2265,509,1,0,0,2026-08-20T00:42:29.584Z
8225771d-761c-4ff8-b09b-9d7c598f284e,t1,t1,Evening walker,lpb1537,Shangri-La Colombo,2416743-RO-NRF,Deluxe Lake View Twin,68781,Room Only,false,42,5,false,,2352,515,1,0,0,2026-08-20T00:42:29.615Z
0520f80a-c24a-4655-9d29-2a5f067a2f1d,t2,t2,Business traveller,lpb1537,Shangri-La Colombo,2416743-RO-NRF,Deluxe Lake View Twin,68781,Room Only,false,42,5,false,,1754,145,1,0,0,2026-08-20T00:42:30.763Z
4336cb21-3b8e-44c3-bbac-5428dddbbfc8,t2,t2,Business traveller,lp72a36,Best Western Elyon Colombo,513432-RO-RFN,Deluxe King Room,19568,Room Only,true,24,3,false,,1418,618,1,0,0,2026-08-20T00:42:30.929Z
cc75c81c-73ca-4fbb-b683-4b94a44ef082,t2,t2,Business traveller,lpc0df6,Fern Colombo,4237595-RO-RFN,King Room,16245,Room Only,true,25,2,false,,1506,680,1,0,0,2026-08-20T00:42:31.005Z
8f08f159-568e-4eb3-b871-89778683060b,t2,t2,Business traveller,lpc0df6,Fern Colombo,4237595-RO-RFN,King Room,16245,Room Only,true,25,2,false,,1127,316,1,0,0,2026-08-20T00:42:31.162Z
5ad40679-2dd0-45a4-a201-49e329e67ca0,t2,t2,Business traveller,lpc0df6,Fern Colombo,4237597-RO-RFN,Deluxe Twin Room,16245,Room Only,true,25,2,false,,2055,390,1,0,0,2026-08-20T00:42:31.176Z
386a2e50-f6d5-4f5d-8326-4d82aa45e1df,t2,t2,Business traveller,lp71118,CityRest Fort,1459617182-RO-RFN,Standard Double Room,11502,Room Only,true,,2,false,,2110,459,1,0,0,2026-08-20T00:42:31.386Z
8225771d-761c-4ff8-b09b-9d7c598f284e,t2,t2,Business traveller,lpc0df6,Fern Colombo,4237597-RO-RFN,Deluxe Twin Room,16245,Room Only,true,25,2,false,,1328,530,1,0,0,2026-08-20T00:42:31.407Z
9a5e81bd-2014-4d20-9cff-a17707c085c1,t2,t2,Business traveller,lp72a36,Best Western Elyon Colombo,513432-RO-RFN,Deluxe King Room,19568,Room Only,true,24,3,false,,1521,726,1,0,0,2026-08-20T00:42:31.436Z
42d3930b-afe2-4d01-bcf9-951e0abd3857,t2,t2,Business traveller,lp857b8,Zylan Colombo,481438-RO-RFN,Executive Room with Jacuzzi - 10% off on Food & Beverage,34557,Room Only,true,60,5,false,,1403,638,1,0,0,2026-08-20T00:42:31.502Z
99c43f3d-ba82-4d57-ae05-279f004d5cd4,t2,t2,Business traveller,lp72a36,Best Western Elyon Colombo,513432-RO-RFN,Deluxe King Room,19568,Room Only,true,24,3,false,,1883,230,1,0,0,2026-08-20T00:42:32.117Z
0520f80a-c24a-4655-9d29-2a5f067a2f1d,t3,t3,Self-funded worker,lp655a9e91,Zest Metropole,4358364-BI-RFN,Deluxe Double Room,26743,Breakfast Included,true,20,5,false,,1219,468,1,0,0,2026-08-20T00:42:32.488Z
4336cb21-3b8e-44c3-bbac-5428dddbbfc8,t3,t3,Self-funded worker,lp655a9e91,Zest Metropole,4358364-RO-RFN,Deluxe Double Room,21223,Room Only,true,20,5,false,,1497,746,1,0,0,2026-08-20T00:42:33.071Z
8f08f159-568e-4eb3-b871-89778683060b,t3,t3,Self-funded worker,lp9855f,Fairway Colombo - Sri Lanka's First Hotel With Robot Technology,1459963988-RO-RFN,Superior Twin Room,28429,Room Only,true,22,5,false,,1488,652,1,0,0,2026-08-20T00:42:33.167Z
cc75c81c-73ca-4fbb-b683-4b94a44ef082,t3,t3,Self-funded worker,lp655a9e91,Zest Metropole,4358364-RO-RFN,Deluxe Double Room,21223,Room Only,true,20,5,false,,1369,566,1,0,0,2026-08-20T00:42:33.169Z
8225771d-761c-4ff8-b09b-9d7c598f284e,t3,t3,Self-funded worker,lpb1537,Shangri-La Colombo,2416733-RO-NRF,Deluxe Lake View King,68781,Room Only,false,42,5,false,,1754,91,1,0,0,2026-08-20T00:42:33.627Z
9a5e81bd-2014-4d20-9cff-a17707c085c1,t3,t3,Self-funded worker,lp65589ffb,MaRadha Colombo,8208286-RO-RFN,Standard Double Room,35408,Room Only,true,27,2,false,,1671,8,1,0,0,2026-08-20T00:42:33.844Z
42d3930b-afe2-4d01-bcf9-951e0abd3857,t3,t3,Self-funded worker,lp81760,The Steuart by Citrus,1459938501-RO-NRF,"Premium Room, City View - Early check-in or late check-out subject to availability",22604,Room Only,false,123,5,false,,913,164,1,0,0,2026-08-20T00:42:33.938Z
3bd95d9a-b8ab-4fbf-b418-5161d2fd2789,t1,t1,Evening walker,lp3e58e,The Kingsbury Colombo,479092-RO-RFN,Superior Room,37025,Room Only,true,23,2,false,,15678,6105,1,0,0,2026-08-20T00:46:27.776Z
9dd24252-07ed-4dd0-90e5-232d69fa71da,t1,t1,Evening walker,lp3e58e,The Kingsbury Colombo,479092-BI-RFN,Superior Room,37797,Breakfast Included,true,23,2,false,,17449,6812,1,0,0,2026-08-20T00:46:28.915Z
227d650f-37e9-452c-9202-56cdf1211036,t1,t1,Evening walker,lp3e58e,The Kingsbury Colombo,479092-RO-RFN,Superior Room,37025,Room Only,true,23,2,false,,17901,8868,1,0,0,2026-08-20T00:46:29.704Z
c18c7e02-f7d6-42ac-af95-3cc7fbcb77da,t1,t1,Evening walker,lp6f007,Clock Inn Colombo,1321691605-BI-RFN,Standard Double Room,13715,Breakfast Included,true,25,2,false,,17485,8252,1,0,0,2026-08-20T00:46:29.775Z
6ef27946-1059-4f47-af9b-d9f75f9801f2,t1,t1,Evening walker,lp81760,The Steuart by Citrus,1459938501-RO-NRF,"Premium Room, City View - Early check-in or late check-out subject to availability",22604,Room Only,false,123,5,false,,18436,7817,1,0,0,2026-08-20T00:46:32.037Z
6f823be1-319b-4587-b625-ce257f1238e6,t1,t1,Evening walker,lp65589ffb,MaRadha Colombo,8208286-RO-RFN,Standard Double Room,35408,Room Only,true,27,2,false,,16719,7196,1,0,0,2026-08-20T00:46:32.181Z
6723965f-aa48-4312-8506-cee7f606a17a,t1,t1,Evening walker,lp71118,CityRest Fort,1459617182-RO-RFN,Standard Double Room,11502,Room Only,true,,2,false,,17890,8917,1,0,0,2026-08-20T00:46:32.251Z
b45064d7-cf4d-4ce7-9f50-9681dc4d9fd8,t1,t1,Evening walker,lpb1537,Shangri-La Colombo,2416743-RO-NRF,Deluxe Lake View Twin,68781,Room Only,false,42,5,false,,20889,10767,1,0,0,2026-08-20T00:46:34.972Z
a76352f5-c602-4fc1-b339-3ddb28b1b76e,t1,t1,Evening walker,lp6e625,Hotel Janaki,479119-BI-RFN,Deluxe Double Room,15319,Breakfast Included,true,14,2,false,,18824,10041,1,0,0,2026-08-20T00:46:35.999Z
0a894a4e-80c4-4415-afac-cedb82d27a07,t1,t1,Evening walker,lp6e625,Hotel Janaki,479119-BI-RFN,Deluxe Double Room,15319,Breakfast Included,true,14,2,false,,15638,6605,1,0,0,2026-08-20T00:46:36.444Z
3bd95d9a-b8ab-4fbf-b418-5161d2fd2789,t2,t2,Business traveller,lp857b8,Zylan Colombo,1461137737-RO-RFN,Deluxe Triple Room,35761,Room Only,true,32,5,false,,17849,8324,1,0,0,2026-08-20T00:46:46.304Z
9dd24252-07ed-4dd0-90e5-232d69fa71da,t2,t2,Business traveller,lp857b8,Zylan Colombo,1461137737-RO-RFN,Deluxe Triple Room,35761,Room Only,true,32,5,false,,18171,8736,1,0,0,2026-08-20T00:46:47.997Z
6ef27946-1059-4f47-af9b-d9f75f9801f2,t2,t2,Business traveller,lpc0df6,Fern Colombo,4237595-RO-RFN,King Room,16245,Room Only,true,25,2,false,,15535,5770,1,0,0,2026-08-20T00:46:48.079Z
c18c7e02-f7d6-42ac-af95-3cc7fbcb77da,t2,t2,Business traveller,lp65589ffb,MaRadha Colombo,8208286-BI-RFN,Standard Double Room,42521,Breakfast Included,true,27,2,false,,18889,8772,1,0,0,2026-08-20T00:46:49.327Z
227d650f-37e9-452c-9202-56cdf1211036,t2,t2,Business traveller,lp5f0e5,Paradise Road Tintagel Colombo,476937-RO-RFN,Executive Suite,96633,Room Only,true,32,2,false,,19686,9607,1,0,0,2026-08-20T00:46:49.893Z
6723965f-aa48-4312-8506-cee7f606a17a,t2,t2,Business traveller,lp857b8,Zylan Colombo,1461137737-RO-RFN,Deluxe Triple Room,35761,Room Only,true,32,5,false,,17428,7558,1,0,0,2026-08-20T00:46:50.185Z
6f823be1-319b-4587-b625-ce257f1238e6,t2,t2,Business traveller,lpb1537,Shangri-La Colombo,2416733-RO-RFN,Deluxe Lake View King,73076,Room Only,true,42,5,false,,17523,8005,1,0,0,2026-08-20T00:46:50.195Z
b45064d7-cf4d-4ce7-9f50-9681dc4d9fd8,t2,t2,Business traveller,lp857b8,Zylan Colombo,481438-RO-RFN,Executive Room with Jacuzzi - 10% off on Food & Beverage,34557,Room Only,true,60,5,false,,15704,7376,1,0,0,2026-08-20T00:46:51.243Z
0a894a4e-80c4-4415-afac-cedb82d27a07,t2,t2,Business traveller,lpc0df6,Fern Colombo,4237597-RO-RFN,Deluxe Twin Room,16245,Room Only,true,25,2,false,,16927,7386,1,0,0,2026-08-20T00:46:54.084Z
a76352f5-c602-4fc1-b339-3ddb28b1b76e,t2,t2,Business traveller,lpc0df6,Fern Colombo,4237595-RO-RFN,King Room,16245,Room Only,true,25,2,false,,18906,8062,1,0,0,2026-08-20T00:46:55.430Z
3bd95d9a-b8ab-4fbf-b418-5161d2fd2789,t3,t3,Self-funded worker,lp9855f,Fairway Colombo - Sri Lanka's First Hotel With Robot Technology,1459638294-BI-RFN,Superior Balcony Room,32800,Breakfast Included,true,31,5,false,,15523,6217,1,0,0,2026-08-20T00:47:03.027Z
9dd24252-07ed-4dd0-90e5-232d69fa71da,t3,t3,Self-funded worker,lp9855f,Fairway Colombo - Sri Lanka's First Hotel With Robot Technology,1459963988-RO-RFN,Superior Twin Room,28429,Room Only,true,22,5,false,,14536,5549,1,0,0,2026-08-20T00:47:03.245Z
6ef27946-1059-4f47-af9b-d9f75f9801f2,t3,t3,Self-funded worker,lp655a9e91,Zest Metropole,4358364-BI-RFN,Deluxe Double Room,26743,Breakfast Included,true,20,5,false,,15670,5635,1,0,0,2026-08-20T00:47:04.209Z
6f823be1-319b-4587-b625-ce257f1238e6,t3,t3,Self-funded worker,lp65589ffb,MaRadha Colombo,8208286-BI-RFN,Standard Double Room,42521,Breakfast Included,true,27,2,false,,15862,5918,1,0,0,2026-08-20T00:47:06.828Z
227d650f-37e9-452c-9202-56cdf1211036,t3,t3,Self-funded worker,lp71118,CityRest Fort,1459617182-RO-RFN,Standard Double Room,11502,Room Only,true,,2,false,,17795,9782,1,0,0,2026-08-20T00:47:08.193Z
6723965f-aa48-4312-8506-cee7f606a17a,t3,t3,Self-funded worker,lp71118,CityRest Fort,1459617182-RO-RFN,Standard Double Room,11502,Room Only,true,,2,false,,17893,8256,1,0,0,2026-08-20T00:47:08.682Z
b45064d7-cf4d-4ce7-9f50-9681dc4d9fd8,t3,t3,Self-funded worker,lp3e58e,The Kingsbury Colombo,479092-RO-RFN,Superior Room,37025,Room Only,true,23,2,false,,17090,8060,1,0,0,2026-08-20T00:47:08.737Z
c18c7e02-f7d6-42ac-af95-3cc7fbcb77da,t3,t3,Self-funded worker,lp65589ffb,MaRadha Colombo,8208286-BI-RFN,Standard Double Room,42521,Breakfast Included,true,27,2,false,,19274,9526,1,0,0,2026-08-20T00:47:09.176Z
a76352f5-c602-4fc1-b339-3ddb28b1b76e,t3,t3,Self-funded worker,lp9855f,Fairway Colombo - Sri Lanka's First Hotel With Robot Technology,1459963988-RO-RFN,Superior Twin Room,28429,Room Only,true,22,5,false,,16680,6641,1,0,0,2026-08-20T00:47:13.792Z
0a894a4e-80c4-4415-afac-cedb82d27a07,t3,t3,Self-funded worker,lp71118,CityRest Fort,1459617182-RO-RFN,Standard Double Room,11502,Room Only,true,,2,false,,19803,8600,1,0,0,2026-08-20T00:47:14.419Z
9dd24252-07ed-4dd0-90e5-232d69fa71da,t4,t4,Family on holiday,lp76eba,Radisson Hotel Colombo,7559276-RO-RFN,Superior Room,27402,Room Only,true,24,5,false,,15564,5634,1,0,0,2026-08-20T00:47:19.268Z
6ef27946-1059-4f47-af9b-d9f75f9801f2,t4,t4,Family on holiday,lp65589ffb,MaRadha Colombo,8208286-BI-RFN,Standard Double Room,42521,Breakfast Included,true,27,2,false,,18504,8554,1,0,0,2026-08-20T00:47:23.719Z
3bd95d9a-b8ab-4fbf-b418-5161d2fd2789,t4,t4,Family on holiday,lp65589ffb,MaRadha Colombo,8208286-RO-RFN,Standard Double Room,35408,Room Only,true,27,2,false,,19696,9096,1,0,0,2026-08-20T00:47:24.117Z
c18c7e02-f7d6-42ac-af95-3cc7fbcb77da,t4,t4,Family on holiday,lp65589ffb,MaRadha Colombo,8208286-BI-RFN,Standard Double Room,42521,Breakfast Included,true,27,2,false,,15336,6054,1,0,0,2026-08-20T00:47:25.078Z
b45064d7-cf4d-4ce7-9f50-9681dc4d9fd8,t4,t4,Family on holiday,lp76eba,Radisson Hotel Colombo,7559276-BI-RFN,Superior Room,36248,Breakfast Included,true,24,5,false,,15412,5012,1,0,0,2026-08-20T00:47:25.502Z
227d650f-37e9-452c-9202-56cdf1211036,t4,t4,Family on holiday,lp76eba,Radisson Hotel Colombo,7559276-RO-RFN,Superior Room,27402,Room Only,true,24,5,false,,15000,6331,1,0,0,2026-08-20T00:47:25.929Z
6f823be1-319b-4587-b625-ce257f1238e6,t4,t4,Family on holiday,lp65589ffb,MaRadha Colombo,8208286-BI-RFN,Standard Double Room,42521,Breakfast Included,true,27,2,false,,20267,8964,1,0,0,2026-08-20T00:47:27.657Z
a76352f5-c602-4fc1-b339-3ddb28b1b76e,t4,t4,Family on holiday,lp67286,Colombo Court Hotel & Spa,481449-RO-RFN,Suite,52144,Room Only,true,44,5,false,,14484,6063,1,0,0,2026-08-20T00:47:29.043Z
6723965f-aa48-4312-8506-cee7f606a17a,t4,t4,Family on holiday,lp6f007,Clock Inn Colombo,1321691605-BI-RFN,Standard Double Room,13715,Breakfast Included,true,25,2,false,,20848,9880,1,0,0,2026-08-20T00:47:30.130Z
0a894a4e-80c4-4415-afac-cedb82d27a07,t4,t4,Family on holiday,lp656d40c7,Sheraton Colombo Hotel,1460149481-RO-RFN,Deluxe Twin Room with Ocean View with 15% spa discount per room + 15% F&B discount per room + Early check in a,63767,Room Only,true,36,5,false,,17841,7646,1,0,0,2026-08-20T00:47:32.859Z
9dd24252-07ed-4dd0-90e5-232d69fa71da,t5,t5,Light sleeper,lp72a36,Best Western Elyon Colombo,1459894716-RO-RFN,"Deluxe Room, 2 Twin Beds, Non Smoking",19568,Room Only,true,,3,false,,16382,6214,1,0,0,2026-08-20T00:47:36.196Z
3bd95d9a-b8ab-4fbf-b418-5161d2fd2789,t5,t5,Light sleeper,lp72a36,Best Western Elyon Colombo,1459894716-RO-RFN,"Deluxe Room, 2 Twin Beds, Non Smoking",19568,Room Only,true,,3,false,,15168,5628,1,0,0,2026-08-20T00:47:39.962Z
b45064d7-cf4d-4ce7-9f50-9681dc4d9fd8,t5,t5,Light sleeper,lp72a36,Best Western Elyon Colombo,1459894716-RO-RFN,"Deluxe Room, 2 Twin Beds, Non Smoking",19568,Room Only,true,,3,false,,16672,6685,1,0,0,2026-08-20T00:47:42.990Z
a76352f5-c602-4fc1-b339-3ddb28b1b76e,t5,t5,Light sleeper,lp67708,Supun Arcade Residency,481434-RO-RFN,One-Bedroom Apartment with 15% Discount on Food & Beverage,20768,Room Only,true,121,5,false,,14906,5622,1,0,0,2026-08-20T00:47:44.431Z
c18c7e02-f7d6-42ac-af95-3cc7fbcb77da,t5,t5,Light sleeper,lp656d40c7,Sheraton Colombo Hotel,5289365-RO-RFN,Deluxe King Room with City View with 15% spa discount per room + 15% F&B discount per room + Early check in an,56627,Room Only,true,36,5,false,,18945,9643,1,0,0,2026-08-20T00:47:44.677Z
227d650f-37e9-452c-9202-56cdf1211036,t5,t5,Light sleeper,lp72a36,Best Western Elyon Colombo,1459894716-RO-RFN,"Deluxe Room, 2 Twin Beds, Non Smoking",19568,Room Only,true,,3,false,,18780,8316,1,0,0,2026-08-20T00:47:45.436Z
6ef27946-1059-4f47-af9b-d9f75f9801f2,t5,t5,Light sleeper,lp72a36,Best Western Elyon Colombo,1459894716-RO-RFN,"Deluxe Room, 2 Twin Beds, Non Smoking",19568,Room Only,true,,3,false,,20791,9745,1,0,0,2026-08-20T00:47:45.444Z
6f823be1-319b-4587-b625-ce257f1238e6,t5,t5,Light sleeper,lp65589ffb,MaRadha Colombo,8208286-BI-RFN,Standard Double Room,42521,Breakfast Included,true,27,2,false,,19869,10197,1,0,0,2026-08-20T00:47:48.229Z
6723965f-aa48-4312-8506-cee7f606a17a,t5,t5,Light sleeper,lp67708,Supun Arcade Residency,481434-BI-RFN,One-Bedroom Apartment with 15% Discount on Food & Beverage,24663,Breakfast Included,true,121,5,false,,19072,9624,1,0,0,2026-08-20T00:47:49.902Z
0a894a4e-80c4-4415-afac-cedb82d27a07,t5,t5,Light sleeper,lp72a36,Best Western Elyon Colombo,1459894716-RO-RFN,"Deluxe Room, 2 Twin Beds, Non Smoking",19568,Room Only,true,,3,false,,17525,6488,1,0,0,2026-08-20T00:47:51.187Z
9dd24252-07ed-4dd0-90e5-232d69fa71da,t6,t6,Beach weekender,lp7c172,Mirage Colombo,487132-RO-RFN,Standard Double Room,20482,Room Only,true,27,5,false,,14260,5785,1,0,0,2026-08-20T00:47:51.257Z
3bd95d9a-b8ab-4fbf-b418-5161d2fd2789,t6,t6,Beach weekender,lp67708,Supun Arcade Residency,481434-BI-RFN,One-Bedroom Apartment with 15% Discount on Food & Beverage,24663,Breakfast Included,true,121,5,false,,19211,9539,1,0,0,2026-08-20T00:47:59.865Z
c18c7e02-f7d6-42ac-af95-3cc7fbcb77da,t6,t6,Beach weekender,lp40d3f,Global Towers Hotel & Apartments,476927-RO-RFN,Double or Twin Room,16041,Room Only,true,27,3,false,,17158,7784,1,0,0,2026-08-20T00:48:02.268Z
b45064d7-cf4d-4ce7-9f50-9681dc4d9fd8,t6,t6,Beach weekender,lp7c172,Mirage Colombo,487132-RO-RFN,Standard Double Room,20482,Room Only,true,27,5,false,,18725,9156,1,0,0,2026-08-20T00:48:02.269Z
a76352f5-c602-4fc1-b339-3ddb28b1b76e,t6,t6,Beach weekender,lp65589ffb,MaRadha Colombo,8208286-RO-RFN,Standard Double Room,35408,Room Only,true,27,2,false,,18055,8334,1,0,0,2026-08-20T00:48:03.301Z
227d650f-37e9-452c-9202-56cdf1211036,t6,t6,Beach weekender,lp656d40c7,Sheraton Colombo Hotel,5289360-RO-RFN,Deluxe Twin Room with City View with 15% spa discount per room + 15% F&B discount per room + Early check in an,56627,Room Only,true,36,5,false,,17429,8194,1,0,0,2026-08-20T00:48:03.458Z
6ef27946-1059-4f47-af9b-d9f75f9801f2,t6,t6,Beach weekender,lp7c172,Mirage Colombo,487132-BI-RFN,Standard Double Room,24581,Breakfast Included,true,27,5,false,,18211,7682,1,0,0,2026-08-20T00:48:04.483Z
6f823be1-319b-4587-b625-ce257f1238e6,t6,t6,Beach weekender,lp40d3f,Global Towers Hotel & Apartments,476927-RO-RFN,Double or Twin Room,16041,Room Only,true,27,3,false,,16871,7836,1,0,0,2026-08-20T00:48:06.596Z
0a894a4e-80c4-4415-afac-cedb82d27a07,t6,t6,Beach weekender,lp7c172,Mirage Colombo,487132-BI-RFN,Standard Double Room,24581,Breakfast Included,true,27,5,false,,16467,7439,1,0,0,2026-08-20T00:48:08.304Z
6723965f-aa48-4312-8506-cee7f606a17a,t6,t6,Beach weekender,lp76eba,Radisson Hotel Colombo,7559276-RO-RFN,Superior Room,27402,Room Only,true,24,5,false,,17784,9105,1,0,0,2026-08-20T00:48:08.576Z
9dd24252-07ed-4dd0-90e5-232d69fa71da,t7,t7,Long-stay consultant,lp5f0e5,Paradise Road Tintagel Colombo,476937-RO-RFN,Executive Suite,96633,Room Only,true,32,2,false,,18999,9146,1,0,0,2026-08-20T00:48:10.946Z
3bd95d9a-b8ab-4fbf-b418-5161d2fd2789,t7,t7,Long-stay consultant,lp857b8,Zylan Colombo,481438-RO-RFN,Executive Room with Jacuzzi - 10% off on Food & Beverage,34557,Room Only,true,60,5,false,,15254,5663,1,0,0,2026-08-20T00:48:15.525Z
b45064d7-cf4d-4ce7-9f50-9681dc4d9fd8,t7,t7,Long-stay consultant,lp857b8,Zylan Colombo,481438-RO-RFN,Executive Room with Jacuzzi - 10% off on Food & Beverage,34557,Room Only,true,60,5,false,,15931,6326,1,0,0,2026-08-20T00:48:19.061Z
c18c7e02-f7d6-42ac-af95-3cc7fbcb77da,t7,t7,Long-stay consultant,lp65589ffb,MaRadha Colombo,8208286-BI-RFN,Standard Double Room,42521,Breakfast Included,true,27,2,false,,16259,6419,1,0,0,2026-08-20T00:48:19.389Z
a76352f5-c602-4fc1-b339-3ddb28b1b76e,t7,t7,Long-stay consultant,lpc0df6,Fern Colombo,4237595-RO-RFN,King Room,16245,Room Only,true,25,2,false,,15529,5683,1,0,0,2026-08-20T00:48:19.668Z
6f823be1-319b-4587-b625-ce257f1238e6,t7,t7,Long-stay consultant,lp656d40c7,Sheraton Colombo Hotel,5289365-RO-RFN,Deluxe King Room with City View with 15% spa discount per room + 15% F&B discount per room + Early check in an,56627,Room Only,true,36,5,false,,14476,4550,1,0,0,2026-08-20T00:48:21.688Z
227d650f-37e9-452c-9202-56cdf1211036,t7,t7,Long-stay consultant,lp857b8,Zylan Colombo,1461137737-RO-RFN,Deluxe Triple Room,35761,Room Only,true,32,5,false,,19172,8893,1,0,0,2026-08-20T00:48:23.138Z
6ef27946-1059-4f47-af9b-d9f75f9801f2,t7,t7,Long-stay consultant,lp857b8,Zylan Colombo,481438-RO-RFN,Executive Room with Jacuzzi - 10% off on Food & Beverage,34557,Room Only,true,60,5,false,,21267,9506,1,0,0,2026-08-20T00:48:26.185Z
0a894a4e-80c4-4415-afac-cedb82d27a07,t7,t7,Long-stay consultant,lp857b8,Zylan Colombo,1461137737-RO-RFN,Deluxe Triple Room,35761,Room Only,true,32,5,false,,17806,6795,1,0,0,2026-08-20T00:48:26.814Z
9dd24252-07ed-4dd0-90e5-232d69fa71da,t8,t8,Value-seeking couple,lp6557c6e0,Granbell Hotel Colombo,4368098-RO-NRF,Superior Double City View,28807,Room Only,false,27,3,false,,15776,5666,1,0,0,2026-08-20T00:48:27.208Z
6723965f-aa48-4312-8506-cee7f606a17a,t7,t7,Long-stay consultant,lpc0df6,Fern Colombo,4237597-RO-RFN,Deluxe Twin Room,16245,Room Only,true,25,2,false,,20097,10110,1,0,0,2026-08-20T00:48:29.196Z
3bd95d9a-b8ab-4fbf-b418-5161d2fd2789,t8,t8,Value-seeking couple,lp6557c6e0,Granbell Hotel Colombo,4368098-RO-NRF,Superior Double City View,28807,Room Only,false,27,3,false,,17606,7281,1,0,0,2026-08-20T00:48:33.603Z
b45064d7-cf4d-4ce7-9f50-9681dc4d9fd8,t8,t8,Value-seeking couple,lp5f0e5,Paradise Road Tintagel Colombo,476937-RO-RFN,Executive Suite,96633,Room Only,true,32,2,false,,16986,6589,1,0,0,2026-08-20T00:48:36.681Z
c18c7e02-f7d6-42ac-af95-3cc7fbcb77da,t8,t8,Value-seeking couple,lp656d40c7,Sheraton Colombo Hotel,5289365-RO-RFN,Deluxe King Room with City View with 15% spa discount per room + 15% F&B discount per room + Early check in an,56627,Room Only,true,36,5,false,,15760,6235,1,0,0,2026-08-20T00:48:36.865Z
a76352f5-c602-4fc1-b339-3ddb28b1b76e,t8,t8,Value-seeking couple,lp5f0e5,Paradise Road Tintagel Colombo,476937-RO-RFN,Executive Suite,96633,Room Only,true,32,2,false,,20610,9725,1,0,0,2026-08-20T00:48:40.753Z
227d650f-37e9-452c-9202-56cdf1211036,t8,t8,Value-seeking couple,lpb1537,Shangri-La Colombo,2416743-RO-NRF,Deluxe Lake View Twin,68781,Room Only,false,42,5,false,,18919,8116,1,0,0,2026-08-20T00:48:42.495Z
6f823be1-319b-4587-b625-ce257f1238e6,t8,t8,Value-seeking couple,lpb1537,Shangri-La Colombo,2416733-RO-NRF,Deluxe Lake View King,68781,Room Only,false,42,5,false,,20410,9595,1,0,0,2026-08-20T00:48:42.588Z
0a894a4e-80c4-4415-afac-cedb82d27a07,t8,t8,Value-seeking couple,lp656d40c7,Sheraton Colombo Hotel,5289365-RO-RFN,Deluxe King Room with City View with 15% spa discount per room + 15% F&B discount per room + Early check in an,56627,Room Only,true,36,5,false,,15581,5895,1,0,0,2026-08-20T00:48:43.096Z
6ef27946-1059-4f47-af9b-d9f75f9801f2,t8,t8,Value-seeking couple,lp5f0e5,Paradise Road Tintagel Colombo,476937-BI-RFN,Executive Suite,105766,Breakfast Included,true,32,2,false,,17700,7302,1,0,0,2026-08-20T00:48:44.539Z
9dd24252-07ed-4dd0-90e5-232d69fa71da,t9,t9,Remote worker,lp7c172,Mirage Colombo,487132-BI-RFN,Standard Double Room,24581,Breakfast Included,true,27,5,false,,18962,9561,1,0,0,2026-08-20T00:48:46.824Z
6723965f-aa48-4312-8506-cee7f606a17a,t8,t8,Value-seeking couple,lpb1537,Shangri-La Colombo,2416743-RO-NRF,Deluxe Lake View Twin,68781,Room Only,false,42,5,false,,18106,10324,1,0,0,2026-08-20T00:48:47.734Z
c18c7e02-f7d6-42ac-af95-3cc7fbcb77da,t9,t9,Remote worker,lp656d40c7,Sheraton Colombo Hotel,5289365-RO-RFN,Deluxe King Room with City View with 15% spa discount per room + 15% F&B discount per room + Early check in an,56627,Room Only,true,36,5,false,,16327,5465,1,0,0,2026-08-20T00:48:53.697Z
3bd95d9a-b8ab-4fbf-b418-5161d2fd2789,t9,t9,Remote worker,lp7c172,Mirage Colombo,487132-RO-RFN,Standard Double Room,20482,Room Only,true,27,5,false,,19700,10287,1,0,0,2026-08-20T00:48:54.163Z
b45064d7-cf4d-4ce7-9f50-9681dc4d9fd8,t9,t9,Remote worker,lp7c172,Mirage Colombo,487132-RO-RFN,Standard Double Room,20482,Room Only,true,27,5,false,,16939,7007,1,0,0,2026-08-20T00:48:54.662Z
0a894a4e-80c4-4415-afac-cedb82d27a07,t9,t9,Remote worker,lp7c172,Mirage Colombo,487132-BI-RFN,Standard Double Room,24581,Breakfast Included,true,27,5,false,,14819,6547,1,0,0,2026-08-20T00:48:58.662Z
a76352f5-c602-4fc1-b339-3ddb28b1b76e,t9,t9,Remote worker,lp7c172,Mirage Colombo,487132-RO-RFN,Standard Double Room,20482,Room Only,true,27,5,false,,18434,8415,1,0,0,2026-08-20T00:48:59.920Z
227d650f-37e9-452c-9202-56cdf1211036,t9,t9,Remote worker,lp7c172,Mirage Colombo,487132-BI-RFN,Standard Double Room,24581,Breakfast Included,true,27,5,false,,18661,7127,1,0,0,2026-08-20T00:49:02.025Z
6f823be1-319b-4587-b625-ce257f1238e6,t9,t9,Remote worker,lp65589ffb,MaRadha Colombo,8208286-RO-RFN,Standard Double Room,35408,Room Only,true,27,2,false,,20750,9109,1,0,0,2026-08-20T00:49:04.150Z
6ef27946-1059-4f47-af9b-d9f75f9801f2,t9,t9,Remote worker,lp40d3f,Global Towers Hotel & Apartments,476927-RO-RFN,Double or Twin Room,16041,Room Only,true,27,3,false,,20417,10509,1,0,0,2026-08-20T00:49:05.468Z
6723965f-aa48-4312-8506-cee7f606a17a,t9,t9,Remote worker,lp7c172,Mirage Colombo,487132-RO-RFN,Standard Double Room,20482,Room Only,true,27,5,false,,19461,10385,1,0,0,2026-08-20T00:49:07.599Z
9dd24252-07ed-4dd0-90e5-232d69fa71da,t10,t10,Business traveller,lp72a36,Best Western Elyon Colombo,513432-RO-RFN,Deluxe King Room,19568,Room Only,true,24,3,false,,20451,8915,1,0,0,2026-08-20T00:49:07.975Z
b45064d7-cf4d-4ce7-9f50-9681dc4d9fd8,t10,t10,Business traveller,lp857b8,Zylan Colombo,1461137737-RO-RFN,Deluxe Triple Room,35761,Room Only,true,32,5,false,,15467,6591,1,0,0,2026-08-20T00:49:10.951Z
c18c7e02-f7d6-42ac-af95-3cc7fbcb77da,t10,t10,Business traveller,lp65589ffb,MaRadha Colombo,8208286-RO-RFN,Standard Double Room,35408,Room Only,true,27,2,false,,15467,4346,1,0,0,2026-08-20T00:49:10.954Z
3bd95d9a-b8ab-4fbf-b418-5161d2fd2789,t10,t10,Business traveller,lp857b8,Zylan Colombo,481438-RO-RFN,Executive Room with Jacuzzi - 10% off on Food & Beverage,34557,Room Only,true,60,5,false,,18404,9349,1,0,0,2026-08-20T00:49:13.074Z
0a894a4e-80c4-4415-afac-cedb82d27a07,t10,t10,Business traveller,lp857b8,Zylan Colombo,481438-RO-RFN,Executive Room with Jacuzzi - 10% off on Food & Beverage,34557,Room Only,true,60,5,false,,15833,5605,1,0,0,2026-08-20T00:49:14.896Z
a76352f5-c602-4fc1-b339-3ddb28b1b76e,t10,t10,Business traveller,lp857b8,Zylan Colombo,481438-RO-RFN,Executive Room with Jacuzzi - 10% off on Food & Beverage,34557,Room Only,true,60,5,false,,16504,5855,1,0,0,2026-08-20T00:49:17.105Z
6f823be1-319b-4587-b625-ce257f1238e6,t10,t10,Business traveller,lp857b8,Zylan Colombo,481438-RO-RFN,Executive Room with Jacuzzi - 10% off on Food & Beverage,34557,Room Only,true,60,5,false,,17710,6909,1,0,0,2026-08-20T00:49:22.518Z
227d650f-37e9-452c-9202-56cdf1211036,t10,t10,Business traveller,lpc0df6,Fern Colombo,4237595-RO-RFN,King Room,16245,Room Only,true,25,2,false,,21312,9500,1,0,0,2026-08-20T00:49:25.123Z
6ef27946-1059-4f47-af9b-d9f75f9801f2,t10,t10,Business traveller,lp857b8,Zylan Colombo,1461137737-RO-RFN,Deluxe Triple Room,35761,Room Only,true,32,5,false,,19475,8987,1,0,0,2026-08-20T00:49:25.450Z
6723965f-aa48-4312-8506-cee7f606a17a,t10,t10,Business traveller,lp72a36,Best Western Elyon Colombo,513432-RO-RFN,Deluxe King Room,19568,Room Only,true,24,3,false,,17677,6631,1,0,0,2026-08-20T00:49:25.785Z
227d650f-37e9-452c-9202-56cdf1211036,t_attn,t_attn,Attention check,lpb1537,Shangri-La Colombo,2416733-RO-RFN,Deluxe Lake View King,73076,Room Only,true,42,5,true,true,17003,7722,1,0,0,2026-08-20T00:49:42.800Z
c4871954-bd48-4d73-a373-6086f890944d,t1,t1,Evening walker,lp3e58e,The Kingsbury Colombo,479092-RO-RFN,Superior Room,37025,Room Only,true,23,2,false,,16894,7257,1,0,0,2026-08-20T00:50:42.695Z
85ebaf60-d450-4ee6-9c7d-0a51c31e4a93,t1,t1,Evening walker,lp81760,The Steuart by Citrus,1459938501-RO-NRF,"Premium Room, City View - Early check-in or late check-out subject to availability",22604,Room Only,false,123,5,false,,17512,8391,1,0,0,2026-08-20T00:50:42.943Z
4a6e2dd4-6e4b-41b2-871a-90766d4ca1fc,t1,t1,Evening walker,lp3e58e,The Kingsbury Colombo,479092-BI-RFN,Superior Room,37797,Breakfast Included,true,23,2,false,,15619,7292,1,0,0,2026-08-20T00:50:44.362Z
8960e18d-42f0-4fa9-a48d-a954347cdc7d,t1,t1,Evening walker,lpb1537,Shangri-La Colombo,2416733-RO-NRF,Deluxe Lake View King,68781,Room Only,false,42,5,false,,15974,6181,1,0,0,2026-08-20T00:50:45.030Z
c9517786-d68a-405c-ae71-d5712b510a9a,t1,t1,Evening walker,lp656d40c7,Sheraton Colombo Hotel,5289360-RO-RFN,Deluxe Twin Room with City View with 15% spa discount per room + 15% F&B discount per room + Early check in an,56627,Room Only,true,36,5,false,,18921,8013,1,0,0,2026-08-20T00:50:46.132Z
444e08a0-501e-490a-906b-fc16a05291d3,t1,t1,Evening walker,lpb1537,Shangri-La Colombo,2416733-RO-NRF,Deluxe Lake View King,68781,Room Only,false,42,5,false,,20107,9740,1,0,0,2026-08-20T00:50:46.141Z
35a40275-4330-4bd7-9ea6-8abdf15514b6,t1,t1,Evening walker,lp6f007,Clock Inn Colombo,1321691605-BI-RFN,Standard Double Room,13715,Breakfast Included,true,25,2,false,,17597,7925,1,0,0,2026-08-20T00:50:46.158Z
919c8ddf-db8d-416d-aa8a-848b49a724ca,t1,t1,Evening walker,lpb1537,Shangri-La Colombo,2416743-RO-NRF,Deluxe Lake View Twin,68781,Room Only,false,42,5,false,,18400,8279,1,0,0,2026-08-20T00:50:46.379Z
71d5b095-0645-4c31-9a1b-608189360a6a,t1,t1,Evening walker,lp3e58e,The Kingsbury Colombo,479092-BI-RFN,Superior Room,37797,Breakfast Included,true,23,2,false,,17786,8397,1,0,0,2026-08-20T00:50:46.753Z
2fbd8f25-4957-475e-b109-528c855d107d,t1,t1,Evening walker,lpb1537,Shangri-La Colombo,2416733-RO-NRF,Deluxe Lake View King,68781,Room Only,false,42,5,false,,19892,8081,1,0,0,2026-08-20T00:50:48.283Z
c4871954-bd48-4d73-a373-6086f890944d,t2,t2,Business traveller,lp857b8,Zylan Colombo,1461137737-RO-RFN,Deluxe Triple Room,35761,Room Only,true,32,5,false,,17487,8587,1,0,0,2026-08-20T00:51:00.810Z
4a6e2dd4-6e4b-41b2-871a-90766d4ca1fc,t2,t2,Business traveller,lp5f0e5,Paradise Road Tintagel Colombo,476937-RO-RFN,Executive Suite,96633,Room Only,true,32,2,false,,17039,6158,1,0,0,2026-08-20T00:51:01.925Z
85ebaf60-d450-4ee6-9c7d-0a51c31e4a93,t2,t2,Business traveller,lpc0df6,Fern Colombo,4237595-RO-RFN,King Room,16245,Room Only,true,25,2,false,,19461,9499,1,0,0,2026-08-20T00:51:03.761Z
71d5b095-0645-4c31-9a1b-608189360a6a,t2,t2,Business traveller,lpc0df6,Fern Colombo,4237597-RO-RFN,Deluxe Twin Room,16245,Room Only,true,25,2,false,,16773,6508,1,0,0,2026-08-20T00:51:04.009Z
8960e18d-42f0-4fa9-a48d-a954347cdc7d,t2,t2,Business traveller,lp72a36,Best Western Elyon Colombo,1459894716-RO-RFN,"Deluxe Room, 2 Twin Beds, Non Smoking",19568,Room Only,true,,3,false,,18132,8867,1,0,0,2026-08-20T00:51:04.288Z
919c8ddf-db8d-416d-aa8a-848b49a724ca,t2,t2,Business traveller,lp857b8,Zylan Colombo,481438-RO-RFN,Executive Room with Jacuzzi - 10% off on Food & Beverage,34557,Room Only,true,60,5,false,,17799,6890,1,0,0,2026-08-20T00:51:04.707Z
35a40275-4330-4bd7-9ea6-8abdf15514b6,t2,t2,Business traveller,lp857b8,Zylan Colombo,481438-RO-RFN,Executive Room with Jacuzzi - 10% off on Food & Beverage,34557,Room Only,true,60,5,false,,18657,9723,1,0,0,2026-08-20T00:51:05.370Z
c9517786-d68a-405c-ae71-d5712b510a9a,t2,t2,Business traveller,lp65589ffb,MaRadha Colombo,8208286-BI-RFN,Standard Double Room,42521,Breakfast Included,true,27,2,false,,18931,9954,1,0,0,2026-08-20T00:51:05.659Z
2fbd8f25-4957-475e-b109-528c855d107d,t2,t2,Business traveller,lp72a36,Best Western Elyon Colombo,1459894716-RO-RFN,"Deluxe Room, 2 Twin Beds, Non Smoking",19568,Room Only,true,,3,false,,17182,6282,1,0,0,2026-08-20T00:51:06.461Z
444e08a0-501e-490a-906b-fc16a05291d3,t2,t2,Business traveller,lp857b8,Zylan Colombo,1461137737-RO-RFN,Deluxe Triple Room,35761,Room Only,true,32,5,false,,19909,10231,1,0,0,2026-08-20T00:51:06.778Z
71d5b095-0645-4c31-9a1b-608189360a6a,t3,t3,Self-funded worker,lp9855f,Fairway Colombo - Sri Lanka's First Hotel With Robot Technology,1459638294-BI-RFN,Superior Balcony Room,32800,Breakfast Included,true,31,5,false,,14882,6174,1,0,0,2026-08-20T00:51:19.292Z
4a6e2dd4-6e4b-41b2-871a-90766d4ca1fc,t3,t3,Self-funded worker,lpb1537,Shangri-La Colombo,2416733-RO-NRF,Deluxe Lake View King,68781,Room Only,false,42,5,false,,16733,7261,1,0,0,2026-08-20T00:51:19.293Z
c4871954-bd48-4d73-a373-6086f890944d,t3,t3,Self-funded worker,lp81760,The Steuart by Citrus,1459938501-BI-NRF,"Premium Room, City View - Early check-in or late check-out subject to availability",25519,Breakfast Included,false,123,5,false,,18793,9089,1,0,0,2026-08-20T00:51:20.152Z
8960e18d-42f0-4fa9-a48d-a954347cdc7d,t3,t3,Self-funded worker,lp655a9e91,Zest Metropole,4358364-RO-RFN,Deluxe Double Room,21223,Room Only,true,20,5,false,,15850,7049,1,0,0,2026-08-20T00:51:20.927Z
35a40275-4330-4bd7-9ea6-8abdf15514b6,t3,t3,Self-funded worker,lp71118,CityRest Fort,1459617182-RO-RFN,Standard Double Room,11502,Room Only,true,,2,false,,15924,5706,1,0,0,2026-08-20T00:51:21.715Z
85ebaf60-d450-4ee6-9c7d-0a51c31e4a93,t3,t3,Self-funded worker,lp81760,The Steuart by Citrus,1459938501-RO-NRF,"Premium Room, City View - Early check-in or late check-out subject to availability",22604,Room Only,false,123,5,false,,17847,8918,1,0,0,2026-08-20T00:51:22.171Z
2fbd8f25-4957-475e-b109-528c855d107d,t3,t3,Self-funded worker,lp81760,The Steuart by Citrus,1459938501-BI-NRF,"Premium Room, City View - Early check-in or late check-out subject to availability",25519,Breakfast Included,false,123,5,false,,15081,5587,1,0,0,2026-08-20T00:51:22.458Z
c9517786-d68a-405c-ae71-d5712b510a9a,t3,t3,Self-funded worker,lp65589ffb,MaRadha Colombo,8208286-RO-RFN,Standard Double Room,35408,Room Only,true,27,2,false,,17041,8118,1,0,0,2026-08-20T00:51:23.147Z
919c8ddf-db8d-416d-aa8a-848b49a724ca,t3,t3,Self-funded worker,lpb1537,Shangri-La Colombo,2416733-RO-NRF,Deluxe Lake View King,68781,Room Only,false,42,5,false,,17835,7456,1,0,0,2026-08-20T00:51:23.196Z
444e08a0-501e-490a-906b-fc16a05291d3,t3,t3,Self-funded worker,lp9855f,Fairway Colombo - Sri Lanka's First Hotel With Robot Technology,1459963988-RO-RFN,Superior Twin Room,28429,Room Only,true,22,5,false,,18887,8719,1,0,0,2026-08-20T00:51:26.129Z
71d5b095-0645-4c31-9a1b-608189360a6a,t4,t4,Family on holiday,lp76eba,Radisson Hotel Colombo,7559276-BI-RFN,Superior Room,36248,Breakfast Included,true,24,5,false,,16525,6817,1,0,0,2026-08-20T00:51:36.252Z
c4871954-bd48-4d73-a373-6086f890944d,t4,t4,Family on holiday,lp67286,Colombo Court Hotel & Spa,481449-RO-RFN,Suite,52144,Room Only,true,44,5,false,,16927,7922,1,0,0,2026-08-20T00:51:37.655Z
4a6e2dd4-6e4b-41b2-871a-90766d4ca1fc,t4,t4,Family on holiday,lp65589ffb,MaRadha Colombo,8208286-RO-RFN,Standard Double Room,35408,Room Only,true,27,2,false,,18180,8225,1,0,0,2026-08-20T00:51:38.164Z
35a40275-4330-4bd7-9ea6-8abdf15514b6,t4,t4,Family on holiday,lp65589ffb,MaRadha Colombo,8208286-BI-RFN,Standard Double Room,42521,Breakfast Included,true,27,2,false,,16357,6269,1,0,0,2026-08-20T00:51:38.709Z
85ebaf60-d450-4ee6-9c7d-0a51c31e4a93,t4,t4,Family on holiday,lp6f007,Clock Inn Colombo,1321691606-BI-RFN,Family Quadruple Room,16763,Breakfast Included,true,25,2,false,,16158,6926,1,0,0,2026-08-20T00:51:38.902Z
8960e18d-42f0-4fa9-a48d-a954347cdc7d,t4,t4,Family on holiday,lp76eba,Radisson Hotel Colombo,7559276-RO-RFN,Superior Room,27402,Room Only,true,24,5,false,,17372,7105,1,0,0,2026-08-20T00:51:39.232Z
c9517786-d68a-405c-ae71-d5712b510a9a,t4,t4,Family on holiday,lp656d40c7,Sheraton Colombo Hotel,1460149481-RO-RFN,Deluxe Twin Room with Ocean View with 15% spa discount per room + 15% F&B discount per room + Early check in a,63767,Room Only,true,36,5,false,,17919,7511,1,0,0,2026-08-20T00:51:41.773Z
2fbd8f25-4957-475e-b109-528c855d107d,t4,t4,Family on holiday,lp76eba,Radisson Hotel Colombo,7559276-RO-RFN,Superior Room,27402,Room Only,true,24,5,false,,18858,8532,1,0,0,2026-08-20T00:51:41.861Z
919c8ddf-db8d-416d-aa8a-848b49a724ca,t4,t4,Family on holiday,lp6f007,Clock Inn Colombo,1321691605-BI-RFN,Standard Double Room,13715,Breakfast Included,true,25,2,false,,17779,7467,1,0,0,2026-08-20T00:51:41.983Z
444e08a0-501e-490a-906b-fc16a05291d3,t4,t4,Family on holiday,lp67286,Colombo Court Hotel & Spa,481449-RO-RFN,Suite,52144,Room Only,true,44,5,false,,20539,8741,1,0,0,2026-08-20T00:51:47.519Z
71d5b095-0645-4c31-9a1b-608189360a6a,t5,t5,Light sleeper,lp72a36,Best Western Elyon Colombo,513432-RO-RFN,Deluxe King Room,19568,Room Only,true,24,3,false,,15989,6201,1,0,0,2026-08-20T00:51:52.875Z
4a6e2dd4-6e4b-41b2-871a-90766d4ca1fc,t5,t5,Light sleeper,lp72a36,Best Western Elyon Colombo,1459894716-RO-RFN,"Deluxe Room, 2 Twin Beds, Non Smoking",19568,Room Only,true,,3,false,,16953,9218,1,0,0,2026-08-20T00:51:55.856Z
c4871954-bd48-4d73-a373-6086f890944d,t5,t5,Light sleeper,lp72a36,Best Western Elyon Colombo,1459894716-RO-RFN,"Deluxe Room, 2 Twin Beds, Non Smoking",19568,Room Only,true,,3,false,,18145,8744,1,0,0,2026-08-20T00:51:56.207Z
8960e18d-42f0-4fa9-a48d-a954347cdc7d,t5,t5,Light sleeper,lp67708,Supun Arcade Residency,481434-RO-RFN,One-Bedroom Apartment with 15% Discount on Food & Beverage,20768,Room Only,true,121,5,false,,18415,8998,1,0,0,2026-08-20T00:51:58.133Z
85ebaf60-d450-4ee6-9c7d-0a51c31e4a93,t5,t5,Light sleeper,lp67708,Supun Arcade Residency,481434-BI-RFN,One-Bedroom Apartment with 15% Discount on Food & Beverage,24663,Breakfast Included,true,121,5,false,,19333,8207,1,0,0,2026-08-20T00:51:58.637Z
35a40275-4330-4bd7-9ea6-8abdf15514b6,t5,t5,Light sleeper,lp72a36,Best Western Elyon Colombo,513432-RO-RFN,Deluxe King Room,19568,Room Only,true,24,3,false,,21069,9781,1,0,0,2026-08-20T00:52:00.219Z
c9517786-d68a-405c-ae71-d5712b510a9a,t5,t5,Light sleeper,lp656d40c7,Sheraton Colombo Hotel,1460149481-RO-RFN,Deluxe Twin Room with Ocean View with 15% spa discount per room + 15% F&B discount per room + Early check in a,63767,Room Only,true,36,5,false,,18941,7569,1,0,0,2026-08-20T00:52:01.244Z
919c8ddf-db8d-416d-aa8a-848b49a724ca,t5,t5,Light sleeper,lp6e625,Hotel Janaki,479119-BI-RFN,Deluxe Double Room,15319,Breakfast Included,true,14,2,false,,19114,8148,1,0,0,2026-08-20T00:52:01.728Z
2fbd8f25-4957-475e-b109-528c855d107d,t5,t5,Light sleeper,lp6e625,Hotel Janaki,479121-BI-RFN,Deluxe Room with Pool View,15319,Breakfast Included,true,14,2,false,,19439,9938,1,0,0,2026-08-20T00:52:01.755Z
444e08a0-501e-490a-906b-fc16a05291d3,t5,t5,Light sleeper,lp6e625,Hotel Janaki,479121-BI-RFN,Deluxe Room with Pool View,15319,Breakfast Included,true,14,2,false,,19537,7876,1,0,0,2026-08-20T00:52:08.306Z
71d5b095-0645-4c31-9a1b-608189360a6a,t6,t6,Beach weekender,lp40d3f,Global Towers Hotel & Apartments,476927-RO-RFN,Double or Twin Room,16041,Room Only,true,27,3,false,,16613,6388,1,0,0,2026-08-20T00:52:10.062Z
85ebaf60-d450-4ee6-9c7d-0a51c31e4a93,t6,t6,Beach weekender,lp7c172,Mirage Colombo,487132-RO-RFN,Standard Double Room,20482,Room Only,true,27,5,false,,13900,4833,1,0,0,2026-08-20T00:52:13.788Z
c4871954-bd48-4d73-a373-6086f890944d,t6,t6,Beach weekender,lp40d3f,Global Towers Hotel & Apartments,476929-RO-RFN,Two-Bedroom Apartment with Sea View/City view,41030,Room Only,true,124,3,false,,18286,7786,1,0,0,2026-08-20T00:52:15.038Z
4a6e2dd4-6e4b-41b2-871a-90766d4ca1fc,t6,t6,Beach weekender,lp40d3f,Global Towers Hotel & Apartments,476929-RO-RFN,Two-Bedroom Apartment with Sea View/City view,41030,Room Only,true,124,3,false,,18825,8129,1,0,0,2026-08-20T00:52:15.217Z
8960e18d-42f0-4fa9-a48d-a954347cdc7d,t6,t6,Beach weekender,lp7c172,Mirage Colombo,487132-RO-RFN,Standard Double Room,20482,Room Only,true,27,5,false,,17160,7507,1,0,0,2026-08-20T00:52:15.794Z
35a40275-4330-4bd7-9ea6-8abdf15514b6,t6,t6,Beach weekender,lp7c172,Mirage Colombo,487132-RO-RFN,Standard Double Room,20482,Room Only,true,27,5,false,,16678,6170,1,0,0,2026-08-20T00:52:17.520Z
2fbd8f25-4957-475e-b109-528c855d107d,t6,t6,Beach weekender,lp7c172,Mirage Colombo,487132-RO-RFN,Standard Double Room,20482,Room Only,true,27,5,false,,15414,5623,1,0,0,2026-08-20T00:52:17.718Z
c9517786-d68a-405c-ae71-d5712b510a9a,t6,t6,Beach weekender,lp65589ffb,MaRadha Colombo,8208286-BI-RFN,Standard Double Room,42521,Breakfast Included,true,27,2,false,,16696,5951,1,0,0,2026-08-20T00:52:18.577Z
919c8ddf-db8d-416d-aa8a-848b49a724ca,t6,t6,Beach weekender,lp7c172,Mirage Colombo,487132-RO-RFN,Standard Double Room,20482,Room Only,true,27,5,false,,18303,8099,1,0,0,2026-08-20T00:52:20.655Z
71d5b095-0645-4c31-9a1b-608189360a6a,t7,t7,Long-stay consultant,lpc0df6,Fern Colombo,4237597-RO-RFN,Deluxe Twin Room,16245,Room Only,true,25,2,false,,13734,5540,1,0,0,2026-08-20T00:52:24.304Z
444e08a0-501e-490a-906b-fc16a05291d3,t6,t6,Beach weekender,lp7c172,Mirage Colombo,487132-BI-RFN,Standard Double Room,24581,Breakfast Included,true,27,5,false,,18717,8614,1,0,0,2026-08-20T00:52:27.689Z
4a6e2dd4-6e4b-41b2-871a-90766d4ca1fc,t7,t7,Long-stay consultant,lp5f0e5,Paradise Road Tintagel Colombo,476937-BI-RFN,Executive Suite,105766,Breakfast Included,true,32,2,false,,14013,5925,1,0,0,2026-08-20T00:52:29.725Z
c4871954-bd48-4d73-a373-6086f890944d,t7,t7,Long-stay consultant,lpc0df6,Fern Colombo,4237597-RO-RFN,Deluxe Twin Room,16245,Room Only,true,25,2,false,,17664,7360,1,0,0,2026-08-20T00:52:33.413Z
85ebaf60-d450-4ee6-9c7d-0a51c31e4a93,t7,t7,Long-stay consultant,lpc0df6,Fern Colombo,4237595-RO-RFN,King Room,16245,Room Only,true,25,2,false,,18830,7129,1,0,0,2026-08-20T00:52:33.414Z
8960e18d-42f0-4fa9-a48d-a954347cdc7d,t7,t7,Long-stay consultant,lp857b8,Zylan Colombo,1461137737-RO-RFN,Deluxe Triple Room,35761,Room Only,true,32,5,false,,18106,9502,1,0,0,2026-08-20T00:52:34.572Z
2fbd8f25-4957-475e-b109-528c855d107d,t7,t7,Long-stay consultant,lp857b8,Zylan Colombo,1461137737-RO-RFN,Deluxe Triple Room,35761,Room Only,true,32,5,false,,17492,7271,1,0,0,2026-08-20T00:52:35.814Z
c9517786-d68a-405c-ae71-d5712b510a9a,t7,t7,Long-stay consultant,lp65589ffb,MaRadha Colombo,8208286-RO-RFN,Standard Double Room,35408,Room Only,true,27,2,false,,18044,8582,1,0,0,2026-08-20T00:52:37.378Z
919c8ddf-db8d-416d-aa8a-848b49a724ca,t7,t7,Long-stay consultant,lpc0df6,Fern Colombo,4237597-RO-RFN,Deluxe Twin Room,16245,Room Only,true,25,2,false,,16352,6817,1,0,0,2026-08-20T00:52:37.540Z
35a40275-4330-4bd7-9ea6-8abdf15514b6,t7,t7,Long-stay consultant,lp857b8,Zylan Colombo,481438-RO-RFN,Executive Room with Jacuzzi - 10% off on Food & Beverage,34557,Room Only,true,60,5,false,,19781,8865,1,0,0,2026-08-20T00:52:38.026Z
71d5b095-0645-4c31-9a1b-608189360a6a,t8,t8,Value-seeking couple,lp6557c6e0,Granbell Hotel Colombo,4368098-RO-NRF,Superior Double City View,28807,Room Only,false,27,3,false,,16424,6717,1,0,0,2026-08-20T00:52:41.403Z
4a6e2dd4-6e4b-41b2-871a-90766d4ca1fc,t8,t8,Value-seeking couple,lp6574b103,"Amari Colombo, Sri Lanka",844831-RO-RFN,Superior City View Twin,42203,Room Only,true,29,5,false,,18112,7572,1,0,0,2026-08-20T00:52:48.441Z
444e08a0-501e-490a-906b-fc16a05291d3,t7,t7,Long-stay consultant,lp857b8,Zylan Colombo,481438-RO-RFN,Executive Room with Jacuzzi - 10% off on Food & Beverage,34557,Room Only,true,60,5,false,,20349,9922,1,0,0,2026-08-20T00:52:48.608Z
4a6e2dd4-6e4b-41b2-871a-90766d4ca1fc,t9,t9,Remote worker,lp7c172,Mirage Colombo,487132-BI-RFN,Standard Double Room,24581,Breakfast Included,true,27,5,false,,18803,10111,1,0,0,2026-08-20T00:53:18.860Z
2fbd8f25-4957-475e-b109-528c855d107d,t8,t8,Value-seeking couple,lp656d40c7,Sheraton Colombo Hotel,5289360-RO-RFN,Deluxe Twin Room with City View with 15% spa discount per room + 15% F&B discount per room + Early check in an,56627,Room Only,true,36,5,false,,17085,7807,1,0,0,2026-08-20T00:53:18.868Z
444e08a0-501e-490a-906b-fc16a05291d3,t8,t8,Value-seeking couple,lpb1537,Shangri-La Colombo,2416743-RO-NRF,Deluxe Lake View Twin,68781,Room Only,false,42,5,false,,18450,6936,1,0,0,2026-08-20T00:53:18.956Z
c4871954-bd48-4d73-a373-6086f890944d,t8,t8,Value-seeking couple,lp6574b103,"Amari Colombo, Sri Lanka",844831-RO-RFN,Superior City View Twin,42203,Room Only,true,29,5,false,,19605,8863,1,0,0,2026-08-20T00:53:19.348Z
85ebaf60-d450-4ee6-9c7d-0a51c31e4a93,t8,t8,Value-seeking couple,lp656d3aa9,Sofia Colombo City Hotel,1459099171-RO-RFN,Deluxe Twin Room with Partial Sea View,23620,Room Only,true,21,3,false,,19930,10071,1,0,0,2026-08-20T00:53:19.733Z
35a40275-4330-4bd7-9ea6-8abdf15514b6,t8,t8,Value-seeking couple,lp656d3aa9,Sofia Colombo City Hotel,5336222-RO-RFN,Deluxe Twin Room with Sea View,27990,Room Only,true,21,3,false,,16017,6665,1,0,0,2026-08-20T00:53:20.372Z
444e08a0-501e-490a-906b-fc16a05291d3,t8,t8,Value-seeking couple,lpb1537,Shangri-La Colombo,2416743-RO-NRF,Deluxe Lake View Twin,68781,Room Only,false,42,5,false,,18450,6936,1,0,0,2026-08-20T00:53:24.686Z
4a6e2dd4-6e4b-41b2-871a-90766d4ca1fc,t10,t10,Business traveller,lp857b8,Zylan Colombo,1461137737-RO-RFN,Deluxe Triple Room,35761,Room Only,true,32,5,false,,6252,170,1,0,0,2026-08-20T00:53:26.901Z
4a6e2dd4-6e4b-41b2-871a-90766d4ca1fc,t9,t9,Remote worker,lp7c172,Mirage Colombo,487132-BI-RFN,Standard Double Room,24581,Breakfast Included,true,27,5,false,,18803,10111,1,0,0,2026-08-20T00:53:29.313Z
35a40275-4330-4bd7-9ea6-8abdf15514b6,t9,t9,Remote worker,lp7c172,Mirage Colombo,487132-BI-RFN,Standard Double Room,24581,Breakfast Included,true,27,5,false,,17879,7564,1,0,0,2026-08-20T00:53:39.942Z
4a6e2dd4-6e4b-41b2-871a-90766d4ca1fc,t_attn,t_attn,Attention check,lp3e58e,The Kingsbury Colombo,479092-BI-RFN,Superior Room,37797,Breakfast Included,true,23,2,true,false,16280,6677,1,0,0,2026-08-20T00:53:43.722Z
35a40275-4330-4bd7-9ea6-8abdf15514b6,t10,t10,Business traveller,lp72a36,Best Western Elyon Colombo,513432-RO-RFN,Deluxe King Room,19568,Room Only,true,24,3,false,,18763,8639,1,0,0,2026-08-20T00:53:59.056Z
5fc23982-51c7-43fc-b050-4bfdd0659201,t1,t1,Evening walker,lpb1537,Shangri-La Colombo,2416733-RO-RFN,Deluxe Lake View King,73076,Room Only,true,42,5,false,,15277,6324,1,0,0,2026-08-20T00:54:58.097Z
ccf32534-6b22-4174-bbd6-7210c123ac91,t1,t1,Evening walker,lpb1537,Shangri-La Colombo,2416733-RO-NRF,Deluxe Lake View King,68781,Room Only,false,42,5,false,,15697,6063,1,0,0,2026-08-20T00:54:58.860Z
ffc4f051-0771-4181-a3cd-f9a51b972a93,t1,t1,Evening walker,lpb1537,Shangri-La Colombo,2416733-RO-NRF,Deluxe Lake View King,68781,Room Only,false,42,5,false,,16102,7061,1,0,0,2026-08-20T00:54:59.606Z
e427118b-44a2-4b78-8246-32c9e7bec002,t1,t1,Evening walker,lp65589ffb,MaRadha Colombo,8208286-BI-RFN,Standard Double Room,42521,Breakfast Included,true,27,2,false,,17689,8951,1,0,0,2026-08-20T00:55:02.042Z
80fad8a4-3491-4b7b-a8da-6d0d1f9c2eec,t1,t1,Evening walker,lp65589ffb,MaRadha Colombo,8208286-RO-RFN,Standard Double Room,35408,Room Only,true,27,2,false,,16690,7359,1,0,0,2026-08-20T00:55:02.064Z
c9634243-ffb0-4cdd-912a-82444af36ad1,t1,t1,Evening walker,lp3e58e,The Kingsbury Colombo,479092-BI-RFN,Superior Room,37797,Breakfast Included,true,23,2,false,,19646,9296,1,0,0,2026-08-20T00:55:02.112Z
64e8bb34-b775-4a43-ac5e-79269d3c8d09,t1,t1,Evening walker,lp3e58e,The Kingsbury Colombo,479092-BI-RFN,Superior Room,37797,Breakfast Included,true,23,2,false,,18477,9356,1,0,0,2026-08-20T00:55:03.032Z
14424e6f-12dd-46c0-86d1-87650ee33654,t1,t1,Evening walker,lp71118,CityRest Fort,1459617182-RO-RFN,Standard Double Room,11502,Room Only,true,,2,false,,16917,6532,1,0,0,2026-08-20T00:55:03.385Z
e400e7b0-a508-410b-82f5-7ec5e527b41e,t1,t1,Evening walker,lp71118,CityRest Fort,1459617182-RO-RFN,Standard Double Room,11502,Room Only,true,,2,false,,20068,8874,1,0,0,2026-08-20T00:55:04.317Z
31346ca4-4d28-426c-a548-0ad129c277f3,t1,t1,Evening walker,lpb1537,Shangri-La Colombo,2416743-RO-NRF,Deluxe Lake View Twin,68781,Room Only,false,42,5,false,,20492,9256,1,0,0,2026-08-20T00:55:05.665Z
5fc23982-51c7-43fc-b050-4bfdd0659201,t2,t2,Business traveller,lp656d40c7,Sheraton Colombo Hotel,1460149481-RO-RFN,Deluxe Twin Room with Ocean View with 15% spa discount per room + 15% F&B discount per room + Early check in a,63767,Room Only,true,36,5,false,,17943,7493,1,0,0,2026-08-20T00:55:16.864Z
ccf32534-6b22-4174-bbd6-7210c123ac91,t2,t2,Business traveller,lp72a36,Best Western Elyon Colombo,1459894716-RO-RFN,"Deluxe Room, 2 Twin Beds, Non Smoking",19568,Room Only,true,,3,false,,17983,8757,1,0,0,2026-08-20T00:55:17.296Z
80fad8a4-3491-4b7b-a8da-6d0d1f9c2eec,t2,t2,Business traveller,lpb1537,Shangri-La Colombo,2416733-RO-RFN,Deluxe Lake View King,73076,Room Only,true,42,5,false,,14786,5863,1,0,0,2026-08-20T00:55:17.486Z
ffc4f051-0771-4181-a3cd-f9a51b972a93,t2,t2,Business traveller,lp857b8,Zylan Colombo,481438-RO-RFN,Executive Room with Jacuzzi - 10% off on Food & Beverage,34557,Room Only,true,60,5,false,,19678,9161,1,0,0,2026-08-20T00:55:19.771Z
c9634243-ffb0-4cdd-912a-82444af36ad1,t2,t2,Business traveller,lpc0df6,Fern Colombo,4237595-RO-RFN,King Room,16245,Room Only,true,25,2,false,,18093,7759,1,0,0,2026-08-20T00:55:20.724Z
64e8bb34-b775-4a43-ac5e-79269d3c8d09,t2,t2,Business traveller,lp5f0e5,Paradise Road Tintagel Colombo,476937-RO-RFN,Executive Suite,96633,Room Only,true,32,2,false,,17327,8175,1,0,0,2026-08-20T00:55:20.845Z
14424e6f-12dd-46c0-86d1-87650ee33654,t2,t2,Business traveller,lp857b8,Zylan Colombo,481438-RO-RFN,Executive Room with Jacuzzi - 10% off on Food & Beverage,34557,Room Only,true,60,5,false,,16886,6861,1,0,0,2026-08-20T00:55:21.033Z
e427118b-44a2-4b78-8246-32c9e7bec002,t2,t2,Business traveller,lp5f0e5,Paradise Road Tintagel Colombo,476937-BI-RFN,Executive Suite,105766,Breakfast Included,true,32,2,false,,19551,9381,1,0,0,2026-08-20T00:55:21.976Z
31346ca4-4d28-426c-a548-0ad129c277f3,t2,t2,Business traveller,lp72a36,Best Western Elyon Colombo,1459894716-RO-RFN,"Deluxe Room, 2 Twin Beds, Non Smoking",19568,Room Only,true,,3,false,,16289,7948,1,0,0,2026-08-20T00:55:22.406Z
e400e7b0-a508-410b-82f5-7ec5e527b41e,t2,t2,Business traveller,lp65589ffb,MaRadha Colombo,8208286-RO-RFN,Standard Double Room,35408,Room Only,true,27,2,false,,17862,7251,1,0,0,2026-08-20T00:55:22.561Z
5fc23982-51c7-43fc-b050-4bfdd0659201,t3,t3,Self-funded worker,lpb1537,Shangri-La Colombo,2416733-RO-NRF,Deluxe Lake View King,68781,Room Only,false,42,5,false,,16338,7184,1,0,0,2026-08-20T00:55:34.156Z
80fad8a4-3491-4b7b-a8da-6d0d1f9c2eec,t3,t3,Self-funded worker,lp9855f,Fairway Colombo - Sri Lanka's First Hotel With Robot Technology,1459638294-BI-RFN,Superior Balcony Room,32800,Breakfast Included,true,31,5,false,,18038,8118,1,0,0,2026-08-20T00:55:36.014Z
ccf32534-6b22-4174-bbd6-7210c123ac91,t3,t3,Self-funded worker,lp81760,The Steuart by Citrus,1459938501-RO-NRF,"Premium Room, City View - Early check-in or late check-out subject to availability",22604,Room Only,false,123,5,false,,20437,10270,1,0,0,2026-08-20T00:55:38.206Z
c9634243-ffb0-4cdd-912a-82444af36ad1,t3,t3,Self-funded worker,lp81760,The Steuart by Citrus,1459938501-BI-NRF,"Premium Room, City View - Early check-in or late check-out subject to availability",25519,Breakfast Included,false,123,5,false,,17808,6190,1,0,0,2026-08-20T00:55:39.005Z
e400e7b0-a508-410b-82f5-7ec5e527b41e,t3,t3,Self-funded worker,lpb1537,Shangri-La Colombo,2416733-RO-RFN,Deluxe Lake View King,73076,Room Only,true,42,5,false,,16247,6693,1,0,0,2026-08-20T00:55:39.532Z
14424e6f-12dd-46c0-86d1-87650ee33654,t3,t3,Self-funded worker,lp71118,CityRest Fort,1459617182-RO-RFN,Standard Double Room,11502,Room Only,true,,2,false,,16975,7073,1,0,0,2026-08-20T00:55:39.566Z
ffc4f051-0771-4181-a3cd-f9a51b972a93,t3,t3,Self-funded worker,lp65589ffb,MaRadha Colombo,8208286-RO-RFN,Standard Double Room,35408,Room Only,true,27,2,false,,19272,8299,1,0,0,2026-08-20T00:55:39.570Z
64e8bb34-b775-4a43-ac5e-79269d3c8d09,t3,t3,Self-funded worker,lp6f007,Clock Inn Colombo,1321691605-BI-RFN,Standard Double Room,13715,Breakfast Included,true,25,2,false,,19848,8926,1,0,0,2026-08-20T00:55:41.099Z
e427118b-44a2-4b78-8246-32c9e7bec002,t3,t3,Self-funded worker,lp65589ffb,MaRadha Colombo,8208286-RO-RFN,Standard Double Room,35408,Room Only,true,27,2,false,,19420,9247,1,0,0,2026-08-20T00:55:41.966Z
31346ca4-4d28-426c-a548-0ad129c277f3,t3,t3,Self-funded worker,lp9855f,Fairway Colombo - Sri Lanka's First Hotel With Robot Technology,1459638294-BI-RFN,Superior Balcony Room,32800,Breakfast Included,true,31,5,false,,19181,9555,1,0,0,2026-08-20T00:55:42.265Z
5fc23982-51c7-43fc-b050-4bfdd0659201,t4,t4,Family on holiday,lp656d40c7,Sheraton Colombo Hotel,5289365-RO-RFN,Deluxe King Room with City View with 15% spa discount per room + 15% F&B discount per room + Early check in an,56627,Room Only,true,36,5,false,,18741,10088,1,0,0,2026-08-20T00:55:53.398Z
ccf32534-6b22-4174-bbd6-7210c123ac91,t4,t4,Family on holiday,lp76eba,Radisson Hotel Colombo,7559276-RO-RFN,Superior Room,27402,Room Only,true,24,5,false,,15277,6506,1,0,0,2026-08-20T00:55:53.889Z
80fad8a4-3491-4b7b-a8da-6d0d1f9c2eec,t4,t4,Family on holiday,lp76eba,Radisson Hotel Colombo,7559276-RO-RFN,Superior Room,27402,Room Only,true,24,5,false,,18889,9339,1,0,0,2026-08-20T00:55:55.900Z
14424e6f-12dd-46c0-86d1-87650ee33654,t4,t4,Family on holiday,lp71118,CityRest Fort,1459617182-RO-RFN,Standard Double Room,11502,Room Only,true,,2,false,,15965,6189,1,0,0,2026-08-20T00:55:56.038Z
ffc4f051-0771-4181-a3cd-f9a51b972a93,t4,t4,Family on holiday,lpb1537,Shangri-La Colombo,2416743-RO-NRF,Deluxe Lake View Twin,68781,Room Only,false,42,5,false,,17147,7263,1,0,0,2026-08-20T00:55:57.281Z
e400e7b0-a508-410b-82f5-7ec5e527b41e,t4,t4,Family on holiday,lp65589ffb,MaRadha Colombo,8208286-BI-RFN,Standard Double Room,42521,Breakfast Included,true,27,2,false,,18568,9973,1,0,0,2026-08-20T00:55:58.536Z
c9634243-ffb0-4cdd-912a-82444af36ad1,t4,t4,Family on holiday,lp76eba,Radisson Hotel Colombo,7559276-RO-RFN,Superior Room,27402,Room Only,true,24,5,false,,19851,8163,1,0,0,2026-08-20T00:55:59.339Z
64e8bb34-b775-4a43-ac5e-79269d3c8d09,t4,t4,Family on holiday,lp67286,Colombo Court Hotel & Spa,481452-RO-RFN,Duplex Suite,56529,Room Only,true,65,5,false,,18518,9012,1,0,0,2026-08-20T00:56:00.059Z
e427118b-44a2-4b78-8246-32c9e7bec002,t4,t4,Family on holiday,lp656d40c7,Sheraton Colombo Hotel,1460149481-RO-RFN,Deluxe Twin Room with Ocean View with 15% spa discount per room + 15% F&B discount per room + Early check in a,63767,Room Only,true,36,5,false,,17390,8358,1,0,0,2026-08-20T00:56:00.069Z
31346ca4-4d28-426c-a548-0ad129c277f3,t4,t4,Family on holiday,lp76eba,Radisson Hotel Colombo,7559276-BI-RFN,Superior Room,36248,Breakfast Included,true,24,5,false,,18394,8254,1,0,0,2026-08-20T00:56:01.017Z
5fc23982-51c7-43fc-b050-4bfdd0659201,t5,t5,Light sleeper,lp656d40c7,Sheraton Colombo Hotel,5289360-RO-RFN,Deluxe Twin Room with City View with 15% spa discount per room + 15% F&B discount per room + Early check in an,56627,Room Only,true,36,5,false,,18525,8422,1,0,0,2026-08-20T00:56:12.710Z
ccf32534-6b22-4174-bbd6-7210c123ac91,t5,t5,Light sleeper,lp72a36,Best Western Elyon Colombo,513432-RO-RFN,Deluxe King Room,19568,Room Only,true,24,3,false,,18397,9013,1,0,0,2026-08-20T00:56:12.741Z
e400e7b0-a508-410b-82f5-7ec5e527b41e,t5,t5,Light sleeper,lp656d40c7,Sheraton Colombo Hotel,5289365-RO-RFN,Deluxe King Room with City View with 15% spa discount per room + 15% F&B discount per room + Early check in an,56627,Room Only,true,36,5,false,,15210,6548,1,0,0,2026-08-20T00:56:14.259Z
14424e6f-12dd-46c0-86d1-87650ee33654,t5,t5,Light sleeper,lp72a36,Best Western Elyon Colombo,1459894716-RO-RFN,"Deluxe Room, 2 Twin Beds, Non Smoking",19568,Room Only,true,,3,false,,17836,9158,1,0,0,2026-08-20T00:56:14.537Z
31346ca4-4d28-426c-a548-0ad129c277f3,t5,t5,Light sleeper,lp72a36,Best Western Elyon Colombo,1459894716-RO-RFN,"Deluxe Room, 2 Twin Beds, Non Smoking",19568,Room Only,true,,3,false,,14354,6700,1,0,0,2026-08-20T00:56:15.865Z
e427118b-44a2-4b78-8246-32c9e7bec002,t5,t5,Light sleeper,lp656d40c7,Sheraton Colombo Hotel,5289360-RO-RFN,Deluxe Twin Room with City View with 15% spa discount per room + 15% F&B discount per room + Early check in an,56627,Room Only,true,36,5,false,,15828,6133,1,0,0,2026-08-20T00:56:16.490Z
ffc4f051-0771-4181-a3cd-f9a51b972a93,t5,t5,Light sleeper,lp65589ffb,MaRadha Colombo,8208286-RO-RFN,Standard Double Room,35408,Room Only,true,27,2,false,,18289,7773,1,0,0,2026-08-20T00:56:16.569Z
c9634243-ffb0-4cdd-912a-82444af36ad1,t5,t5,Light sleeper,lp72a36,Best Western Elyon Colombo,1459894716-RO-RFN,"Deluxe Room, 2 Twin Beds, Non Smoking",19568,Room Only,true,,3,false,,17157,8306,1,0,0,2026-08-20T00:56:17.090Z
80fad8a4-3491-4b7b-a8da-6d0d1f9c2eec,t5,t5,Light sleeper,lp656d40c7,Sheraton Colombo Hotel,5289365-RO-RFN,Deluxe King Room with City View with 15% spa discount per room + 15% F&B discount per room + Early check in an,56627,Room Only,true,36,5,false,,20290,10304,1,0,0,2026-08-20T00:56:17.424Z
64e8bb34-b775-4a43-ac5e-79269d3c8d09,t5,t5,Light sleeper,lp72a36,Best Western Elyon Colombo,1459894716-RO-RFN,"Deluxe Room, 2 Twin Beds, Non Smoking",19568,Room Only,true,,3,false,,19575,9855,1,0,0,2026-08-20T00:56:20.183Z
ccf32534-6b22-4174-bbd6-7210c123ac91,t6,t6,Beach weekender,lp67708,Supun Arcade Residency,481434-BI-RFN,One-Bedroom Apartment with 15% Discount on Food & Beverage,24663,Breakfast Included,true,121,5,false,,18307,7092,1,0,0,2026-08-20T00:56:31.690Z
31346ca4-4d28-426c-a548-0ad129c277f3,t6,t6,Beach weekender,lp67708,Supun Arcade Residency,481434-BI-RFN,One-Bedroom Apartment with 15% Discount on Food & Beverage,24663,Breakfast Included,true,121,5,false,,15528,6724,1,0,0,2026-08-20T00:56:31.819Z
5fc23982-51c7-43fc-b050-4bfdd0659201,t6,t6,Beach weekender,lp65589ffb,MaRadha Colombo,8208286-BI-RFN,Standard Double Room,42521,Breakfast Included,true,27,2,false,,19009,9058,1,0,0,2026-08-20T00:56:32.130Z
80fad8a4-3491-4b7b-a8da-6d0d1f9c2eec,t6,t6,Beach weekender,lp65589ffb,MaRadha Colombo,8208286-RO-RFN,Standard Double Room,35408,Room Only,true,27,2,false,,15008,5029,1,0,0,2026-08-20T00:56:33.009Z
e400e7b0-a508-410b-82f5-7ec5e527b41e,t6,t6,Beach weekender,lpb1537,Shangri-La Colombo,2416733-RO-NRF,Deluxe Lake View King,68781,Room Only,false,42,5,false,,18900,10245,1,0,0,2026-08-20T00:56:33.636Z
e427118b-44a2-4b78-8246-32c9e7bec002,t6,t6,Beach weekender,lp656d40c7,Sheraton Colombo Hotel,5289360-RO-RFN,Deluxe Twin Room with City View with 15% spa discount per room + 15% F&B discount per room + Early check in an,56627,Room Only,true,36,5,false,,17209,7052,1,0,0,2026-08-20T00:56:34.899Z
14424e6f-12dd-46c0-86d1-87650ee33654,t6,t6,Beach weekender,lp76eba,Radisson Hotel Colombo,7559276-BI-RFN,Superior Room,36248,Breakfast Included,true,24,5,false,,20133,10134,1,0,0,2026-08-20T00:56:35.275Z
ffc4f051-0771-4181-a3cd-f9a51b972a93,t6,t6,Beach weekender,lp656d40c7,Sheraton Colombo Hotel,5289365-RO-RFN,Deluxe King Room with City View with 15% spa discount per room + 15% F&B discount per room + Early check in an,56627,Room Only,true,36,5,false,,18937,8667,1,0,0,2026-08-20T00:56:35.902Z
c9634243-ffb0-4cdd-912a-82444af36ad1,t6,t6,Beach weekender,lp7c172,Mirage Colombo,487132-RO-RFN,Standard Double Room,20482,Room Only,true,27,5,false,,20464,9579,1,0,0,2026-08-20T00:56:38.212Z
64e8bb34-b775-4a43-ac5e-79269d3c8d09,t6,t6,Beach weekender,lp7c172,Mirage Colombo,487132-BI-RFN,Standard Double Room,24581,Breakfast Included,true,27,5,false,,17906,9116,1,0,0,2026-08-20T00:56:38.640Z
ccf32534-6b22-4174-bbd6-7210c123ac91,t7,t7,Long-stay consultant,lpc0df6,Fern Colombo,4237597-RO-RFN,Deluxe Twin Room,16245,Room Only,true,25,2,false,,14696,5878,1,0,0,2026-08-20T00:56:46.930Z
31346ca4-4d28-426c-a548-0ad129c277f3,t7,t7,Long-stay consultant,lp857b8,Zylan Colombo,481438-RO-RFN,Executive Room with Jacuzzi - 10% off on Food & Beverage,34557,Room Only,true,60,5,false,,16367,6572,1,0,0,2026-08-20T00:56:48.658Z
14424e6f-12dd-46c0-86d1-87650ee33654,t7,t7,Long-stay consultant,lpc0df6,Fern Colombo,4237597-RO-RFN,Deluxe Twin Room,16245,Room Only,true,25,2,false,,14578,6827,1,0,0,2026-08-20T00:56:50.365Z
e400e7b0-a508-410b-82f5-7ec5e527b41e,t7,t7,Long-stay consultant,lp857b8,Zylan Colombo,481438-RO-RFN,Executive Room with Jacuzzi - 10% off on Food & Beverage,34557,Room Only,true,60,5,false,,15539,6000,1,0,0,2026-08-20T00:56:50.384Z
5fc23982-51c7-43fc-b050-4bfdd0659201,t7,t7,Long-stay consultant,lp65589ffb,MaRadha Colombo,8208286-RO-RFN,Standard Double Room,35408,Room Only,true,27,2,false,,18309,8310,1,0,0,2026-08-20T00:56:50.960Z
80fad8a4-3491-4b7b-a8da-6d0d1f9c2eec,t7,t7,Long-stay consultant,lp857b8,Zylan Colombo,481438-RO-RFN,Executive Room with Jacuzzi - 10% off on Food & Beverage,34557,Room Only,true,60,5,false,,18404,8750,1,0,0,2026-08-20T00:56:53.768Z
e427118b-44a2-4b78-8246-32c9e7bec002,t7,t7,Long-stay consultant,lp65589ffb,MaRadha Colombo,8208286-BI-RFN,Standard Double Room,42521,Breakfast Included,true,27,2,false,,19717,9236,1,0,0,2026-08-20T00:56:55.085Z
64e8bb34-b775-4a43-ac5e-79269d3c8d09,t7,t7,Long-stay consultant,lp857b8,Zylan Colombo,481438-RO-RFN,Executive Room with Jacuzzi - 10% off on Food & Beverage,34557,Room Only,true,60,5,false,,16320,6661,1,0,0,2026-08-20T00:56:55.604Z
ffc4f051-0771-4181-a3cd-f9a51b972a93,t7,t7,Long-stay consultant,lp65589ffb,MaRadha Colombo,8208286-BI-RFN,Standard Double Room,42521,Breakfast Included,true,27,2,false,,19309,9059,1,0,0,2026-08-20T00:56:55.741Z
c9634243-ffb0-4cdd-912a-82444af36ad1,t7,t7,Long-stay consultant,lp5f0e5,Paradise Road Tintagel Colombo,476937-BI-RFN,Executive Suite,105766,Breakfast Included,true,32,2,false,,17781,7883,1,0,0,2026-08-20T00:56:56.401Z
31346ca4-4d28-426c-a548-0ad129c277f3,t8,t8,Value-seeking couple,lp656d40c7,Sheraton Colombo Hotel,5289365-RO-RFN,Deluxe King Room with City View with 15% spa discount per room + 15% F&B discount per room + Early check in an,56627,Room Only,true,36,5,false,,15021,5966,1,0,0,2026-08-20T00:57:04.164Z
ccf32534-6b22-4174-bbd6-7210c123ac91,t8,t8,Value-seeking couple,lp6574b103,"Amari Colombo, Sri Lanka",844831-RO-RFN,Superior City View Twin,42203,Room Only,true,29,5,false,,18020,7196,1,0,0,2026-08-20T00:57:05.634Z
e400e7b0-a508-410b-82f5-7ec5e527b41e,t8,t8,Value-seeking couple,lp6574b103,"Amari Colombo, Sri Lanka",844831-RO-RFN,Superior City View Twin,42203,Room Only,true,29,5,false,,16495,6428,1,0,0,2026-08-20T00:57:07.413Z
14424e6f-12dd-46c0-86d1-87650ee33654,t8,t8,Value-seeking couple,lp6574b103,"Amari Colombo, Sri Lanka",844831-RO-RFN,Superior City View Twin,42203,Room Only,true,29,5,false,,16837,7516,1,0,0,2026-08-20T00:57:07.703Z
5fc23982-51c7-43fc-b050-4bfdd0659201,t8,t8,Value-seeking couple,lp65589ffb,MaRadha Colombo,8208286-BI-RFN,Standard Double Room,42521,Breakfast Included,true,27,2,false,,19184,8772,1,0,0,2026-08-20T00:57:10.524Z
64e8bb34-b775-4a43-ac5e-79269d3c8d09,t8,t8,Value-seeking couple,lpb1537,Shangri-La Colombo,2416733-RO-NRF,Deluxe Lake View King,68781,Room Only,false,42,5,false,,16182,5746,1,0,0,2026-08-20T00:57:12.472Z
c9634243-ffb0-4cdd-912a-82444af36ad1,t8,t8,Value-seeking couple,lp656d40c7,Sheraton Colombo Hotel,5289360-RO-RFN,Deluxe Twin Room with City View with 15% spa discount per room + 15% F&B discount per room + Early check in an,56627,Room Only,true,36,5,false,,16111,6175,1,0,0,2026-08-20T00:57:12.828Z
80fad8a4-3491-4b7b-a8da-6d0d1f9c2eec,t8,t8,Value-seeking couple,lp656d40c7,Sheraton Colombo Hotel,5289365-RO-RFN,Deluxe King Room with City View with 15% spa discount per room + 15% F&B discount per room + Early check in an,56627,Room Only,true,36,5,false,,18763,8720,1,0,0,2026-08-20T00:57:12.907Z
e427118b-44a2-4b78-8246-32c9e7bec002,t8,t8,Value-seeking couple,lp656d40c7,Sheraton Colombo Hotel,5289360-RO-RFN,Deluxe Twin Room with City View with 15% spa discount per room + 15% F&B discount per room + Early check in an,56627,Room Only,true,36,5,false,,19326,10296,1,0,0,2026-08-20T00:57:14.855Z
ffc4f051-0771-4181-a3cd-f9a51b972a93,t8,t8,Value-seeking couple,lpb1537,Shangri-La Colombo,2416733-RO-RFN,Deluxe Lake View King,73076,Room Only,true,42,5,false,,19404,7747,1,0,0,2026-08-20T00:57:15.538Z
31346ca4-4d28-426c-a548-0ad129c277f3,t9,t9,Remote worker,lp7c172,Mirage Colombo,487132-RO-RFN,Standard Double Room,20482,Room Only,true,27,5,false,,16906,6481,1,0,0,2026-08-20T00:57:21.525Z
d902c8cf-a8d9-4a48-829e-535f4e02e28d,t1,t1,Evening walker,lp6f007,Clock Inn Colombo,1321691605-BI-RFN,Standard Double Room,13715,Breakfast Included,true,25,2,false,,20208,10234,1,0,0,2026-08-20T00:58:48.299Z
d902c8cf-a8d9-4a48-829e-535f4e02e28d,t2,t2,Business traveller,lpc0df6,Fern Colombo,4237595-RO-RFN,King Room,16245,Room Only,true,25,2,false,,14665,5400,1,0,0,2026-08-20T00:59:03.334Z
d902c8cf-a8d9-4a48-829e-535f4e02e28d,t3,t3,Self-funded worker,lp71118,CityRest Fort,1459617182-RO-RFN,Standard Double Room,11502,Room Only,true,,2,false,,17727,6812,1,0,0,2026-08-20T00:59:21.623Z
d902c8cf-a8d9-4a48-829e-535f4e02e28d,t4,t4,Family on holiday,lp76eba,Radisson Hotel Colombo,7559276-RO-RFN,Superior Room,27402,Room Only,true,24,5,false,,19470,9677,1,0,0,2026-08-20T00:59:41.442Z
d902c8cf-a8d9-4a48-829e-535f4e02e28d,t5,t5,Light sleeper,lp72a36,Best Western Elyon Colombo,513432-RO-RFN,Deluxe King Room,19568,Room Only,true,24,3,false,,19321,9208,1,0,0,2026-08-20T01:00:01.091Z
d902c8cf-a8d9-4a48-829e-535f4e02e28d,t6,t6,Beach weekender,lp40d3f,Global Towers Hotel & Apartments,476927-RO-RFN,Double or Twin Room,16041,Room Only,true,27,3,false,,16349,6242,1,0,0,2026-08-20T01:00:17.980Z
d902c8cf-a8d9-4a48-829e-535f4e02e28d,t7,t7,Long-stay consultant,lp5f0e5,Paradise Road Tintagel Colombo,476937-BI-RFN,Executive Suite,105766,Breakfast Included,true,32,2,false,,20739,10279,1,0,0,2026-08-20T01:00:39.198Z
d902c8cf-a8d9-4a48-829e-535f4e02e28d,t8,t8,Value-seeking couple,lp6574b103,"Amari Colombo, Sri Lanka",844832-RO-RFN,Superior City View King,46259,Room Only,true,29,5,false,,19178,8793,1,0,0,2026-08-20T01:00:58.763Z
d902c8cf-a8d9-4a48-829e-535f4e02e28d,t9,t9,Remote worker,lp67708,Supun Arcade Residency,481434-RO-RFN,One-Bedroom Apartment with 15% Discount on Food & Beverage,20768,Room Only,true,121,5,false,,14153,6263,1,0,0,2026-08-20T01:01:13.415Z
d902c8cf-a8d9-4a48-829e-535f4e02e28d,t10,t10,Business traveller,lp857b8,Zylan Colombo,481438-RO-RFN,Executive Room with Jacuzzi - 10% off on Food & Beverage,34557,Room Only,true,60,5,false,,16326,8136,1,0,0,2026-08-20T01:01:30.089Z
d902c8cf-a8d9-4a48-829e-535f4e02e28d,t_attn,t_attn,Attention check,lp9855f,Fairway Colombo - Sri Lanka's First Hotel With Robot Technology,1459963988-RO-RFN,Superior Twin Room,28429,Room Only,true,22,5,true,false,28893,24110,1,0,0,2026-08-20T01:01:59.552Z
d463c5a0-5d4a-43de-9357-38c4cadfbcef,t1,t1,Evening walker,lp3e58e,The Kingsbury Colombo,479092-BI-RFN,Superior Room,37797,Breakfast Included,true,23,2,false,,16397,6770,1,0,0,2026-08-20T01:03:02.031Z
d463c5a0-5d4a-43de-9357-38c4cadfbcef,t2,t2,Business traveller,lpc0df6,Fern Colombo,4237597-RO-RFN,Deluxe Twin Room,16245,Room Only,true,25,2,false,,16039,5949,1,0,0,2026-08-20T01:03:18.526Z
d463c5a0-5d4a-43de-9357-38c4cadfbcef,t3,t3,Self-funded worker,lp3e58e,The Kingsbury Colombo,479092-RO-RFN,Superior Room,37025,Room Only,true,23,2,false,,17110,7652,1,0,0,2026-08-20T01:03:36.301Z
d463c5a0-5d4a-43de-9357-38c4cadfbcef,t4,t4,Family on holiday,lp65589ffb,MaRadha Colombo,8208286-RO-RFN,Standard Double Room,35408,Room Only,true,27,2,false,,19001,8770,1,0,0,2026-08-20T01:03:55.673Z
d463c5a0-5d4a-43de-9357-38c4cadfbcef,t5,t5,Light sleeper,lp72a36,Best Western Elyon Colombo,1459894716-RO-RFN,"Deluxe Room, 2 Twin Beds, Non Smoking",19568,Room Only,true,,3,false,,19146,9143,1,0,0,2026-08-20T01:04:15.279Z
d463c5a0-5d4a-43de-9357-38c4cadfbcef,t6,t6,Beach weekender,lp40d3f,Global Towers Hotel & Apartments,476929-RO-RFN,Two-Bedroom Apartment with Sea View/City view,41030,Room Only,true,124,3,false,,18506,9026,1,0,0,2026-08-20T01:04:34.375Z
d463c5a0-5d4a-43de-9357-38c4cadfbcef,t7,t7,Long-stay consultant,lp857b8,Zylan Colombo,481438-RO-RFN,Executive Room with Jacuzzi - 10% off on Food & Beverage,34557,Room Only,true,60,5,false,,17844,8826,1,0,0,2026-08-20T01:04:53.033Z
d463c5a0-5d4a-43de-9357-38c4cadfbcef,t8,t8,Value-seeking couple,lp656d3aa9,Sofia Colombo City Hotel,1459099171-RO-RFN,Deluxe Twin Room with Partial Sea View,23620,Room Only,true,21,3,false,,19199,7995,1,0,0,2026-08-20T01:05:12.832Z
d463c5a0-5d4a-43de-9357-38c4cadfbcef,t9,t9,Remote worker,lp7c172,Mirage Colombo,487132-BI-RFN,Standard Double Room,24581,Breakfast Included,true,27,5,false,,19752,9936,1,0,0,2026-08-20T01:05:32.939Z
d463c5a0-5d4a-43de-9357-38c4cadfbcef,t10,t10,Business traveller,lp857b8,Zylan Colombo,1461137737-RO-RFN,Deluxe Triple Room,35761,Room Only,true,32,5,false,,19673,8781,1,0,0,2026-08-20T01:05:52.949Z
d463c5a0-5d4a-43de-9357-38c4cadfbcef,t_attn,t_attn,Attention check,lp9855f,Fairway Colombo - Sri Lanka's First Hotel With Robot Technology,1459963988-RO-RFN,Superior Twin Room,28429,Room Only,true,22,5,true,false,32605,27338,1,0,0,2026-08-20T01:06:25.915Z
c3198854-66e0-49e0-92f1-c6808cecf417,t1,t1,Evening walker,lp65589ffb,MaRadha Colombo,8208286-BI-RFN,Standard Double Room,42521,Breakfast Included,true,27,2,false,,20730,11085,1,0,0,2026-08-20T01:07:29.918Z
c3198854-66e0-49e0-92f1-c6808cecf417,t2,t2,Business traveller,lp65589ffb,MaRadha Colombo,8208286-BI-RFN,Standard Double Room,42521,Breakfast Included,true,27,2,false,,16311,6490,1,0,0,2026-08-20T01:07:46.555Z
c3198854-66e0-49e0-92f1-c6808cecf417,t3,t3,Self-funded worker,lp656d40c7,Sheraton Colombo Hotel,5289360-RO-RFN,Deluxe Twin Room with City View with 15% spa discount per room + 15% F&B discount per room + Early check in an,56627,Room Only,true,36,5,false,,21346,10526,1,0,0,2026-08-20T01:08:08.533Z
c3198854-66e0-49e0-92f1-c6808cecf417,t4,t4,Family on holiday,lp76eba,Radisson Hotel Colombo,7559276-RO-RFN,Superior Room,27402,Room Only,true,24,5,false,,17247,6753,1,0,0,2026-08-20T01:08:26.339Z
c3198854-66e0-49e0-92f1-c6808cecf417,t5,t5,Light sleeper,lp65589ffb,MaRadha Colombo,8208286-BI-RFN,Standard Double Room,42521,Breakfast Included,true,27,2,false,,15355,5975,1,0,0,2026-08-20T01:08:42.067Z
c3198854-66e0-49e0-92f1-c6808cecf417,t6,t6,Beach weekender,lp40d3f,Global Towers Hotel & Apartments,476929-RO-RFN,Two-Bedroom Apartment with Sea View/City view,41030,Room Only,true,124,3,false,,18444,9251,1,0,0,2026-08-20T01:09:00.842Z
c3198854-66e0-49e0-92f1-c6808cecf417,t7,t7,Long-stay consultant,lpb1537,Shangri-La Colombo,2416733-RO-RFN,Deluxe Lake View King,73076,Room Only,true,42,5,false,,17367,8232,1,0,0,2026-08-20T01:09:18.562Z
c3198854-66e0-49e0-92f1-c6808cecf417,t8,t8,Value-seeking couple,lp65589ffb,MaRadha Colombo,8208286-BI-RFN,Standard Double Room,42521,Breakfast Included,true,27,2,false,,19850,9341,1,0,0,2026-08-20T01:09:38.772Z
c3198854-66e0-49e0-92f1-c6808cecf417,t9,t9,Remote worker,lp656d40c7,Sheraton Colombo Hotel,1460149481-RO-RFN,Deluxe Twin Room with Ocean View with 15% spa discount per room + 15% F&B discount per room + Early check in a,63767,Room Only,true,36,5,false,,20213,10291,1,0,0,2026-08-20T01:09:59.526Z
c3198854-66e0-49e0-92f1-c6808cecf417,t10,t10,Business traveller,lp857b8,Zylan Colombo,481438-RO-RFN,Executive Room with Jacuzzi - 10% off on Food & Beverage,34557,Room Only,true,60,5,false,,17134,7677,1,0,0,2026-08-20T01:10:16.987Z
c3198854-66e0-49e0-92f1-c6808cecf417,t_attn,t_attn,Attention check,lp9855f,Fairway Colombo - Sri Lanka's First Hotel With Robot Technology,1459638294-BI-RFN,Superior Balcony Room,32800,Breakfast Included,true,31,5,true,false,30893,26159,1,0,0,2026-08-20T01:10:48.220Z
8e7f9192-ad5d-425e-b3f2-a0709542a7e7,t1,t1,Evening walker,lpb1537,Shangri-La Colombo,2416733-RO-NRF,Deluxe Lake View King,68781,Room Only,false,42,5,false,,16586,8500,1,0,0,2026-08-20T01:11:49.068Z
8e7f9192-ad5d-425e-b3f2-a0709542a7e7,t2,t2,Business traveller,lpc0df6,Fern Colombo,4237597-RO-RFN,Deluxe Twin Room,16245,Room Only,true,25,2,false,,17619,8378,1,0,0,2026-08-20T01:12:07.033Z
8e7f9192-ad5d-425e-b3f2-a0709542a7e7,t3,t3,Self-funded worker,lp81760,The Steuart by Citrus,1459938501-BI-NRF,"Premium Room, City View - Early check-in or late check-out subject to availability",25519,Breakfast Included,false,123,5,false,,15835,7462,1,0,0,2026-08-20T01:12:23.203Z
8e7f9192-ad5d-425e-b3f2-a0709542a7e7,t4,t4,Family on holiday,lp65589ffb,MaRadha Colombo,8208286-RO-RFN,Standard Double Room,35408,Room Only,true,27,2,false,,18190,8555,1,0,0,2026-08-20T01:12:41.978Z
8e7f9192-ad5d-425e-b3f2-a0709542a7e7,t5,t5,Light sleeper,lp72a36,Best Western Elyon Colombo,1459894716-RO-RFN,"Deluxe Room, 2 Twin Beds, Non Smoking",19568,Room Only,true,,3,false,,18537,9257,1,0,0,2026-08-20T01:13:00.893Z
8e7f9192-ad5d-425e-b3f2-a0709542a7e7,t6,t6,Beach weekender,lp67708,Supun Arcade Residency,481434-RO-RFN,One-Bedroom Apartment with 15% Discount on Food & Beverage,20768,Room Only,true,121,5,false,,15573,6421,1,0,0,2026-08-20T01:13:17.022Z
8e7f9192-ad5d-425e-b3f2-a0709542a7e7,t7,t7,Long-stay consultant,lp857b8,Zylan Colombo,1461137737-RO-RFN,Deluxe Triple Room,35761,Room Only,true,32,5,false,,19093,10234,1,0,0,2026-08-20T01:13:36.651Z
8e7f9192-ad5d-425e-b3f2-a0709542a7e7,t8,t8,Value-seeking couple,lp6574b103,"Amari Colombo, Sri Lanka",844832-RO-RFN,Superior City View King,46259,Room Only,true,29,5,false,,18510,8312,1,0,0,2026-08-20T01:13:55.495Z
8e7f9192-ad5d-425e-b3f2-a0709542a7e7,t9,t9,Remote worker,lp67708,Supun Arcade Residency,481434-BI-RFN,One-Bedroom Apartment with 15% Discount on Food & Beverage,24663,Breakfast Included,true,121,5,false,,18512,7555,1,0,0,2026-08-20T01:14:14.415Z
8e7f9192-ad5d-425e-b3f2-a0709542a7e7,t10,t10,Business traveller,lp857b8,Zylan Colombo,1461137737-RO-RFN,Deluxe Triple Room,35761,Room Only,true,32,5,false,,16732,7943,1,0,0,2026-08-20T01:14:31.728Z
8e7f9192-ad5d-425e-b3f2-a0709542a7e7,t_attn,t_attn,Attention check,lp9855f,Fairway Colombo - Sri Lanka's First Hotel With Robot Technology,1459963988-RO-RFN,Superior Twin Room,28429,Room Only,true,22,5,true,false,31213,24979,1,0,0,2026-08-20T01:15:03.334Z
d80f50b4-d7d2-492f-8cee-0bc92597b13d,t1,t1,Evening walker,lp3e58e,The Kingsbury Colombo,479092-RO-RFN,Superior Room,37025,Room Only,true,23,2,false,,18274,9430,1,0,0,2026-08-20T01:16:05.017Z
d80f50b4-d7d2-492f-8cee-0bc92597b13d,t2,t2,Business traveller,lp72a36,Best Western Elyon Colombo,513432-RO-RFN,Deluxe King Room,19568,Room Only,true,24,3,false,,18456,9500,1,0,0,2026-08-20T01:16:23.851Z
d80f50b4-d7d2-492f-8cee-0bc92597b13d,t3,t3,Self-funded worker,lp9855f,Fairway Colombo - Sri Lanka's First Hotel With Robot Technology,1459638294-BI-RFN,Superior Balcony Room,32800,Breakfast Included,true,31,5,false,,18215,9294,1,0,0,2026-08-20T01:16:42.420Z
d80f50b4-d7d2-492f-8cee-0bc92597b13d,t4,t4,Family on holiday,lp65589ffb,MaRadha Colombo,8208286-BI-RFN,Standard Double Room,42521,Breakfast Included,true,27,2,false,,18569,8965,1,0,0,2026-08-20T01:17:01.346Z
d80f50b4-d7d2-492f-8cee-0bc92597b13d,t5,t5,Light sleeper,lp72a36,Best Western Elyon Colombo,513432-RO-RFN,Deluxe King Room,19568,Room Only,true,24,3,false,,17421,7508,1,0,0,2026-08-20T01:17:19.325Z
d80f50b4-d7d2-492f-8cee-0bc92597b13d,t6,t6,Beach weekender,lp7c172,Mirage Colombo,487132-BI-RFN,Standard Double Room,24581,Breakfast Included,true,27,5,false,,18030,6920,1,0,0,2026-08-20T01:17:37.884Z
d80f50b4-d7d2-492f-8cee-0bc92597b13d,t7,t7,Long-stay consultant,lp857b8,Zylan Colombo,1461137737-RO-RFN,Deluxe Triple Room,35761,Room Only,true,32,5,false,,14446,6113,1,0,0,2026-08-20T01:17:52.922Z
d80f50b4-d7d2-492f-8cee-0bc92597b13d,t8,t8,Value-seeking couple,lp6574b103,"Amari Colombo, Sri Lanka",844832-RO-RFN,Superior City View King,46259,Room Only,true,29,5,false,,15425,6091,1,0,0,2026-08-20T01:18:08.670Z
d80f50b4-d7d2-492f-8cee-0bc92597b13d,t9,t9,Remote worker,lp67708,Supun Arcade Residency,481434-BI-RFN,One-Bedroom Apartment with 15% Discount on Food & Beverage,24663,Breakfast Included,true,121,5,false,,16568,6120,1,0,0,2026-08-20T01:18:25.613Z
d80f50b4-d7d2-492f-8cee-0bc92597b13d,t10,t10,Business traveller,lp72a36,Best Western Elyon Colombo,513432-RO-RFN,Deluxe King Room,19568,Room Only,true,24,3,false,,17927,7770,1,0,0,2026-08-20T01:18:43.935Z
d80f50b4-d7d2-492f-8cee-0bc92597b13d,t_attn,t_attn,Attention check,lp9855f,Fairway Colombo - Sri Lanka's First Hotel With Robot Technology,1459963988-RO-RFN,Superior Twin Room,28429,Room Only,true,22,5,true,false,30724,25052,1,0,0,2026-08-20T01:19:15.012Z
05529f26-32fe-4c12-b2f8-715e656d4450,t1,t1,Evening walker,lp65589ffb,MaRadha Colombo,8208286-RO-RFN,Standard Double Room,35408,Room Only,true,27,2,false,,19342,9353,1,0,0,2026-08-20T01:20:19.196Z
05529f26-32fe-4c12-b2f8-715e656d4450,t2,t2,Business traveller,lpc0df6,Fern Colombo,4237595-RO-RFN,King Room,16245,Room Only,true,25,2,false,,17372,6518,1,0,0,2026-08-20T01:20:36.914Z
05529f26-32fe-4c12-b2f8-715e656d4450,t3,t3,Self-funded worker,lp81760,The Steuart by Citrus,1459938501-RO-NRF,"Premium Room, City View - Early check-in or late check-out subject to availability",22604,Room Only,false,123,5,false,,16311,6547,1,0,0,2026-08-20T01:20:53.796Z
05529f26-32fe-4c12-b2f8-715e656d4450,t4,t4,Family on holiday,lp656d40c7,Sheraton Colombo Hotel,5289360-RO-RFN,Deluxe Twin Room with City View with 15% spa discount per room + 15% F&B discount per room + Early check in an,56627,Room Only,true,36,5,false,,15669,6200,1,0,0,2026-08-20T01:21:09.941Z
05529f26-32fe-4c12-b2f8-715e656d4450,t5,t5,Light sleeper,lp65589ffb,MaRadha Colombo,8208286-BI-RFN,Standard Double Room,42521,Breakfast Included,true,27,2,false,,19445,9316,1,0,0,2026-08-20T01:21:29.948Z
05529f26-32fe-4c12-b2f8-715e656d4450,t6,t6,Beach weekender,lp65589ffb,MaRadha Colombo,8208286-BI-RFN,Standard Double Room,42521,Breakfast Included,true,27,2,false,,18709,7608,1,0,0,2026-08-20T01:21:49.196Z
05529f26-32fe-4c12-b2f8-715e656d4450,t7,t7,Long-stay consultant,lp656d40c7,Sheraton Colombo Hotel,5289360-RO-RFN,Deluxe Twin Room with City View with 15% spa discount per room + 15% F&B discount per room + Early check in an,56627,Room Only,true,36,5,false,,18301,8626,1,0,0,2026-08-20T01:22:07.901Z
05529f26-32fe-4c12-b2f8-715e656d4450,t8,t8,Value-seeking couple,lp656d40c7,Sheraton Colombo Hotel,5289360-RO-RFN,Deluxe Twin Room with City View with 15% spa discount per room + 15% F&B discount per room + Early check in an,56627,Room Only,true,36,5,false,,19669,9852,1,0,0,2026-08-20T01:22:27.937Z
05529f26-32fe-4c12-b2f8-715e656d4450,t9,t9,Remote worker,lp656d40c7,Sheraton Colombo Hotel,5289360-RO-RFN,Deluxe Twin Room with City View with 15% spa discount per room + 15% F&B discount per room + Early check in an,56627,Room Only,true,36,5,false,,19634,9530,1,0,0,2026-08-20T01:22:48.137Z
05529f26-32fe-4c12-b2f8-715e656d4450,t10,t10,Business traveller,lpb1537,Shangri-La Colombo,2416733-RO-NRF,Deluxe Lake View King,68781,Room Only,false,42,5,false,,18911,10119,1,0,0,2026-08-20T01:23:07.382Z
05529f26-32fe-4c12-b2f8-715e656d4450,t_attn,t_attn,Attention check,lp9855f,Fairway Colombo - Sri Lanka's First Hotel With Robot Technology,1459638294-BI-RFN,Superior Balcony Room,32800,Breakfast Included,true,31,5,true,false,32223,25722,1,0,0,2026-08-20T01:23:39.914Z
829c6f06-4a98-41a2-a8c5-b91445d7271b,t1,t1,Evening walker,lpb1537,Shangri-La Colombo,2416743-RO-NRF,Deluxe Lake View Twin,68781,Room Only,false,42,5,false,,18752,9791,1,0,0,2026-08-20T01:24:41.709Z
829c6f06-4a98-41a2-a8c5-b91445d7271b,t2,t2,Business traveller,lp5f0e5,Paradise Road Tintagel Colombo,476937-BI-RFN,Executive Suite,105766,Breakfast Included,true,32,2,false,,19437,10209,1,0,0,2026-08-20T01:25:01.710Z
829c6f06-4a98-41a2-a8c5-b91445d7271b,t3,t3,Self-funded worker,lp3e58e,The Kingsbury Colombo,479092-RO-RFN,Superior Room,37025,Room Only,true,23,2,false,,19636,9286,1,0,0,2026-08-20T01:25:21.690Z
829c6f06-4a98-41a2-a8c5-b91445d7271b,t4,t4,Family on holiday,lp65589ffb,MaRadha Colombo,8208286-RO-RFN,Standard Double Room,35408,Room Only,true,27,2,false,,19305,9899,1,0,0,2026-08-20T01:25:41.581Z
829c6f06-4a98-41a2-a8c5-b91445d7271b,t5,t5,Light sleeper,lp72a36,Best Western Elyon Colombo,1459894716-RO-RFN,"Deluxe Room, 2 Twin Beds, Non Smoking",19568,Room Only,true,,3,false,,18240,8904,1,0,0,2026-08-20T01:26:00.152Z
829c6f06-4a98-41a2-a8c5-b91445d7271b,t6,t6,Beach weekender,lp40d3f,Global Towers Hotel & Apartments,476927-RO-RFN,Double or Twin Room,16041,Room Only,true,27,3,false,,19503,10301,1,0,0,2026-08-20T01:26:19.990Z
829c6f06-4a98-41a2-a8c5-b91445d7271b,t7,t7,Long-stay consultant,lpc0df6,Fern Colombo,4237595-RO-RFN,King Room,16245,Room Only,true,25,2,false,,20545,9944,1,0,0,2026-08-20T01:26:40.856Z
829c6f06-4a98-41a2-a8c5-b91445d7271b,t8,t8,Value-seeking couple,lp656d40c7,Sheraton Colombo Hotel,5289365-RO-RFN,Deluxe King Room with City View with 15% spa discount per room + 15% F&B discount per room + Early check in an,56627,Room Only,true,36,5,false,,16486,5872,1,0,0,2026-08-20T01:26:57.773Z
829c6f06-4a98-41a2-a8c5-b91445d7271b,t9,t9,Remote worker,lp7c172,Mirage Colombo,487132-RO-RFN,Standard Double Room,20482,Room Only,true,27,5,false,,19795,10257,1,0,0,2026-08-20T01:27:17.919Z
829c6f06-4a98-41a2-a8c5-b91445d7271b,t10,t10,Business traveller,lpc0df6,Fern Colombo,4237595-RO-RFN,King Room,16245,Room Only,true,25,2,false,,19984,9288,1,0,0,2026-08-20T01:27:38.234Z
829c6f06-4a98-41a2-a8c5-b91445d7271b,t_attn,t_attn,Attention check,lp9855f,Fairway Colombo - Sri Lanka's First Hotel With Robot Technology,1459963988-RO-RFN,Superior Twin Room,28429,Room Only,true,22,5,true,false,32430,26221,1,0,0,2026-08-20T01:28:11.174Z
fcdbbbff-897f-407a-9b89-dcf75c337095,t1,t1,Evening walker,lp6f007,Clock Inn Colombo,1321691605-BI-RFN,Standard Double Room,13715,Breakfast Included,true,25,2,false,,16111,6146,1,0,0,2026-08-20T01:29:12.357Z
fcdbbbff-897f-407a-9b89-dcf75c337095,t2,t2,Business traveller,lp72a36,Best Western Elyon Colombo,1459894716-RO-RFN,"Deluxe Room, 2 Twin Beds, Non Smoking",19568,Room Only,true,,3,false,,20168,9739,1,0,0,2026-08-20T01:29:32.865Z
fcdbbbff-897f-407a-9b89-dcf75c337095,t3,t3,Self-funded worker,lp81760,The Steuart by Citrus,1459938501-RO-NRF,"Premium Room, City View - Early check-in or late check-out subject to availability",22604,Room Only,false,123,5,false,,15129,5755,1,0,0,2026-08-20T01:29:48.353Z
fcdbbbff-897f-407a-9b89-dcf75c337095,t4,t4,Family on holiday,lp76eba,Radisson Hotel Colombo,7559276-RO-RFN,Superior Room,27402,Room Only,true,24,5,false,,21024,10567,1,0,0,2026-08-20T01:30:09.726Z
fcdbbbff-897f-407a-9b89-dcf75c337095,t5,t5,Light sleeper,lp67708,Supun Arcade Residency,481434-BI-RFN,One-Bedroom Apartment with 15% Discount on Food & Beverage,24663,Breakfast Included,true,121,5,false,,17516,8089,1,0,0,2026-08-20T01:30:28.316Z
fcdbbbff-897f-407a-9b89-dcf75c337095,t6,t6,Beach weekender,lp7c172,Mirage Colombo,487132-RO-RFN,Standard Double Room,20482,Room Only,true,27,5,false,,16260,7309,1,0,0,2026-08-20T01:30:44.904Z
fcdbbbff-897f-407a-9b89-dcf75c337095,t7,t7,Long-stay consultant,lpc0df6,Fern Colombo,4237597-RO-RFN,Deluxe Twin Room,16245,Room Only,true,25,2,false,,19314,9858,1,0,0,2026-08-20T01:31:04.560Z
fcdbbbff-897f-407a-9b89-dcf75c337095,t8,t8,Value-seeking couple,lp5f0e5,Paradise Road Tintagel Colombo,476937-BI-RFN,Executive Suite,105766,Breakfast Included,true,32,2,false,,19214,7222,1,0,0,2026-08-20T01:31:24.117Z
fcdbbbff-897f-407a-9b89-dcf75c337095,t9,t9,Remote worker,lp7c172,Mirage Colombo,487132-BI-RFN,Standard Double Room,24581,Breakfast Included,true,27,5,false,,19230,8359,1,0,0,2026-08-20T01:31:43.666Z
fcdbbbff-897f-407a-9b89-dcf75c337095,t10,t10,Business traveller,lp72a36,Best Western Elyon Colombo,513432-RO-RFN,Deluxe King Room,19568,Room Only,true,24,3,false,,20178,10084,1,0,0,2026-08-20T01:32:04.185Z
fcdbbbff-897f-407a-9b89-dcf75c337095,t_attn,t_attn,Attention check,lp9855f,Fairway Colombo - Sri Lanka's First Hotel With Robot Technology,1459963988-BI-RFN,Superior Twin Room,37170,Breakfast Included,true,22,5,true,false,34309,28425,1,0,0,2026-08-20T01:32:38.844Z
f185b9a5-58f5-4cd5-912f-9d58ab5503fb,t1,t1,Evening walker,lp81760,The Steuart by Citrus,1459938501-BI-NRF,"Premium Room, City View - Early check-in or late check-out subject to availability",25519,Breakfast Included,false,123,5,false,,16429,6787,1,0,0,2026-08-20T01:33:40.533Z
f185b9a5-58f5-4cd5-912f-9d58ab5503fb,t2,t2,Business traveller,lpc0df6,Fern Colombo,4237595-RO-RFN,King Room,16245,Room Only,true,25,2,false,,19012,10589,1,0,0,2026-08-20T01:34:00.124Z
f185b9a5-58f5-4cd5-912f-9d58ab5503fb,t3,t3,Self-funded worker,lpb1537,Shangri-La Colombo,2416733-RO-NRF,Deluxe Lake View King,68781,Room Only,false,42,5,false,,16841,7269,1,0,0,2026-08-20T01:34:17.304Z
f185b9a5-58f5-4cd5-912f-9d58ab5503fb,t4,t4,Family on holiday,lp65589ffb,MaRadha Colombo,8208286-BI-RFN,Standard Double Room,42521,Breakfast Included,true,27,2,false,,15704,7404,1,0,0,2026-08-20T01:34:33.348Z
f185b9a5-58f5-4cd5-912f-9d58ab5503fb,t5,t5,Light sleeper,lp72a36,Best Western Elyon Colombo,513432-RO-RFN,Deluxe King Room,19568,Room Only,true,24,3,false,,15887,6141,1,0,0,2026-08-20T01:34:49.804Z
f185b9a5-58f5-4cd5-912f-9d58ab5503fb,t6,t6,Beach weekender,lp40d3f,Global Towers Hotel & Apartments,476927-RO-RFN,Double or Twin Room,16041,Room Only,true,27,3,false,,21192,10154,1,0,0,2026-08-20T01:35:11.321Z
f185b9a5-58f5-4cd5-912f-9d58ab5503fb,t7,t7,Long-stay consultant,lpc0df6,Fern Colombo,4237597-RO-RFN,Deluxe Twin Room,16245,Room Only,true,25,2,false,,17354,8136,1,0,0,2026-08-20T01:35:29.239Z
f185b9a5-58f5-4cd5-912f-9d58ab5503fb,t8,t8,Value-seeking couple,lp656d40c7,Sheraton Colombo Hotel,5289365-RO-RFN,Deluxe King Room with City View with 15% spa discount per room + 15% F&B discount per room + Early check in an,56627,Room Only,true,36,5,false,,16457,7030,1,0,0,2026-08-20T01:35:46.021Z
f185b9a5-58f5-4cd5-912f-9d58ab5503fb,t9,t9,Remote worker,lp7c172,Mirage Colombo,487132-BI-RFN,Standard Double Room,24581,Breakfast Included,true,27,5,false,,18202,8676,1,0,0,2026-08-20T01:36:04.655Z
f185b9a5-58f5-4cd5-912f-9d58ab5503fb,t10,t10,Business traveller,lp857b8,Zylan Colombo,481438-RO-RFN,Executive Room with Jacuzzi - 10% off on Food & Beverage,34557,Room Only,true,60,5,false,,16766,6657,1,0,0,2026-08-20T01:36:21.978Z
f185b9a5-58f5-4cd5-912f-9d58ab5503fb,t_attn,t_attn,Attention check,lp9855f,Fairway Colombo - Sri Lanka's First Hotel With Robot Technology,1459963988-RO-RFN,Superior Twin Room,28429,Room Only,true,22,5,true,false,31412,26714,1,0,0,2026-08-20T01:36:53.851Z
fb564c47-d739-41a4-958f-f9f2d90d7b05,t1,t1,Evening walker,lp3e58e,The Kingsbury Colombo,479092-BI-RFN,Superior Room,37797,Breakfast Included,true,23,2,false,,18580,9350,1,0,0,2026-08-20T01:37:57.046Z
fb564c47-d739-41a4-958f-f9f2d90d7b05,t2,t2,Business traveller,lp72a36,Best Western Elyon Colombo,1459894716-RO-RFN,"Deluxe Room, 2 Twin Beds, Non Smoking",19568,Room Only,true,,3,false,,17972,8175,1,0,0,2026-08-20T01:38:15.383Z
fb564c47-d739-41a4-958f-f9f2d90d7b05,t3,t3,Self-funded worker,lp9855f,Fairway Colombo - Sri Lanka's First Hotel With Robot Technology,1459638294-BI-RFN,Superior Balcony Room,32800,Breakfast Included,true,31,5,false,,17924,8610,1,0,0,2026-08-20T01:38:33.962Z
fb564c47-d739-41a4-958f-f9f2d90d7b05,t4,t4,Family on holiday,lp65589ffb,MaRadha Colombo,8208286-RO-RFN,Standard Double Room,35408,Room Only,true,27,2,false,,17315,7924,1,0,0,2026-08-20T01:38:51.699Z
fb564c47-d739-41a4-958f-f9f2d90d7b05,t5,t5,Light sleeper,lp67708,Supun Arcade Residency,481434-BI-RFN,One-Bedroom Apartment with 15% Discount on Food & Beverage,24663,Breakfast Included,true,121,5,false,,16827,6737,1,0,0,2026-08-20T01:39:08.888Z
fb564c47-d739-41a4-958f-f9f2d90d7b05,t6,t6,Beach weekender,lp7c172,Mirage Colombo,487132-BI-RFN,Standard Double Room,24581,Breakfast Included,true,27,5,false,,18651,8041,1,0,0,2026-08-20T01:39:27.906Z
fb564c47-d739-41a4-958f-f9f2d90d7b05,t7,t7,Long-stay consultant,lp857b8,Zylan Colombo,1461137737-RO-RFN,Deluxe Triple Room,35761,Room Only,true,32,5,false,,15287,6090,1,0,0,2026-08-20T01:39:43.647Z
fb564c47-d739-41a4-958f-f9f2d90d7b05,t8,t8,Value-seeking couple,lp6557c6e0,Granbell Hotel Colombo,1459818931-RO-NRF,Superior Twin Room with City View,29667,Room Only,false,0,3,false,,16270,6588,1,0,0,2026-08-20T01:40:00.272Z
fb564c47-d739-41a4-958f-f9f2d90d7b05,t9,t9,Remote worker,lp67708,Supun Arcade Residency,481434-RO-RFN,One-Bedroom Apartment with 15% Discount on Food & Beverage,20768,Room Only,true,121,5,false,,18231,8492,1,0,0,2026-08-20T01:40:18.962Z
fb564c47-d739-41a4-958f-f9f2d90d7b05,t10,t10,Business traveller,lp857b8,Zylan Colombo,1461137737-RO-RFN,Deluxe Triple Room,35761,Room Only,true,32,5,false,,18828,9797,1,0,0,2026-08-20T01:40:38.310Z
fb564c47-d739-41a4-958f-f9f2d90d7b05,t_attn,t_attn,Attention check,lp9855f,Fairway Colombo - Sri Lanka's First Hotel With Robot Technology,1459638294-BI-RFN,Superior Balcony Room,32800,Breakfast Included,true,31,5,true,false,32782,26336,1,0,0,2026-08-20T01:41:11.690Z
dcb44941-9b4f-4a45-b53f-55cc46f308ce,t1,t1,Evening walker,lpb1537,Shangri-La Colombo,2416733-RO-NRF,Deluxe Lake View King,68781,Room Only,false,42,5,false,,20791,10332,1,0,0,2026-08-20T01:42:16.737Z
dcb44941-9b4f-4a45-b53f-55cc46f308ce,t2,t2,Business traveller,lp72a36,Best Western Elyon Colombo,1459894716-RO-RFN,"Deluxe Room, 2 Twin Beds, Non Smoking",19568,Room Only,true,,3,false,,20744,9860,1,0,0,2026-08-20T01:42:37.987Z
dcb44941-9b4f-4a45-b53f-55cc46f308ce,t3,t3,Self-funded worker,lp655a9e91,Zest Metropole,4358364-BI-RFN,Deluxe Double Room,26743,Breakfast Included,true,20,5,false,,17351,8202,1,0,0,2026-08-20T01:42:55.681Z
dcb44941-9b4f-4a45-b53f-55cc46f308ce,t4,t4,Family on holiday,lp76eba,Radisson Hotel Colombo,7559276-RO-RFN,Superior Room,27402,Room Only,true,24,5,false,,19677,8986,1,0,0,2026-08-20T01:43:15.723Z
dcb44941-9b4f-4a45-b53f-55cc46f308ce,t5,t5,Light sleeper,lp72a36,Best Western Elyon Colombo,513432-RO-RFN,Deluxe King Room,19568,Room Only,true,24,3,false,,18238,10240,1,0,0,2026-08-20T01:43:34.502Z
dcb44941-9b4f-4a45-b53f-55cc46f308ce,t6,t6,Beach weekender,lp7c172,Mirage Colombo,487132-BI-RFN,Standard Double Room,24581,Breakfast Included,true,27,5,false,,18992,7730,1,0,0,2026-08-20T01:43:53.860Z
dcb44941-9b4f-4a45-b53f-55cc46f308ce,t7,t7,Long-stay consultant,lp857b8,Zylan Colombo,1461137737-RO-RFN,Deluxe Triple Room,35761,Room Only,true,32,5,false,,20170,10406,1,0,0,2026-08-20T01:44:14.608Z
dcb44941-9b4f-4a45-b53f-55cc46f308ce,t8,t8,Value-seeking couple,lp6557c6e0,Granbell Hotel Colombo,4368098-RO-NRF,Superior Double City View,28807,Room Only,false,27,3,false,,16723,7158,1,0,0,2026-08-20T01:44:31.892Z
dcb44941-9b4f-4a45-b53f-55cc46f308ce,t9,t9,Remote worker,lp67708,Supun Arcade Residency,481434-BI-RFN,One-Bedroom Apartment with 15% Discount on Food & Beverage,24663,Breakfast Included,true,121,5,false,,17786,8356,1,0,0,2026-08-20T01:44:50.013Z
dcb44941-9b4f-4a45-b53f-55cc46f308ce,t10,t10,Business traveller,lp72a36,Best Western Elyon Colombo,513432-RO-RFN,Deluxe King Room,19568,Room Only,true,24,3,false,,14835,5774,1,0,0,2026-08-20T01:45:05.386Z
dcb44941-9b4f-4a45-b53f-55cc46f308ce,t_attn,t_attn,Attention check,lp9855f,Fairway Colombo - Sri Lanka's First Hotel With Robot Technology,1459963988-RO-RFN,Superior Twin Room,28429,Room Only,true,22,5,true,false,30248,24547,1,0,0,2026-08-20T01:45:36.337Z
95adf2a0-7b6b-4f61-a668-44edc038e699,t1,t1,Evening walker,lp3e58e,The Kingsbury Colombo,479092-BI-RFN,Superior Room,37797,Breakfast Included,true,23,2,false,,17188,6718,1,0,0,2026-08-20T01:46:40.658Z
95adf2a0-7b6b-4f61-a668-44edc038e699,t2,t2,Business traveller,lpc0df6,Fern Colombo,4237595-RO-RFN,King Room,16245,Room Only,true,25,2,false,,18884,7589,1,0,0,2026-08-20T01:47:00.110Z
95adf2a0-7b6b-4f61-a668-44edc038e699,t3,t3,Self-funded worker,lp81760,The Steuart by Citrus,1459938501-BI-NRF,"Premium Room, City View - Early check-in or late check-out subject to availability",25519,Breakfast Included,false,123,5,false,,17718,7282,1,0,0,2026-08-20T01:47:18.186Z
95adf2a0-7b6b-4f61-a668-44edc038e699,t4,t4,Family on holiday,lp65589ffb,MaRadha Colombo,8208286-BI-RFN,Standard Double Room,42521,Breakfast Included,true,27,2,false,,19136,9973,1,0,0,2026-08-20T01:47:37.665Z
95adf2a0-7b6b-4f61-a668-44edc038e699,t5,t5,Light sleeper,lp6e625,Hotel Janaki,479121-BI-RFN,Deluxe Room with Pool View,15319,Breakfast Included,true,14,2,false,,15307,6015,1,0,0,2026-08-20T01:47:53.570Z
95adf2a0-7b6b-4f61-a668-44edc038e699,t6,t6,Beach weekender,lp76eba,Radisson Hotel Colombo,7559276-RO-RFN,Superior Room,27402,Room Only,true,24,5,false,,19083,8638,1,0,0,2026-08-20T01:48:13.012Z
95adf2a0-7b6b-4f61-a668-44edc038e699,t7,t7,Long-stay consultant,lp5f0e5,Paradise Road Tintagel Colombo,476937-RO-RFN,Executive Suite,96633,Room Only,true,32,2,false,,18887,10491,1,0,0,2026-08-20T01:48:32.396Z
95adf2a0-7b6b-4f61-a668-44edc038e699,t8,t8,Value-seeking couple,lp656d40c7,Sheraton Colombo Hotel,5289365-RO-RFN,Deluxe King Room with City View with 15% spa discount per room + 15% F&B discount per room + Early check in an,56627,Room Only,true,36,5,false,,15944,6785,1,0,0,2026-08-20T01:48:48.687Z
95adf2a0-7b6b-4f61-a668-44edc038e699,t9,t9,Remote worker,lp7c172,Mirage Colombo,487132-RO-RFN,Standard Double Room,20482,Room Only,true,27,5,false,,21062,10631,1,0,0,2026-08-20T01:49:10.376Z
95adf2a0-7b6b-4f61-a668-44edc038e699,t10,t10,Business traveller,lpc0df6,Fern Colombo,4237597-RO-RFN,Deluxe Twin Room,16245,Room Only,true,25,2,false,,19232,8873,1,0,0,2026-08-20T01:49:30.246Z
95adf2a0-7b6b-4f61-a668-44edc038e699,t_attn,t_attn,Attention check,lp9855f,Fairway Colombo - Sri Lanka's First Hotel With Robot Technology,1459638294-BI-RFN,Superior Balcony Room,32800,Breakfast Included,true,31,5,true,false,32362,26847,1,0,0,2026-08-20T01:50:03.065Z
2caa4867-147e-4d5d-b069-ae353b616d32,t1,t1,Evening walker,lp6e625,Hotel Janaki,479119-BI-RFN,Deluxe Double Room,15319,Breakfast Included,true,14,2,false,,17043,7744,1,0,0,2026-08-20T01:51:06.239Z
2caa4867-147e-4d5d-b069-ae353b616d32,t2,t2,Business traveller,lp857b8,Zylan Colombo,1461137737-RO-RFN,Deluxe Triple Room,35761,Room Only,true,32,5,false,,17815,6073,1,0,0,2026-08-20T01:51:24.591Z
2caa4867-147e-4d5d-b069-ae353b616d32,t3,t3,Self-funded worker,lp9855f,Fairway Colombo - Sri Lanka's First Hotel With Robot Technology,1459638294-BI-RFN,Superior Balcony Room,32800,Breakfast Included,true,31,5,false,,17878,8704,1,0,0,2026-08-20T01:51:42.808Z
2caa4867-147e-4d5d-b069-ae353b616d32,t4,t4,Family on holiday,lp76eba,Radisson Hotel Colombo,7559276-RO-RFN,Superior Room,27402,Room Only,true,24,5,false,,19607,9640,1,0,0,2026-08-20T01:52:02.774Z
2caa4867-147e-4d5d-b069-ae353b616d32,t5,t5,Light sleeper,lp6e625,Hotel Janaki,479121-BI-RFN,Deluxe Room with Pool View,15319,Breakfast Included,true,14,2,false,,16441,6025,1,0,0,2026-08-20T01:52:19.570Z
2caa4867-147e-4d5d-b069-ae353b616d32,t6,t6,Beach weekender,lp7c172,Mirage Colombo,487132-RO-RFN,Standard Double Room,20482,Room Only,true,27,5,false,,18568,10525,1,0,0,2026-08-20T01:52:38.566Z
2caa4867-147e-4d5d-b069-ae353b616d32,t7,t7,Long-stay consultant,lpc0df6,Fern Colombo,4237597-RO-RFN,Deluxe Twin Room,16245,Room Only,true,25,2,false,,19090,8994,1,0,0,2026-08-20T01:52:58.070Z
2caa4867-147e-4d5d-b069-ae353b616d32,t8,t8,Value-seeking couple,lp656d40c7,Sheraton Colombo Hotel,1460149481-RO-RFN,Deluxe Twin Room with Ocean View with 15% spa discount per room + 15% F&B discount per room + Early check in a,63767,Room Only,true,36,5,false,,15872,5809,1,0,0,2026-08-20T01:53:14.285Z
2caa4867-147e-4d5d-b069-ae353b616d32,t9,t9,Remote worker,lp40d3f,Global Towers Hotel & Apartments,476927-RO-RFN,Double or Twin Room,16041,Room Only,true,27,3,false,,14328,6081,1,0,0,2026-08-20T01:53:29.186Z
2caa4867-147e-4d5d-b069-ae353b616d32,t10,t10,Business traveller,lp72a36,Best Western Elyon Colombo,513432-RO-RFN,Deluxe King Room,19568,Room Only,true,24,3,false,,17125,7344,1,0,0,2026-08-20T01:53:46.834Z
2caa4867-147e-4d5d-b069-ae353b616d32,t_attn,t_attn,Attention check,lp9855f,Fairway Colombo - Sri Lanka's First Hotel With Robot Technology,1459963988-BI-RFN,Superior Twin Room,37170,Breakfast Included,true,22,5,true,false,30444,24555,1,0,0,2026-08-20T01:54:17.636Z
ffb1554e-e95e-4eb8-97ab-ca2952b3ef5e,t1,t1,Evening walker,lpb1537,Shangri-La Colombo,2416733-RO-NRF,Deluxe Lake View King,68781,Room Only,false,42,5,false,,17715,6947,1,0,0,2026-08-20T01:55:20.264Z
ffb1554e-e95e-4eb8-97ab-ca2952b3ef5e,t2,t2,Business traveller,lp5f0e5,Paradise Road Tintagel Colombo,476937-RO-RFN,Executive Suite,96633,Room Only,true,32,2,false,,18203,7763,1,0,0,2026-08-20T01:55:38.849Z
ffb1554e-e95e-4eb8-97ab-ca2952b3ef5e,t3,t3,Self-funded worker,lp81760,The Steuart by Citrus,1459938501-BI-NRF,"Premium Room, City View - Early check-in or late check-out subject to availability",25519,Breakfast Included,false,123,5,false,,16655,6828,1,0,0,2026-08-20T01:55:55.865Z
ffb1554e-e95e-4eb8-97ab-ca2952b3ef5e,t4,t4,Family on holiday,lp76eba,Radisson Hotel Colombo,7559276-RO-RFN,Superior Room,27402,Room Only,true,24,5,false,,16432,6821,1,0,0,2026-08-20T01:56:12.641Z
ffb1554e-e95e-4eb8-97ab-ca2952b3ef5e,t5,t5,Light sleeper,lp6e625,Hotel Janaki,479121-BI-RFN,Deluxe Room with Pool View,15319,Breakfast Included,true,14,2,false,,17171,8305,1,0,0,2026-08-20T01:56:30.158Z
ffb1554e-e95e-4eb8-97ab-ca2952b3ef5e,t6,t6,Beach weekender,lp7c172,Mirage Colombo,487132-RO-RFN,Standard Double Room,20482,Room Only,true,27,5,false,,16498,7125,1,0,0,2026-08-20T01:56:46.995Z
ffb1554e-e95e-4eb8-97ab-ca2952b3ef5e,t7,t7,Long-stay consultant,lp5f0e5,Paradise Road Tintagel Colombo,476937-BI-RFN,Executive Suite,105766,Breakfast Included,true,32,2,false,,15811,6121,1,0,0,2026-08-20T01:57:03.397Z
ffb1554e-e95e-4eb8-97ab-ca2952b3ef5e,t8,t8,Value-seeking couple,lp6574b103,"Amari Colombo, Sri Lanka",844832-RO-RFN,Superior City View King,46259,Room Only,true,29,5,false,,18021,8183,1,0,0,2026-08-20T01:57:21.828Z
ffb1554e-e95e-4eb8-97ab-ca2952b3ef5e,t9,t9,Remote worker,lp7c172,Mirage Colombo,487132-BI-RFN,Standard Double Room,24581,Breakfast Included,true,27,5,false,,18710,8701,1,0,0,2026-08-20T01:57:40.912Z
ffb1554e-e95e-4eb8-97ab-ca2952b3ef5e,t10,t10,Business traveller,lp857b8,Zylan Colombo,1461137737-RO-RFN,Deluxe Triple Room,35761,Room Only,true,32,5,false,,20389,10535,1,0,0,2026-08-20T01:58:01.749Z
ffb1554e-e95e-4eb8-97ab-ca2952b3ef5e,t_attn,t_attn,Attention check,lp9855f,Fairway Colombo - Sri Lanka's First Hotel With Robot Technology,1459963988-RO-RFN,Superior Twin Room,28429,Room Only,true,22,5,true,false,35379,28796,1,0,0,2026-08-20T01:58:37.477Z
493ccccd-95c7-4e6a-bbf0-0acc815af47f,t1,t1,Evening walker,lp656d40c7,Sheraton Colombo Hotel,5289365-RO-RFN,Deluxe King Room with City View with 15% spa discount per room + 15% F&B discount per room + Early check in an,56627,Room Only,true,36,5,false,,18931,9092,1,0,0,2026-08-20T01:59:43.515Z
493ccccd-95c7-4e6a-bbf0-0acc815af47f,t2,t2,Business traveller,lp656d40c7,Sheraton Colombo Hotel,1460149481-RO-RFN,Deluxe Twin Room with Ocean View with 15% spa discount per room + 15% F&B discount per room + Early check in a,63767,Room Only,true,36,5,false,,17047,6327,1,0,0,2026-08-20T02:00:01.026Z
493ccccd-95c7-4e6a-bbf0-0acc815af47f,t3,t3,Self-funded worker,lpb1537,Shangri-La Colombo,2416733-RO-RFN,Deluxe Lake View King,73076,Room Only,true,42,5,false,,20098,10068,1,0,0,2026-08-20T02:00:21.510Z
493ccccd-95c7-4e6a-bbf0-0acc815af47f,t4,t4,Family on holiday,lp656d40c7,Sheraton Colombo Hotel,1460149481-RO-RFN,Deluxe Twin Room with Ocean View with 15% spa discount per room + 15% F&B discount per room + Early check in a,63767,Room Only,true,36,5,false,,21164,10513,1,0,0,2026-08-20T02:00:43.110Z
493ccccd-95c7-4e6a-bbf0-0acc815af47f,t5,t5,Light sleeper,lp65589ffb,MaRadha Colombo,8208286-RO-RFN,Standard Double Room,35408,Room Only,true,27,2,false,,17037,6001,1,0,0,2026-08-20T02:01:00.498Z
493ccccd-95c7-4e6a-bbf0-0acc815af47f,t6,t6,Beach weekender,lpb1537,Shangri-La Colombo,2416733-RO-RFN,Deluxe Lake View King,73076,Room Only,true,42,5,false,,17372,8048,1,0,0,2026-08-20T02:01:18.444Z
493ccccd-95c7-4e6a-bbf0-0acc815af47f,t7,t7,Long-stay consultant,lpc0df6,Fern Colombo,4237595-RO-RFN,King Room,16245,Room Only,true,25,2,false,,20058,9238,1,0,0,2026-08-20T02:01:38.822Z
493ccccd-95c7-4e6a-bbf0-0acc815af47f,t8,t8,Value-seeking couple,lp656d40c7,Sheraton Colombo Hotel,5289360-RO-RFN,Deluxe Twin Room with City View with 15% spa discount per room + 15% F&B discount per room + Early check in an,56627,Room Only,true,36,5,false,,16499,6737,1,0,0,2026-08-20T02:01:55.661Z
493ccccd-95c7-4e6a-bbf0-0acc815af47f,t9,t9,Remote worker,lp65589ffb,MaRadha Colombo,8208286-BI-RFN,Standard Double Room,42521,Breakfast Included,true,27,2,false,,21279,9837,1,0,0,2026-08-20T02:02:17.514Z
493ccccd-95c7-4e6a-bbf0-0acc815af47f,t10,t10,Business traveller,lpb1537,Shangri-La Colombo,2416733-RO-RFN,Deluxe Lake View King,73076,Room Only,true,42,5,false,,18931,9300,1,0,0,2026-08-20T02:02:36.785Z
493ccccd-95c7-4e6a-bbf0-0acc815af47f,t_attn,t_attn,Attention check,lp9855f,Fairway Colombo - Sri Lanka's First Hotel With Robot Technology,1459963988-RO-RFN,Superior Twin Room,28429,Room Only,true,22,5,true,false,31444,25564,1,0,0,2026-08-20T02:03:08.765Z
1a470cae-d2aa-4473-ab0f-1f103d642296,t1,t1,Evening walker,lpb1537,Shangri-La Colombo,2416743-RO-NRF,Deluxe Lake View Twin,68781,Room Only,false,42,5,false,,20650,10663,1,0,0,2026-08-20T02:04:12.019Z
1a470cae-d2aa-4473-ab0f-1f103d642296,t2,t2,Business traveller,lp5f0e5,Paradise Road Tintagel Colombo,476937-RO-RFN,Executive Suite,96633,Room Only,true,32,2,false,,17731,8420,1,0,0,2026-08-20T02:04:30.339Z
1a470cae-d2aa-4473-ab0f-1f103d642296,t3,t3,Self-funded worker,lp3e58e,The Kingsbury Colombo,479092-BI-RFN,Superior Room,37797,Breakfast Included,true,23,2,false,,18717,8008,1,0,0,2026-08-20T02:04:49.415Z
1a470cae-d2aa-4473-ab0f-1f103d642296,t4,t4,Family on holiday,lp65589ffb,MaRadha Colombo,8208286-RO-RFN,Standard Double Room,35408,Room Only,true,27,2,false,,16591,7262,1,0,0,2026-08-20T02:05:06.338Z
1a470cae-d2aa-4473-ab0f-1f103d642296,t5,t5,Light sleeper,lp72a36,Best Western Elyon Colombo,1459894716-RO-RFN,"Deluxe Room, 2 Twin Beds, Non Smoking",19568,Room Only,true,,3,false,,19963,10557,1,0,0,2026-08-20T02:05:26.673Z
1a470cae-d2aa-4473-ab0f-1f103d642296,t6,t6,Beach weekender,lp7c172,Mirage Colombo,487132-BI-RFN,Standard Double Room,24581,Breakfast Included,true,27,5,false,,19182,8685,1,0,0,2026-08-20T02:05:46.329Z
1a470cae-d2aa-4473-ab0f-1f103d642296,t7,t7,Long-stay consultant,lp857b8,Zylan Colombo,481438-RO-RFN,Executive Room with Jacuzzi - 10% off on Food & Beverage,34557,Room Only,true,60,5,false,,19522,10159,1,0,0,2026-08-20T02:06:06.332Z
1a470cae-d2aa-4473-ab0f-1f103d642296,t8,t8,Value-seeking couple,lp656d3aa9,Sofia Colombo City Hotel,5336222-RO-RFN,Deluxe Twin Room with Sea View,27990,Room Only,true,21,3,false,,19315,7654,1,0,0,2026-08-20T02:06:26.201Z
1a470cae-d2aa-4473-ab0f-1f103d642296,t9,t9,Remote worker,lp40d3f,Global Towers Hotel & Apartments,476927-RO-RFN,Double or Twin Room,16041,Room Only,true,27,3,false,,17895,7810,1,0,0,2026-08-20T02:06:44.449Z
1a470cae-d2aa-4473-ab0f-1f103d642296,t10,t10,Business traveller,lp857b8,Zylan Colombo,481438-RO-RFN,Executive Room with Jacuzzi - 10% off on Food & Beverage,34557,Room Only,true,60,5,false,,19979,9523,1,0,0,2026-08-20T02:07:04.818Z
1a470cae-d2aa-4473-ab0f-1f103d642296,t_attn,t_attn,Attention check,lp9855f,Fairway Colombo - Sri Lanka's First Hotel With Robot Technology,1459963988-RO-RFN,Superior Twin Room,28429,Room Only,true,22,5,true,false,32756,27204,1,0,0,2026-08-20T02:07:37.944Z
e801b714-1a18-4f33-8200-ca9f66feab9d,t1,t1,Evening walker,lpb1537,Shangri-La Colombo,2416733-RO-NRF,Deluxe Lake View King,68781,Room Only,false,42,5,false,,16120,6938,1,0,0,2026-08-20T02:08:38.961Z
e801b714-1a18-4f33-8200-ca9f66feab9d,t2,t2,Business traveller,lpc0df6,Fern Colombo,4237597-RO-RFN,Deluxe Twin Room,16245,Room Only,true,25,2,false,,17183,8138,1,0,0,2026-08-20T02:08:56.511Z
e801b714-1a18-4f33-8200-ca9f66feab9d,t3,t3,Self-funded worker,lp81760,The Steuart by Citrus,1459938501-BI-NRF,"Premium Room, City View - Early check-in or late check-out subject to availability",25519,Breakfast Included,false,123,5,false,,19785,10061,1,0,0,2026-08-20T02:09:16.628Z
e801b714-1a18-4f33-8200-ca9f66feab9d,t4,t4,Family on holiday,lp76eba,Radisson Hotel Colombo,7559276-RO-RFN,Superior Room,27402,Room Only,true,24,5,false,,20284,10529,1,0,0,2026-08-20T02:09:37.460Z
e801b714-1a18-4f33-8200-ca9f66feab9d,t5,t5,Light sleeper,lp67708,Supun Arcade Residency,481434-BI-RFN,One-Bedroom Apartment with 15% Discount on Food & Beverage,24663,Breakfast Included,true,121,5,false,,19114,9666,1,0,0,2026-08-20T02:09:56.912Z
e801b714-1a18-4f33-8200-ca9f66feab9d,t6,t6,Beach weekender,lp40d3f,Global Towers Hotel & Apartments,476929-RO-RFN,Two-Bedroom Apartment with Sea View/City view,41030,Room Only,true,124,3,false,,18803,9946,1,0,0,2026-08-20T02:10:16.060Z
e801b714-1a18-4f33-8200-ca9f66feab9d,t7,t7,Long-stay consultant,lp857b8,Zylan Colombo,481438-RO-RFN,Executive Room with Jacuzzi - 10% off on Food & Beverage,34557,Room Only,true,60,5,false,,16097,6456,1,0,0,2026-08-20T02:10:32.528Z
e801b714-1a18-4f33-8200-ca9f66feab9d,t8,t8,Value-seeking couple,lp656d40c7,Sheraton Colombo Hotel,5289365-RO-RFN,Deluxe King Room with City View with 15% spa discount per room + 15% F&B discount per room + Early check in an,56627,Room Only,true,36,5,false,,19400,9002,1,0,0,2026-08-20T02:10:52.249Z
e801b714-1a18-4f33-8200-ca9f66feab9d,t9,t9,Remote worker,lp76eba,Radisson Hotel Colombo,7559276-RO-RFN,Superior Room,27402,Room Only,true,24,5,false,,18667,10111,1,0,0,2026-08-20T02:11:11.326Z
e801b714-1a18-4f33-8200-ca9f66feab9d,t10,t10,Business traveller,lp857b8,Zylan Colombo,481438-RO-RFN,Executive Room with Jacuzzi - 10% off on Food & Beverage,34557,Room Only,true,60,5,false,,16060,6380,1,0,0,2026-08-20T02:11:27.737Z
e801b714-1a18-4f33-8200-ca9f66feab9d,t_attn,t_attn,Attention check,lp9855f,Fairway Colombo - Sri Lanka's First Hotel With Robot Technology,1459963988-RO-RFN,Superior Twin Room,28429,Room Only,true,22,5,true,false,33349,26832,1,0,0,2026-08-20T02:12:01.445Z
0b984483-9d1e-4406-be3a-2bdc9f3a1f66,t1,t1,Evening walker,lp71118,CityRest Fort,1459617182-RO-RFN,Standard Double Room,11502,Room Only,true,,2,false,,18861,9360,1,0,0,2026-08-20T02:13:04.504Z
0b984483-9d1e-4406-be3a-2bdc9f3a1f66,t2,t2,Business traveller,lp5f0e5,Paradise Road Tintagel Colombo,476937-RO-RFN,Executive Suite,96633,Room Only,true,32,2,false,,17124,7522,1,0,0,2026-08-20T02:13:21.960Z
0b984483-9d1e-4406-be3a-2bdc9f3a1f66,t3,t3,Self-funded worker,lp6f007,Clock Inn Colombo,1321691605-BI-RFN,Standard Double Room,13715,Breakfast Included,true,25,2,false,,17179,8675,1,0,0,2026-08-20T02:13:39.533Z
0b984483-9d1e-4406-be3a-2bdc9f3a1f66,t4,t4,Family on holiday,lp67286,Colombo Court Hotel & Spa,481449-RO-RFN,Suite,52144,Room Only,true,44,5,false,,15604,6692,1,0,0,2026-08-20T02:13:55.476Z
0b984483-9d1e-4406-be3a-2bdc9f3a1f66,t5,t5,Light sleeper,lp67708,Supun Arcade Residency,481434-RO-RFN,One-Bedroom Apartment with 15% Discount on Food & Beverage,20768,Room Only,true,121,5,false,,14673,7084,1,0,0,2026-08-20T02:14:10.487Z
0b984483-9d1e-4406-be3a-2bdc9f3a1f66,t6,t6,Beach weekender,lp656d40c7,Sheraton Colombo Hotel,5289360-RO-RFN,Deluxe Twin Room with City View with 15% spa discount per room + 15% F&B discount per room + Early check in an,56627,Room Only,true,36,5,false,,16246,6907,1,0,0,2026-08-20T02:14:27.083Z
0b984483-9d1e-4406-be3a-2bdc9f3a1f66,t7,t7,Long-stay consultant,lp857b8,Zylan Colombo,1461137737-RO-RFN,Deluxe Triple Room,35761,Room Only,true,32,5,false,,18241,8063,1,0,0,2026-08-20T02:14:45.645Z
0b984483-9d1e-4406-be3a-2bdc9f3a1f66,t8,t8,Value-seeking couple,lp656d40c7,Sheraton Colombo Hotel,5289360-RO-RFN,Deluxe Twin Room with City View with 15% spa discount per room + 15% F&B discount per room + Early check in an,56627,Room Only,true,36,5,false,,17379,8781,1,0,0,2026-08-20T02:15:03.699Z
0b984483-9d1e-4406-be3a-2bdc9f3a1f66,t9,t9,Remote worker,lp7c172,Mirage Colombo,487132-BI-RFN,Standard Double Room,24581,Breakfast Included,true,27,5,false,,16381,7068,1,0,0,2026-08-20T02:15:20.417Z
0b984483-9d1e-4406-be3a-2bdc9f3a1f66,t10,t10,Business traveller,lp857b8,Zylan Colombo,481438-RO-RFN,Executive Room with Jacuzzi - 10% off on Food & Beverage,34557,Room Only,true,60,5,false,,21708,9961,1,0,0,2026-08-20T02:15:42.453Z
0b984483-9d1e-4406-be3a-2bdc9f3a1f66,t_attn,t_attn,Attention check,lp9855f,Fairway Colombo - Sri Lanka's First Hotel With Robot Technology,1459963988-RO-RFN,Superior Twin Room,28429,Room Only,true,22,5,true,false,30004,23837,1,0,0,2026-08-20T02:16:12.806Z
c9340362-b29e-4a4b-a593-03db61c8d33c,t1,t1,Evening walker,lpb1537,Shangri-La Colombo,2416743-RO-NRF,Deluxe Lake View Twin,68781,Room Only,false,42,5,false,,20418,10534,1,0,0,2026-08-20T02:17:17.447Z
c9340362-b29e-4a4b-a593-03db61c8d33c,t2,t2,Business traveller,lp5f0e5,Paradise Road Tintagel Colombo,476937-BI-RFN,Executive Suite,105766,Breakfast Included,true,32,2,false,,18261,7456,1,0,0,2026-08-20T02:17:36.038Z
c9340362-b29e-4a4b-a593-03db61c8d33c,t3,t3,Self-funded worker,lp81760,The Steuart by Citrus,1459938501-RO-NRF,"Premium Room, City View - Early check-in or late check-out subject to availability",22604,Room Only,false,123,5,false,,19493,9819,1,0,0,2026-08-20T02:17:55.925Z
c9340362-b29e-4a4b-a593-03db61c8d33c,t4,t4,Family on holiday,lp6f007,Clock Inn Colombo,1321691606-BI-RFN,Family Quadruple Room,16763,Breakfast Included,true,25,2,false,,19414,9565,1,0,0,2026-08-20T02:18:15.971Z
c9340362-b29e-4a4b-a593-03db61c8d33c,t5,t5,Light sleeper,lp72a36,Best Western Elyon Colombo,1459894716-RO-RFN,"Deluxe Room, 2 Twin Beds, Non Smoking",19568,Room Only,true,,3,false,,14606,5634,1,0,0,2026-08-20T02:18:31.129Z
c9340362-b29e-4a4b-a593-03db61c8d33c,t6,t6,Beach weekender,lp76eba,Radisson Hotel Colombo,7559276-BI-RFN,Superior Room,36248,Breakfast Included,true,24,5,false,,16849,6071,1,0,0,2026-08-20T02:18:48.310Z
c9340362-b29e-4a4b-a593-03db61c8d33c,t7,t7,Long-stay consultant,lp5f0e5,Paradise Road Tintagel Colombo,476937-RO-RFN,Executive Suite,96633,Room Only,true,32,2,false,,16113,7665,1,0,0,2026-08-20T02:19:04.885Z
c9340362-b29e-4a4b-a593-03db61c8d33c,t8,t8,Value-seeking couple,lp656d40c7,Sheraton Colombo Hotel,5289360-RO-RFN,Deluxe Twin Room with City View with 15% spa discount per room + 15% F&B discount per room + Early check in an,56627,Room Only,true,36,5,false,,16685,5791,1,0,0,2026-08-20T02:19:21.896Z
c9340362-b29e-4a4b-a593-03db61c8d33c,t9,t9,Remote worker,lp40d3f,Global Towers Hotel & Apartments,476927-RO-RFN,Double or Twin Room,16041,Room Only,true,27,3,false,,19356,9397,1,0,0,2026-08-20T02:19:41.590Z
c9340362-b29e-4a4b-a593-03db61c8d33c,t10,t10,Business traveller,lpc0df6,Fern Colombo,4237597-RO-RFN,Deluxe Twin Room,16245,Room Only,true,25,2,false,,19436,8436,1,0,0,2026-08-20T02:20:01.351Z
c9340362-b29e-4a4b-a593-03db61c8d33c,t_attn,t_attn,Attention check,lp9855f,Fairway Colombo - Sri Lanka's First Hotel With Robot Technology,1459963988-RO-RFN,Superior Twin Room,28429,Room Only,true,22,5,true,false,30322,25407,1,0,0,2026-08-20T02:20:32.022Z
14433c95-6897-4761-880e-6a777a82542e,t1,t1,Evening walker,lpb1537,Shangri-La Colombo,2416733-RO-NRF,Deluxe Lake View King,68781,Room Only,false,42,5,false,,17978,8713,1,0,0,2026-08-20T02:21:34.848Z
14433c95-6897-4761-880e-6a777a82542e,t2,t2,Business traveller,lp72a36,Best Western Elyon Colombo,513432-RO-RFN,Deluxe King Room,19568,Room Only,true,24,3,false,,14933,5698,1,0,0,2026-08-20T02:21:50.324Z
14433c95-6897-4761-880e-6a777a82542e,t3,t3,Self-funded worker,lp81760,The Steuart by Citrus,1459938501-RO-NRF,"Premium Room, City View - Early check-in or late check-out subject to availability",22604,Room Only,false,123,5,false,,15905,5702,1,0,0,2026-08-20T02:22:06.554Z
14433c95-6897-4761-880e-6a777a82542e,t4,t4,Family on holiday,lp65589ffb,MaRadha Colombo,8208286-BI-RFN,Standard Double Room,42521,Breakfast Included,true,27,2,false,,17446,7631,1,0,0,2026-08-20T02:22:24.341Z
14433c95-6897-4761-880e-6a777a82542e,t5,t5,Light sleeper,lp6e625,Hotel Janaki,479119-BI-RFN,Deluxe Double Room,15319,Breakfast Included,true,14,2,false,,18706,7905,1,0,0,2026-08-20T02:22:43.392Z
14433c95-6897-4761-880e-6a777a82542e,t6,t6,Beach weekender,lp67708,Supun Arcade Residency,481434-BI-RFN,One-Bedroom Apartment with 15% Discount on Food & Beverage,24663,Breakfast Included,true,121,5,false,,16036,5742,1,0,0,2026-08-20T02:22:59.768Z
14433c95-6897-4761-880e-6a777a82542e,t7,t7,Long-stay consultant,lp5f0e5,Paradise Road Tintagel Colombo,476937-BI-RFN,Executive Suite,105766,Breakfast Included,true,32,2,false,,17826,8260,1,0,0,2026-08-20T02:23:17.921Z
14433c95-6897-4761-880e-6a777a82542e,t8,t8,Value-seeking couple,lp6557c6e0,Granbell Hotel Colombo,4368098-RO-NRF,Superior Double City View,28807,Room Only,false,27,3,false,,19704,9601,1,0,0,2026-08-20T02:23:37.954Z
14433c95-6897-4761-880e-6a777a82542e,t9,t9,Remote worker,lp7c172,Mirage Colombo,487132-RO-RFN,Standard Double Room,20482,Room Only,true,27,5,false,,18826,8055,1,0,0,2026-08-20T02:23:57.258Z
14433c95-6897-4761-880e-6a777a82542e,t10,t10,Business traveller,lpc0df6,Fern Colombo,4237595-RO-RFN,King Room,16245,Room Only,true,25,2,false,,18871,8165,1,0,0,2026-08-20T02:24:16.531Z
14433c95-6897-4761-880e-6a777a82542e,t_attn,t_attn,Attention check,lp9855f,Fairway Colombo - Sri Lanka's First Hotel With Robot Technology,1459638294-BI-RFN,Superior Balcony Room,32800,Breakfast Included,true,31,5,true,false,32775,25858,1,0,0,2026-08-20T02:24:49.880Z
7c005f74-f8c3-4ce4-a694-dc7d3fceeb98,t1,t1,Evening walker,lp71118,CityRest Fort,1459617182-RO-RFN,Standard Double Room,11502,Room Only,true,,2,false,,20330,8864,1,0,0,2026-08-20T02:25:54.682Z
7c005f74-f8c3-4ce4-a694-dc7d3fceeb98,t2,t2,Business traveller,lp72a36,Best Western Elyon Colombo,1459894716-RO-RFN,"Deluxe Room, 2 Twin Beds, Non Smoking",19568,Room Only,true,,3,false,,17392,7072,1,0,0,2026-08-20T02:26:12.432Z
7c005f74-f8c3-4ce4-a694-dc7d3fceeb98,t3,t3,Self-funded worker,lp9855f,Fairway Colombo - Sri Lanka's First Hotel With Robot Technology,1459638294-BI-RFN,Superior Balcony Room,32800,Breakfast Included,true,31,5,false,,17376,8028,1,0,0,2026-08-20T02:26:30.122Z
7c005f74-f8c3-4ce4-a694-dc7d3fceeb98,t4,t4,Family on holiday,lp65589ffb,MaRadha Colombo,8208286-BI-RFN,Standard Double Room,42521,Breakfast Included,true,27,2,false,,18832,8891,1,0,0,2026-08-20T02:26:49.496Z
7c005f74-f8c3-4ce4-a694-dc7d3fceeb98,t5,t5,Light sleeper,lp72a36,Best Western Elyon Colombo,513432-RO-RFN,Deluxe King Room,19568,Room Only,true,24,3,false,,15559,6403,1,0,0,2026-08-20T02:27:05.770Z
7c005f74-f8c3-4ce4-a694-dc7d3fceeb98,t6,t6,Beach weekender,lp40d3f,Global Towers Hotel & Apartments,476929-RO-RFN,Two-Bedroom Apartment with Sea View/City view,41030,Room Only,true,124,3,false,,16017,6093,1,0,0,2026-08-20T02:27:22.117Z
7c005f74-f8c3-4ce4-a694-dc7d3fceeb98,t7,t7,Long-stay consultant,lp5f0e5,Paradise Road Tintagel Colombo,476937-RO-RFN,Executive Suite,96633,Room Only,true,32,2,false,,19998,9617,1,0,0,2026-08-20T02:27:42.446Z
7c005f74-f8c3-4ce4-a694-dc7d3fceeb98,t8,t8,Value-seeking couple,lp656d40c7,Sheraton Colombo Hotel,5289365-RO-RFN,Deluxe King Room with City View with 15% spa discount per room + 15% F&B discount per room + Early check in an,56627,Room Only,true,36,5,false,,16659,6909,1,0,0,2026-08-20T02:27:59.450Z
7c005f74-f8c3-4ce4-a694-dc7d3fceeb98,t9,t9,Remote worker,lp65589ffb,MaRadha Colombo,8208286-RO-RFN,Standard Double Room,35408,Room Only,true,27,2,false,,19818,9404,1,0,0,2026-08-20T02:28:19.598Z
7c005f74-f8c3-4ce4-a694-dc7d3fceeb98,t10,t10,Business traveller,lp857b8,Zylan Colombo,1461137737-RO-RFN,Deluxe Triple Room,35761,Room Only,true,32,5,false,,18249,9517,1,0,0,2026-08-20T02:28:38.200Z
7c005f74-f8c3-4ce4-a694-dc7d3fceeb98,t_attn,t_attn,Attention check,lp9855f,Fairway Colombo - Sri Lanka's First Hotel With Robot Technology,1459963988-RO-RFN,Superior Twin Room,28429,Room Only,true,22,5,true,false,32192,26823,1,0,0,2026-08-20T02:29:10.947Z
04464a69-c437-4563-a09e-a270355a79af,t1,t1,Evening walker,lpb1537,Shangri-La Colombo,2416743-RO-NRF,Deluxe Lake View Twin,68781,Room Only,false,42,5,false,,20609,10317,1,0,0,2026-08-20T02:30:14.913Z
04464a69-c437-4563-a09e-a270355a79af,t2,t2,Business traveller,lp72a36,Best Western Elyon Colombo,513432-RO-RFN,Deluxe King Room,19568,Room Only,true,24,3,false,,18214,7172,1,0,0,2026-08-20T02:30:33.542Z
04464a69-c437-4563-a09e-a270355a79af,t3,t3,Self-funded worker,lp81760,The Steuart by Citrus,1459938501-RO-NRF,"Premium Room, City View - Early check-in or late check-out subject to availability",22604,Room Only,false,123,5,false,,18434,8491,1,0,0,2026-08-20T02:30:52.579Z
04464a69-c437-4563-a09e-a270355a79af,t4,t4,Family on holiday,lp65589ffb,MaRadha Colombo,8208286-RO-RFN,Standard Double Room,35408,Room Only,true,27,2,false,,20326,10379,1,0,0,2026-08-20T02:31:13.243Z
04464a69-c437-4563-a09e-a270355a79af,t5,t5,Light sleeper,lp72a36,Best Western Elyon Colombo,513432-RO-RFN,Deluxe King Room,19568,Room Only,true,24,3,false,,16930,5775,1,0,0,2026-08-20T02:31:30.512Z
04464a69-c437-4563-a09e-a270355a79af,t6,t6,Beach weekender,lp40d3f,Global Towers Hotel & Apartments,476927-RO-RFN,Double or Twin Room,16041,Room Only,true,27,3,false,,18612,9691,1,0,0,2026-08-20T02:31:49.863Z
04464a69-c437-4563-a09e-a270355a79af,t7,t7,Long-stay consultant,lp857b8,Zylan Colombo,481438-RO-RFN,Executive Room with Jacuzzi - 10% off on Food & Beverage,34557,Room Only,true,60,5,false,,18396,8041,1,0,0,2026-08-20T02:32:08.593Z
04464a69-c437-4563-a09e-a270355a79af,t8,t8,Value-seeking couple,lp6574b103,"Amari Colombo, Sri Lanka",844832-RO-RFN,Superior City View King,46259,Room Only,true,29,5,false,,15622,6333,1,0,0,2026-08-20T02:32:24.768Z
04464a69-c437-4563-a09e-a270355a79af,t9,t9,Remote worker,lp7c172,Mirage Colombo,487132-BI-RFN,Standard Double Room,24581,Breakfast Included,true,27,5,false,,18291,8924,1,0,0,2026-08-20T02:32:43.385Z
04464a69-c437-4563-a09e-a270355a79af,t10,t10,Business traveller,lpc0df6,Fern Colombo,4237597-RO-RFN,Deluxe Twin Room,16245,Room Only,true,25,2,false,,16528,6539,1,0,0,2026-08-20T02:33:00.237Z
04464a69-c437-4563-a09e-a270355a79af,t_attn,t_attn,Attention check,lp9855f,Fairway Colombo - Sri Lanka's First Hotel With Robot Technology,1459963988-BI-RFN,Superior Twin Room,37170,Breakfast Included,true,22,5,true,false,34704,28669,1,0,0,2026-08-20T02:33:35.492Z
962c42c5-67ca-4af5-bf3a-1b46b3814546,t1,t1,Evening walker,lp3e58e,The Kingsbury Colombo,479092-RO-RFN,Superior Room,37025,Room Only,true,23,2,false,,18259,8879,1,0,0,2026-08-20T02:34:38.625Z
962c42c5-67ca-4af5-bf3a-1b46b3814546,t2,t2,Business traveller,lp72a36,Best Western Elyon Colombo,1459894716-RO-RFN,"Deluxe Room, 2 Twin Beds, Non Smoking",19568,Room Only,true,,3,false,,16456,7228,1,0,0,2026-08-20T02:34:55.522Z
962c42c5-67ca-4af5-bf3a-1b46b3814546,t3,t3,Self-funded worker,lp81760,The Steuart by Citrus,1459938501-BI-NRF,"Premium Room, City View - Early check-in or late check-out subject to availability",25519,Breakfast Included,false,123,5,false,,20085,10278,1,0,0,2026-08-20T02:35:15.960Z
962c42c5-67ca-4af5-bf3a-1b46b3814546,t4,t4,Family on holiday,lp76eba,Radisson Hotel Colombo,7559276-BI-RFN,Superior Room,36248,Breakfast Included,true,24,5,false,,17899,6807,1,0,0,2026-08-20T02:35:34.437Z
962c42c5-67ca-4af5-bf3a-1b46b3814546,t5,t5,Light sleeper,lp72a36,Best Western Elyon Colombo,513432-RO-RFN,Deluxe King Room,19568,Room Only,true,24,3,false,,17123,8157,1,0,0,2026-08-20T02:35:52.203Z
962c42c5-67ca-4af5-bf3a-1b46b3814546,t6,t6,Beach weekender,lp7c172,Mirage Colombo,487132-RO-RFN,Standard Double Room,20482,Room Only,true,27,5,false,,17384,6665,1,0,0,2026-08-20T02:36:10.029Z
962c42c5-67ca-4af5-bf3a-1b46b3814546,t7,t7,Long-stay consultant,lp857b8,Zylan Colombo,481438-RO-RFN,Executive Room with Jacuzzi - 10% off on Food & Beverage,34557,Room Only,true,60,5,false,,19240,9491,1,0,0,2026-08-20T02:36:29.637Z
962c42c5-67ca-4af5-bf3a-1b46b3814546,t8,t8,Value-seeking couple,lp6557c6e0,Granbell Hotel Colombo,4368098-RO-NRF,Superior Double City View,28807,Room Only,false,27,3,false,,19526,9756,1,0,0,2026-08-20T02:36:49.523Z
962c42c5-67ca-4af5-bf3a-1b46b3814546,t9,t9,Remote worker,lp67708,Supun Arcade Residency,481434-RO-RFN,One-Bedroom Apartment with 15% Discount on Food & Beverage,20768,Room Only,true,121,5,false,,19862,9789,1,0,0,2026-08-20T02:37:09.924Z
962c42c5-67ca-4af5-bf3a-1b46b3814546,t10,t10,Business traveller,lp857b8,Zylan Colombo,481438-RO-RFN,Executive Room with Jacuzzi - 10% off on Food & Beverage,34557,Room Only,true,60,5,false,,16185,8013,1,0,0,2026-08-20T02:37:26.497Z
962c42c5-67ca-4af5-bf3a-1b46b3814546,t_attn,t_attn,Attention check,lp9855f,Fairway Colombo - Sri Lanka's First Hotel With Robot Technology,1459963988-RO-RFN,Superior Twin Room,28429,Room Only,true,22,5,true,false,31413,25763,1,0,0,2026-08-20T02:37:58.255Z
50c03856-29e5-4387-b9bb-e29756ab5d3f,t1,t1,Evening walker,lp65589ffb,MaRadha Colombo,8208286-BI-RFN,Standard Double Room,42521,Breakfast Included,true,27,2,false,,18074,9273,1,0,0,2026-08-20T02:38:59.122Z
50c03856-29e5-4387-b9bb-e29756ab5d3f,t2,t2,Business traveller,lpb1537,Shangri-La Colombo,2416743-RO-NRF,Deluxe Lake View Twin,68781,Room Only,false,42,5,false,,16228,5957,1,0,0,2026-08-20T02:39:15.685Z
50c03856-29e5-4387-b9bb-e29756ab5d3f,t3,t3,Self-funded worker,lp71118,CityRest Fort,1459617182-RO-RFN,Standard Double Room,11502,Room Only,true,,2,false,,16528,7006,1,0,0,2026-08-20T02:39:32.553Z
50c03856-29e5-4387-b9bb-e29756ab5d3f,t4,t4,Family on holiday,lp656d40c7,Sheraton Colombo Hotel,5289360-RO-RFN,Deluxe Twin Room with City View with 15% spa discount per room + 15% F&B discount per room + Early check in an,56627,Room Only,true,36,5,false,,17560,7465,1,0,0,2026-08-20T02:39:50.428Z
50c03856-29e5-4387-b9bb-e29756ab5d3f,t5,t5,Light sleeper,lp656d40c7,Sheraton Colombo Hotel,5289365-RO-RFN,Deluxe King Room with City View with 15% spa discount per room + 15% F&B discount per room + Early check in an,56627,Room Only,true,36,5,false,,15901,6099,1,0,0,2026-08-20T02:40:06.681Z
50c03856-29e5-4387-b9bb-e29756ab5d3f,t6,t6,Beach weekender,lp7c172,Mirage Colombo,487132-RO-RFN,Standard Double Room,20482,Room Only,true,27,5,false,,19882,9139,1,0,0,2026-08-20T02:40:26.897Z
50c03856-29e5-4387-b9bb-e29756ab5d3f,t7,t7,Long-stay consultant,lp857b8,Zylan Colombo,1461137737-RO-RFN,Deluxe Triple Room,35761,Room Only,true,32,5,false,,19893,10112,1,0,0,2026-08-20T02:40:47.344Z
50c03856-29e5-4387-b9bb-e29756ab5d3f,t8,t8,Value-seeking couple,lp656d40c7,Sheraton Colombo Hotel,5289365-RO-RFN,Deluxe King Room with City View with 15% spa discount per room + 15% F&B discount per room + Early check in an,56627,Room Only,true,36,5,false,,18133,7914,1,0,0,2026-08-20T02:41:05.809Z
50c03856-29e5-4387-b9bb-e29756ab5d3f,t9,t9,Remote worker,lp7c172,Mirage Colombo,487132-RO-RFN,Standard Double Room,20482,Room Only,true,27,5,false,,16797,8584,1,0,0,2026-08-20T02:41:23.166Z
50c03856-29e5-4387-b9bb-e29756ab5d3f,t10,t10,Business traveller,lp656d40c7,Sheraton Colombo Hotel,1460149481-RO-RFN,Deluxe Twin Room with Ocean View with 15% spa discount per room + 15% F&B discount per room + Early check in a,63767,Room Only,true,36,5,false,,19636,10173,1,0,0,2026-08-20T02:41:43.208Z
50c03856-29e5-4387-b9bb-e29756ab5d3f,t_attn,t_attn,Attention check,lp9855f,Fairway Colombo - Sri Lanka's First Hotel With Robot Technology,1459638294-BI-RFN,Superior Balcony Room,32800,Breakfast Included,true,31,5,true,false,33120,27718,1,0,0,2026-08-20T02:42:16.897Z
eb7adf7b-b6c7-44c2-8f96-fb165f582691,t1,t1,Evening walker,lpb1537,Shangri-La Colombo,2416743-RO-NRF,Deluxe Lake View Twin,68781,Room Only,false,42,5,false,,18169,9099,1,0,0,2026-08-20T02:43:20.229Z
eb7adf7b-b6c7-44c2-8f96-fb165f582691,t2,t2,Business traveller,lpc0df6,Fern Colombo,4237597-RO-RFN,Deluxe Twin Room,16245,Room Only,true,25,2,false,,18041,8348,1,0,0,2026-08-20T02:43:38.610Z
eb7adf7b-b6c7-44c2-8f96-fb165f582691,t3,t3,Self-funded worker,lp3e58e,The Kingsbury Colombo,479092-RO-RFN,Superior Room,37025,Room Only,true,23,2,false,,19721,8275,1,0,0,2026-08-20T02:43:58.886Z
eb7adf7b-b6c7-44c2-8f96-fb165f582691,t4,t4,Family on holiday,lp76eba,Radisson Hotel Colombo,7559276-BI-RFN,Superior Room,36248,Breakfast Included,true,24,5,false,,17330,7043,1,0,0,2026-08-20T02:44:16.571Z
eb7adf7b-b6c7-44c2-8f96-fb165f582691,t5,t5,Light sleeper,lp67708,Supun Arcade Residency,481434-RO-RFN,One-Bedroom Apartment with 15% Discount on Food & Beverage,20768,Room Only,true,121,5,false,,18243,8149,1,0,0,2026-08-20T02:44:35.366Z
eb7adf7b-b6c7-44c2-8f96-fb165f582691,t6,t6,Beach weekender,lp76eba,Radisson Hotel Colombo,7559276-RO-RFN,Superior Room,27402,Room Only,true,24,5,false,,19153,9895,1,0,0,2026-08-20T02:44:54.898Z
eb7adf7b-b6c7-44c2-8f96-fb165f582691,t7,t7,Long-stay consultant,lp5f0e5,Paradise Road Tintagel Colombo,476937-RO-RFN,Executive Suite,96633,Room Only,true,32,2,false,,19004,9671,1,0,0,2026-08-20T02:45:14.261Z
eb7adf7b-b6c7-44c2-8f96-fb165f582691,t8,t8,Value-seeking couple,lp6574b103,"Amari Colombo, Sri Lanka",844831-RO-RFN,Superior City View Twin,42203,Room Only,true,29,5,false,,18925,9463,1,0,0,2026-08-20T02:45:33.519Z
eb7adf7b-b6c7-44c2-8f96-fb165f582691,t9,t9,Remote worker,lp7c172,Mirage Colombo,487132-RO-RFN,Standard Double Room,20482,Room Only,true,27,5,false,,19808,9361,1,0,0,2026-08-20T02:45:53.897Z
eb7adf7b-b6c7-44c2-8f96-fb165f582691,t10,t10,Business traveller,lpc0df6,Fern Colombo,4237595-RO-RFN,King Room,16245,Room Only,true,25,2,false,,18521,8283,1,0,0,2026-08-20T02:46:12.789Z
eb7adf7b-b6c7-44c2-8f96-fb165f582691,t_attn,t_attn,Attention check,lp9855f,Fairway Colombo - Sri Lanka's First Hotel With Robot Technology,1459963988-RO-RFN,Superior Twin Room,28429,Room Only,true,22,5,true,false,34246,28629,1,0,0,2026-08-20T02:46:47.605Z
2c3ed316-e666-45bc-84ae-b8ffe134b851,t1,t1,Evening walker,lp3e58e,The Kingsbury Colombo,479092-RO-RFN,Superior Room,37025,Room Only,true,23,2,false,,19358,9809,1,0,0,2026-08-20T02:47:49.621Z
2c3ed316-e666-45bc-84ae-b8ffe134b851,t2,t2,Business traveller,lpc0df6,Fern Colombo,4237597-RO-RFN,Deluxe Twin Room,16245,Room Only,true,25,2,false,,18575,7895,1,0,0,2026-08-20T02:48:08.536Z
2c3ed316-e666-45bc-84ae-b8ffe134b851,t3,t3,Self-funded worker,lp9855f,Fairway Colombo - Sri Lanka's First Hotel With Robot Technology,1459638294-BI-RFN,Superior Balcony Room,32800,Breakfast Included,true,31,5,false,,20567,10105,1,0,0,2026-08-20T02:48:29.691Z
2c3ed316-e666-45bc-84ae-b8ffe134b851,t4,t4,Family on holiday,lp76eba,Radisson Hotel Colombo,7559276-BI-RFN,Superior Room,36248,Breakfast Included,true,24,5,false,,16343,7505,1,0,0,2026-08-20T02:48:46.592Z
2c3ed316-e666-45bc-84ae-b8ffe134b851,t5,t5,Light sleeper,lp67708,Supun Arcade Residency,481434-RO-RFN,One-Bedroom Apartment with 15% Discount on Food & Beverage,20768,Room Only,true,121,5,false,,18818,8795,1,0,0,2026-08-20T02:49:06.015Z
2c3ed316-e666-45bc-84ae-b8ffe134b851,t6,t6,Beach weekender,lp7c172,Mirage Colombo,487132-BI-RFN,Standard Double Room,24581,Breakfast Included,true,27,5,false,,19405,9916,1,0,0,2026-08-20T02:49:25.822Z
2c3ed316-e666-45bc-84ae-b8ffe134b851,t7,t7,Long-stay consultant,lp5f0e5,Paradise Road Tintagel Colombo,476937-RO-RFN,Executive Suite,96633,Room Only,true,32,2,false,,17039,6369,1,0,0,2026-08-20T02:49:43.238Z
2c3ed316-e666-45bc-84ae-b8ffe134b851,t8,t8,Value-seeking couple,lp6557c6e0,Granbell Hotel Colombo,4368098-RO-NRF,Superior Double City View,28807,Room Only,false,27,3,false,,20491,10077,1,0,0,2026-08-20T02:50:04.073Z
2c3ed316-e666-45bc-84ae-b8ffe134b851,t9,t9,Remote worker,lp67708,Supun Arcade Residency,481434-RO-RFN,One-Bedroom Apartment with 15% Discount on Food & Beverage,20768,Room Only,true,121,5,false,,19296,10386,1,0,0,2026-08-20T02:50:23.713Z
2c3ed316-e666-45bc-84ae-b8ffe134b851,t10,t10,Business traveller,lp72a36,Best Western Elyon Colombo,513432-RO-RFN,Deluxe King Room,19568,Room Only,true,24,3,false,,18800,10423,1,0,0,2026-08-20T02:50:43.143Z
2c3ed316-e666-45bc-84ae-b8ffe134b851,t_attn,t_attn,Attention check,lp9855f,Fairway Colombo - Sri Lanka's First Hotel With Robot Technology,1459963988-RO-RFN,Superior Twin Room,28429,Room Only,true,22,5,true,false,30019,24580,1,0,0,2026-08-20T02:51:14.120Z
5c6941b9-1598-4d5d-9d15-474628de9076,t1,t1,Evening walker,lp81760,The Steuart by Citrus,1459938501-BI-NRF,"Premium Room, City View - Early check-in or late check-out subject to availability",25519,Breakfast Included,false,123,5,false,,17985,7448,1,0,0,2026-08-20T02:52:14.324Z
5c6941b9-1598-4d5d-9d15-474628de9076,t2,t2,Business traveller,lpc0df6,Fern Colombo,4237595-RO-RFN,King Room,16245,Room Only,true,25,2,false,,19184,9688,1,0,0,2026-08-20T02:52:38.322Z
5c6941b9-1598-4d5d-9d15-474628de9076,t3,t3,Self-funded worker,lpb1537,Shangri-La Colombo,2416733-RO-NRF,Deluxe Lake View King,68781,Room Only,false,42,5,false,,11374,490,1,0,0,2026-08-20T02:52:59.985Z
5c6941b9-1598-4d5d-9d15-474628de9076,t4,t4,Family on holiday,lp67286,Colombo Court Hotel & Spa,481449-RO-RFN,Suite,52144,Room Only,true,44,5,false,,6004,367,1,0,0,2026-08-20T02:53:14.275Z
5c6941b9-1598-4d5d-9d15-474628de9076,t5,t5,Light sleeper,lp72a36,Best Western Elyon Colombo,513432-RO-RFN,Deluxe King Room,19568,Room Only,true,24,3,false,,12599,2500,1,0,0,2026-08-20T02:53:27.547Z
5c6941b9-1598-4d5d-9d15-474628de9076,t6,t6,Beach weekender,lp76eba,Radisson Hotel Colombo,7559276-RO-RFN,Superior Room,27402,Room Only,true,24,5,false,,16024,6389,1,0,0,2026-08-20T02:53:44.329Z
5c6941b9-1598-4d5d-9d15-474628de9076,t7,t7,Long-stay consultant,lp5f0e5,Paradise Road Tintagel Colombo,476937-RO-RFN,Executive Suite,96633,Room Only,true,32,2,false,,16354,6691,1,0,0,2026-08-20T02:54:01.233Z
5c6941b9-1598-4d5d-9d15-474628de9076,t8,t8,Value-seeking couple,lp656d3aa9,Sofia Colombo City Hotel,5336222-RO-RFN,Deluxe Twin Room with Sea View,27990,Room Only,true,21,3,false,,16341,6116,1,0,0,2026-08-20T02:54:18.578Z
5c6941b9-1598-4d5d-9d15-474628de9076,t9,t9,Remote worker,lp7c172,Mirage Colombo,487132-RO-RFN,Standard Double Room,20482,Room Only,true,27,5,false,,17878,7691,1,0,0,2026-08-20T02:54:37.522Z
5c6941b9-1598-4d5d-9d15-474628de9076,t10,t10,Business traveller,lpc0df6,Fern Colombo,4237595-RO-RFN,King Room,16245,Room Only,true,25,2,false,,16660,6588,1,0,0,2026-08-20T02:54:55.348Z
5c6941b9-1598-4d5d-9d15-474628de9076,t_attn,t_attn,Attention check,lp9855f,Fairway Colombo - Sri Lanka's First Hotel With Robot Technology,1459963988-RO-RFN,Superior Twin Room,28429,Room Only,true,22,5,true,false,28627,23164,1,0,0,2026-08-20T02:55:24.559Z
f1d9f280-9f5e-4500-8553-874edfb4e6d4,t1,t1,Evening walker,lp6e625,Hotel Janaki,479119-BI-RFN,Deluxe Double Room,15319,Breakfast Included,true,14,2,false,,19401,8612,1,0,0,2026-08-20T02:56:28.822Z
f1d9f280-9f5e-4500-8553-874edfb4e6d4,t2,t2,Business traveller,lp857b8,Zylan Colombo,1461137737-RO-RFN,Deluxe Triple Room,35761,Room Only,true,32,5,false,,17532,8387,1,0,0,2026-08-20T02:56:46.904Z
f1d9f280-9f5e-4500-8553-874edfb4e6d4,t3,t3,Self-funded worker,lp71118,CityRest Fort,1459617182-RO-RFN,Standard Double Room,11502,Room Only,true,,2,false,,15462,5462,1,0,0,2026-08-20T02:57:02.728Z
f1d9f280-9f5e-4500-8553-874edfb4e6d4,t4,t4,Family on holiday,lp76eba,Radisson Hotel Colombo,7559276-BI-RFN,Superior Room,36248,Breakfast Included,true,24,5,false,,16625,6902,1,0,0,2026-08-20T02:57:19.967Z
f1d9f280-9f5e-4500-8553-874edfb4e6d4,t5,t5,Light sleeper,lp67708,Supun Arcade Residency,481434-BI-RFN,One-Bedroom Apartment with 15% Discount on Food & Beverage,24663,Breakfast Included,true,121,5,false,,18949,7780,1,0,0,2026-08-20T02:57:39.473Z
1d12ef90-7e7a-491c-9688-8fe738dccd96,t1,t1,Evening walker,lp71118,CityRest Fort,1459617182-RO-RFN,Standard Double Room,11502,Room Only,true,,2,false,,2750,1269,1,0,0,2026-08-20T03:18:57.818Z
1d12ef90-7e7a-491c-9688-8fe738dccd96,t2,t2,Business traveller,lp71118,CityRest Fort,1459617182-RO-RFN,Standard Double Room,11502,Room Only,true,,2,false,,2013,393,1,0,0,2026-08-20T03:19:00.457Z
1d12ef90-7e7a-491c-9688-8fe738dccd96,t3,t3,Self-funded worker,lp71118,CityRest Fort,1459617182-RO-RFN,Standard Double Room,11502,Room Only,true,,2,false,,2506,985,1,0,0,2026-08-20T03:19:03.486Z
1d12ef90-7e7a-491c-9688-8fe738dccd96,t4,t4,Family on holiday,lp71118,CityRest Fort,1459617182-RO-RFN,Standard Double Room,11502,Room Only,true,,2,false,,1401,85,1,0,0,2026-08-20T03:19:05.988Z
1d12ef90-7e7a-491c-9688-8fe738dccd96,t5,t5,Light sleeper,lp71118,CityRest Fort,1459617182-RO-RFN,Standard Double Room,11502,Room Only,true,,2,false,,2174,851,1,0,0,2026-08-20T03:19:08.549Z
1d12ef90-7e7a-491c-9688-8fe738dccd96,t6,t6,Beach weekender,lp71118,CityRest Fort,1459617182-RO-RFN,Standard Double Room,11502,Room Only,true,,2,false,,2377,859,1,0,0,2026-08-20T03:19:11.274Z
1d12ef90-7e7a-491c-9688-8fe738dccd96,t7,t7,Long-stay consultant,lp71118,CityRest Fort,1459617182-RO-RFN,Standard Double Room,11502,Room Only,true,,2,false,,2208,880,1,0,0,2026-08-20T03:19:13.842Z
1d12ef90-7e7a-491c-9688-8fe738dccd96,t8,t8,Value-seeking couple,lp71118,CityRest Fort,1459617182-RO-RFN,Standard Double Room,11502,Room Only,true,,2,false,,2163,858,1,0,0,2026-08-20T03:19:16.576Z
1d12ef90-7e7a-491c-9688-8fe738dccd96,t9,t9,Remote worker,lp71118,CityRest Fort,1459617182-RO-RFN,Standard Double Room,11502,Room Only,true,,2,false,,1894,622,1,0,0,2026-08-20T03:19:19.081Z
1d12ef90-7e7a-491c-9688-8fe738dccd96,t10,t10,Business traveller,lp71118,CityRest Fort,1459617182-RO-RFN,Standard Double Room,11502,Room Only,true,,2,false,,2045,662,1,0,0,2026-08-20T03:19:21.703Z
6ae60e77-452c-43aa-bbdd-2987b635e1ea,t1,t1,Evening walker,lp71118,CityRest Fort,1459617182-RO-RFN,Standard Double Room,11502,Room Only,true,,2,false,,16216,6936,1,0,0,2026-08-20T03:24:22.138Z
d5641c41-e93f-45d1-9fef-89c5c48b7a63,t1,t1,Evening walker,lp33ddb,"Taj Samudra, Colombo",478631-BI-RFN,Deluxe Room City View Queen Bed,43993,Breakfast Included,true,35,5,false,,20256,9931,1,0,0,2026-08-20T03:24:23.353Z
6ae60e77-452c-43aa-bbdd-2987b635e1ea,t2,t2,Business traveller,lp857b8,Zylan Colombo,1461137737-RO-RFN,Deluxe Triple Room,35761,Room Only,true,32,5,false,,15537,6249,1,0,0,2026-08-20T03:24:38.176Z
d5641c41-e93f-45d1-9fef-89c5c48b7a63,t2,t2,Business traveller,lp857b8,Zylan Colombo,1461137737-RO-RFN,Deluxe Triple Room,35761,Room Only,true,32,5,false,,15600,5583,1,0,0,2026-08-20T03:24:39.414Z
d5641c41-e93f-45d1-9fef-89c5c48b7a63,t3,t3,Self-funded worker,lp81760,The Steuart by Citrus,1459938501-RO-NRF,"Premium Room, City View - Early check-in or late check-out subject to availability",22604,Room Only,false,123,5,false,,16046,6528,1,0,0,2026-08-20T03:24:55.884Z
6ae60e77-452c-43aa-bbdd-2987b635e1ea,t3,t3,Self-funded worker,lp6f007,Clock Inn Colombo,1321691605-BI-RFN,Standard Double Room,13715,Breakfast Included,true,25,2,false,,17513,7162,1,0,0,2026-08-20T03:24:56.192Z
6ae60e77-452c-43aa-bbdd-2987b635e1ea,t4,t4,Family on holiday,lp76eba,Radisson Hotel Colombo,7559276-BI-RFN,Superior Room,36248,Breakfast Included,true,24,5,false,,15559,5675,1,0,0,2026-08-20T03:25:12.426Z
d5641c41-e93f-45d1-9fef-89c5c48b7a63,t4,t4,Family on holiday,lp76eba,Radisson Hotel Colombo,7559276-RO-RFN,Superior Room,27402,Room Only,true,24,5,false,,20004,8347,1,0,0,2026-08-20T03:25:16.428Z
6ae60e77-452c-43aa-bbdd-2987b635e1ea,t5,t5,Light sleeper,lp67708,Supun Arcade Residency,481434-BI-RFN,One-Bedroom Apartment with 15% Discount on Food & Beverage,24663,Breakfast Included,true,121,5,false,,18068,9354,1,0,0,2026-08-20T03:25:31.068Z
d5641c41-e93f-45d1-9fef-89c5c48b7a63,t5,t5,Light sleeper,lp72a36,Best Western Elyon Colombo,1459894716-RO-RFN,"Deluxe Room, 2 Twin Beds, Non Smoking",19568,Room Only,true,,3,false,,17058,7826,1,0,0,2026-08-20T03:25:33.817Z
d5641c41-e93f-45d1-9fef-89c5c48b7a63,t6,t6,Beach weekender,lp7c172,Mirage Colombo,487132-RO-RFN,Standard Double Room,20482,Room Only,true,27,5,false,,14425,6346,1,0,0,2026-08-20T03:25:48.776Z
6ae60e77-452c-43aa-bbdd-2987b635e1ea,t6,t6,Beach weekender,lp67708,Supun Arcade Residency,481434-BI-RFN,One-Bedroom Apartment with 15% Discount on Food & Beverage,24663,Breakfast Included,true,121,5,false,,19279,9093,1,0,0,2026-08-20T03:25:50.670Z
d5641c41-e93f-45d1-9fef-89c5c48b7a63,t7,t7,Long-stay consultant,lpc0df6,Fern Colombo,4237597-RO-RFN,Deluxe Twin Room,16245,Room Only,true,25,2,false,,18752,9657,1,0,0,2026-08-20T03:26:07.868Z
6ae60e77-452c-43aa-bbdd-2987b635e1ea,t7,t7,Long-stay consultant,lp5f0e5,Paradise Road Tintagel Colombo,476937-RO-RFN,Executive Suite,96633,Room Only,true,32,2,false,,19825,8663,1,0,0,2026-08-20T03:26:10.824Z
d5641c41-e93f-45d1-9fef-89c5c48b7a63,t8,t8,Value-seeking couple,lp6557c6e0,Granbell Hotel Colombo,1459818931-RO-NRF,Superior Twin Room with City View,29667,Room Only,false,0,3,false,,16245,6871,1,0,0,2026-08-20T03:26:24.470Z
6ae60e77-452c-43aa-bbdd-2987b635e1ea,t8,t8,Value-seeking couple,lp656d3aa9,Sofia Colombo City Hotel,5336222-RO-RFN,Deluxe Twin Room with Sea View,27990,Room Only,true,21,3,false,,18086,7205,1,0,0,2026-08-20T03:26:29.494Z
d5641c41-e93f-45d1-9fef-89c5c48b7a63,t9,t9,Remote worker,lp7c172,Mirage Colombo,487132-RO-RFN,Standard Double Room,20482,Room Only,true,27,5,false,,17519,8081,1,0,0,2026-08-20T03:26:42.580Z
6ae60e77-452c-43aa-bbdd-2987b635e1ea,t9,t9,Remote worker,lp7c172,Mirage Colombo,487132-BI-RFN,Standard Double Room,24581,Breakfast Included,true,27,5,false,,17097,6314,1,0,0,2026-08-20T03:26:46.954Z
d5641c41-e93f-45d1-9fef-89c5c48b7a63,t10,t10,Business traveller,lp72a36,Best Western Elyon Colombo,513432-RO-RFN,Deluxe King Room,19568,Room Only,true,24,3,false,,18663,8244,1,0,0,2026-08-20T03:27:01.880Z
6ae60e77-452c-43aa-bbdd-2987b635e1ea,t10,t10,Business traveller,lp72a36,Best Western Elyon Colombo,513432-RO-RFN,Deluxe King Room,19568,Room Only,true,24,3,false,,18407,7602,1,0,0,2026-08-20T03:27:05.832Z
d5641c41-e93f-45d1-9fef-89c5c48b7a63,t_attn,t_attn,Attention check,lpb1537,Shangri-La Colombo,2416733-RO-NRF,Deluxe Lake View King,68781,Room Only,false,42,5,true,true,19307,7699,1,0,0,2026-08-20T03:27:21.573Z
6ae60e77-452c-43aa-bbdd-2987b635e1ea,t_attn,t_attn,Attention check,lpb1537,Shangri-La Colombo,2416733-RO-NRF,Deluxe Lake View King,68781,Room Only,false,42,5,true,true,19744,9058,1,0,0,2026-08-20T03:27:25.940Z
1f303ef9-7322-4eee-91cc-40497e71a6b1,t1,t1,Evening walker,lp71118,CityRest Fort,1459617182-RO-RFN,Standard Double Room,11502,Room Only,true,,2,false,,16474,7520,1,0,0,2026-08-20T03:28:51.021Z
8022dd8c-67e8-47d8-87a3-970de7d24562,t1,t1,Evening walker,lp3e58e,The Kingsbury Colombo,479092-BI-RFN,Superior Room,37797,Breakfast Included,true,23,2,false,,16556,6317,1,0,0,2026-08-20T03:28:51.785Z
1f303ef9-7322-4eee-91cc-40497e71a6b1,t2,t2,Business traveller,lpc0df6,Fern Colombo,4237595-RO-RFN,King Room,16245,Room Only,true,25,2,false,,18783,8537,1,0,0,2026-08-20T03:29:10.526Z
8022dd8c-67e8-47d8-87a3-970de7d24562,t2,t2,Business traveller,lp72a36,Best Western Elyon Colombo,1459894716-RO-RFN,"Deluxe Room, 2 Twin Beds, Non Smoking",19568,Room Only,true,,3,false,,18484,9800,1,0,0,2026-08-20T03:29:10.808Z
8022dd8c-67e8-47d8-87a3-970de7d24562,t3,t3,Self-funded worker,lp655a9e91,Zest Metropole,4358364-BI-RFN,Deluxe Double Room,26743,Breakfast Included,true,20,5,false,,14837,5080,1,0,0,2026-08-20T03:29:27.787Z
1f303ef9-7322-4eee-91cc-40497e71a6b1,t3,t3,Self-funded worker,lp9855f,Fairway Colombo - Sri Lanka's First Hotel With Robot Technology,1459638294-BI-RFN,Superior Balcony Room,32800,Breakfast Included,true,31,5,false,,19515,9579,1,0,0,2026-08-20T03:29:31.006Z
8022dd8c-67e8-47d8-87a3-970de7d24562,t4,t4,Family on holiday,lp76eba,Radisson Hotel Colombo,7559276-BI-RFN,Superior Room,36248,Breakfast Included,true,24,5,false,,15339,6454,1,0,0,2026-08-20T03:29:43.753Z
1f303ef9-7322-4eee-91cc-40497e71a6b1,t4,t4,Family on holiday,lp76eba,Radisson Hotel Colombo,7559276-BI-RFN,Superior Room,36248,Breakfast Included,true,24,5,false,,16644,7474,1,0,0,2026-08-20T03:29:48.573Z
8022dd8c-67e8-47d8-87a3-970de7d24562,t5,t5,Light sleeper,lp72a36,Best Western Elyon Colombo,1459894716-RO-RFN,"Deluxe Room, 2 Twin Beds, Non Smoking",19568,Room Only,true,,3,false,,16506,6398,1,0,0,2026-08-20T03:30:00.633Z
1f303ef9-7322-4eee-91cc-40497e71a6b1,t5,t5,Light sleeper,lp72a36,Best Western Elyon Colombo,1459894716-RO-RFN,"Deluxe Room, 2 Twin Beds, Non Smoking",19568,Room Only,true,,3,false,,18584,8096,1,0,0,2026-08-20T03:30:07.513Z
8022dd8c-67e8-47d8-87a3-970de7d24562,t6,t6,Beach weekender,lp7c172,Mirage Colombo,487132-RO-RFN,Standard Double Room,20482,Room Only,true,27,5,false,,17287,7228,1,0,0,2026-08-20T03:30:18.268Z
1f303ef9-7322-4eee-91cc-40497e71a6b1,t6,t6,Beach weekender,lp40d3f,Global Towers Hotel & Apartments,476927-RO-RFN,Double or Twin Room,16041,Room Only,true,27,3,false,,19135,9149,1,0,0,2026-08-20T03:30:27.000Z
8022dd8c-67e8-47d8-87a3-970de7d24562,t7,t7,Long-stay consultant,lp857b8,Zylan Colombo,481438-RO-RFN,Executive Room with Jacuzzi - 10% off on Food & Beverage,34557,Room Only,true,60,5,false,,20117,9479,1,0,0,2026-08-20T03:30:38.955Z
1f303ef9-7322-4eee-91cc-40497e71a6b1,t7,t7,Long-stay consultant,lpc0df6,Fern Colombo,4237595-RO-RFN,King Room,16245,Room Only,true,25,2,false,,21854,9923,1,0,0,2026-08-20T03:30:49.194Z
8022dd8c-67e8-47d8-87a3-970de7d24562,t8,t8,Value-seeking couple,lp6557c6e0,Granbell Hotel Colombo,4368098-RO-NRF,Superior Double City View,28807,Room Only,false,27,3,false,,17521,6544,1,0,0,2026-08-20T03:30:56.843Z
1f303ef9-7322-4eee-91cc-40497e71a6b1,t8,t8,Value-seeking couple,lp656d40c7,Sheraton Colombo Hotel,1460149481-RO-RFN,Deluxe Twin Room with Ocean View with 15% spa discount per room + 15% F&B discount per room + Early check in a,63767,Room Only,true,36,5,false,,18254,6674,1,0,0,2026-08-20T03:31:07.996Z
8022dd8c-67e8-47d8-87a3-970de7d24562,t9,t9,Remote worker,lp40d3f,Global Towers Hotel & Apartments,476927-RO-RFN,Double or Twin Room,16041,Room Only,true,27,3,false,,19363,9365,1,0,0,2026-08-20T03:31:16.814Z
1f303ef9-7322-4eee-91cc-40497e71a6b1,t9,t9,Remote worker,lp40d3f,Global Towers Hotel & Apartments,476929-RO-RFN,Two-Bedroom Apartment with Sea View/City view,41030,Room Only,true,124,3,false,,17337,7495,1,0,0,2026-08-20T03:31:25.897Z
8022dd8c-67e8-47d8-87a3-970de7d24562,t10,t10,Business traveller,lp857b8,Zylan Colombo,481438-RO-RFN,Executive Room with Jacuzzi - 10% off on Food & Beverage,34557,Room Only,true,60,5,false,,15794,6718,1,0,0,2026-08-20T03:31:33.206Z
1f303ef9-7322-4eee-91cc-40497e71a6b1,t10,t10,Business traveller,lp857b8,Zylan Colombo,1461137737-RO-RFN,Deluxe Triple Room,35761,Room Only,true,32,5,false,,21320,10291,1,0,0,2026-08-20T03:31:47.820Z
8022dd8c-67e8-47d8-87a3-970de7d24562,t_attn,t_attn,Attention check,lpb1537,Shangri-La Colombo,2416733-RO-NRF,Deluxe Lake View King,68781,Room Only,false,42,5,true,true,16537,6131,1,0,0,2026-08-20T03:31:50.404Z
1f303ef9-7322-4eee-91cc-40497e71a6b1,t_attn,t_attn,Attention check,lpb1537,Shangri-La Colombo,2416743-RO-NRF,Deluxe Lake View Twin,68781,Room Only,false,42,5,true,true,19211,7119,1,0,0,2026-08-20T03:32:07.616Z
5e7cae4a-194d-4507-bf76-937f0b8e7d7f,t1,t1,Evening walker,lp71118,CityRest Fort,1459617182-RO-RFN,Standard Double Room,11502,Room Only,true,,2,false,,16429,6654,1,0,0,2026-08-20T03:36:31.061Z
aba5d185-301a-44da-8872-4a160d3c8b3f,t1,t1,Evening walker,lp71118,CityRest Fort,1459617182-RO-RFN,Standard Double Room,11502,Room Only,true,,2,false,,16328,6892,1,0,0,2026-08-20T03:36:31.263Z
a0798687-427e-45de-8abc-be21b501cf67,t1,t1,Evening walker,lp65589ffb,MaRadha Colombo,8208286-BI-RFN,Standard Double Room,42521,Breakfast Included,true,27,2,false,,19208,8868,1,0,0,2026-08-20T03:36:32.292Z
e83a0366-4e0e-462e-bf00-b33072d5c874,t1,t1,Evening walker,lp71118,CityRest Fort,1459617182-RO-RFN,Standard Double Room,11502,Room Only,true,,2,false,,18777,8508,1,0,0,2026-08-20T03:36:33.726Z
5e7cae4a-194d-4507-bf76-937f0b8e7d7f,t2,t2,Business traveller,lp857b8,Zylan Colombo,1461137737-RO-RFN,Deluxe Triple Room,35761,Room Only,true,32,5,false,,16248,6646,1,0,0,2026-08-20T03:36:48.012Z
a0798687-427e-45de-8abc-be21b501cf67,t2,t2,Business traveller,lp656d40c7,Sheraton Colombo Hotel,1460149481-RO-RFN,Deluxe Twin Room with Ocean View with 15% spa discount per room + 15% F&B discount per room + Early check in a,63767,Room Only,true,36,5,false,,15141,5533,1,0,0,2026-08-20T03:36:48.809Z
e83a0366-4e0e-462e-bf00-b33072d5c874,t2,t2,Business traveller,lp72a36,Best Western Elyon Colombo,1459894716-RO-RFN,"Deluxe Room, 2 Twin Beds, Non Smoking",19568,Room Only,true,,3,false,,15279,5708,1,0,0,2026-08-20T03:36:49.462Z
aba5d185-301a-44da-8872-4a160d3c8b3f,t2,t2,Business traveller,lp857b8,Zylan Colombo,1461137737-RO-RFN,Deluxe Triple Room,35761,Room Only,true,32,5,false,,19525,9464,1,0,0,2026-08-20T03:36:51.448Z
a0798687-427e-45de-8abc-be21b501cf67,t3,t3,Self-funded worker,lpb1537,Shangri-La Colombo,2416733-RO-RFN,Deluxe Lake View King,73076,Room Only,true,42,5,false,,18261,10019,1,0,0,2026-08-20T03:37:07.683Z
5e7cae4a-194d-4507-bf76-937f0b8e7d7f,t3,t3,Self-funded worker,lp6f007,Clock Inn Colombo,1321691605-BI-RFN,Standard Double Room,13715,Breakfast Included,true,25,2,false,,20365,10473,1,0,0,2026-08-20T03:37:08.864Z
e83a0366-4e0e-462e-bf00-b33072d5c874,t3,t3,Self-funded worker,lp71118,CityRest Fort,1459617182-RO-RFN,Standard Double Room,11502,Room Only,true,,2,false,,21340,10517,1,0,0,2026-08-20T03:37:11.145Z
aba5d185-301a-44da-8872-4a160d3c8b3f,t3,t3,Self-funded worker,lp71118,CityRest Fort,1459617182-RO-RFN,Standard Double Room,11502,Room Only,true,,2,false,,19053,10529,1,0,0,2026-08-20T03:37:11.175Z
5e7cae4a-194d-4507-bf76-937f0b8e7d7f,t4,t4,Family on holiday,lp76eba,Radisson Hotel Colombo,7559276-RO-RFN,Superior Room,27402,Room Only,true,24,5,false,,16711,5720,1,0,0,2026-08-20T03:37:25.898Z
aba5d185-301a-44da-8872-4a160d3c8b3f,t4,t4,Family on holiday,lp656d40c7,Sheraton Colombo Hotel,1460149481-RO-RFN,Deluxe Twin Room with Ocean View with 15% spa discount per room + 15% F&B discount per room + Early check in a,63767,Room Only,true,36,5,false,,15911,5705,1,0,0,2026-08-20T03:37:27.416Z
e83a0366-4e0e-462e-bf00-b33072d5c874,t4,t4,Family on holiday,lp65589ffb,MaRadha Colombo,8208286-BI-RFN,Standard Double Room,42521,Breakfast Included,true,27,2,false,,16913,7981,1,0,0,2026-08-20T03:37:28.394Z
a0798687-427e-45de-8abc-be21b501cf67,t4,t4,Family on holiday,lp65589ffb,MaRadha Colombo,8208286-RO-RFN,Standard Double Room,35408,Room Only,true,27,2,false,,20428,9642,1,0,0,2026-08-20T03:37:28.504Z
5e7cae4a-194d-4507-bf76-937f0b8e7d7f,t5,t5,Light sleeper,lp6e625,Hotel Janaki,479121-BI-RFN,Deluxe Room with Pool View,15319,Breakfast Included,true,14,2,false,,18009,8872,1,0,0,2026-08-20T03:37:44.464Z
aba5d185-301a-44da-8872-4a160d3c8b3f,t5,t5,Light sleeper,lp72a36,Best Western Elyon Colombo,1459894716-RO-RFN,"Deluxe Room, 2 Twin Beds, Non Smoking",19568,Room Only,true,,3,false,,17323,8124,1,0,0,2026-08-20T03:37:45.064Z
a0798687-427e-45de-8abc-be21b501cf67,t5,t5,Light sleeper,lp72a36,Best Western Elyon Colombo,1459894716-RO-RFN,"Deluxe Room, 2 Twin Beds, Non Smoking",19568,Room Only,true,,3,false,,18192,9366,1,0,0,2026-08-20T03:37:47.012Z
e83a0366-4e0e-462e-bf00-b33072d5c874,t5,t5,Light sleeper,lp72a36,Best Western Elyon Colombo,1459894716-RO-RFN,"Deluxe Room, 2 Twin Beds, Non Smoking",19568,Room Only,true,,3,false,,19056,8748,1,0,0,2026-08-20T03:37:47.778Z
aba5d185-301a-44da-8872-4a160d3c8b3f,t6,t6,Beach weekender,lp7c172,Mirage Colombo,487132-BI-RFN,Standard Double Room,24581,Breakfast Included,true,27,5,false,,15823,7705,1,0,0,2026-08-20T03:38:01.785Z
5e7cae4a-194d-4507-bf76-937f0b8e7d7f,t6,t6,Beach weekender,lp7c172,Mirage Colombo,487132-BI-RFN,Standard Double Room,24581,Breakfast Included,true,27,5,false,,16963,7838,1,0,0,2026-08-20T03:38:02.076Z
e83a0366-4e0e-462e-bf00-b33072d5c874,t6,t6,Beach weekender,lp40d3f,Global Towers Hotel & Apartments,476927-RO-RFN,Double or Twin Room,16041,Room Only,true,27,3,false,,15067,5831,1,0,0,2026-08-20T03:38:03.207Z
a0798687-427e-45de-8abc-be21b501cf67,t6,t6,Beach weekender,lp7c172,Mirage Colombo,487132-RO-RFN,Standard Double Room,20482,Room Only,true,27,5,false,,16275,6731,1,0,0,2026-08-20T03:38:03.863Z
aba5d185-301a-44da-8872-4a160d3c8b3f,t7,t7,Long-stay consultant,lp857b8,Zylan Colombo,1461137737-RO-RFN,Deluxe Triple Room,35761,Room Only,true,32,5,false,,14281,5304,1,0,0,2026-08-20T03:38:16.936Z
5e7cae4a-194d-4507-bf76-937f0b8e7d7f,t7,t7,Long-stay consultant,lpc0df6,Fern Colombo,4237597-RO-RFN,Deluxe Twin Room,16245,Room Only,true,25,2,false,,15354,6760,1,0,0,2026-08-20T03:38:18.464Z
a0798687-427e-45de-8abc-be21b501cf67,t7,t7,Long-stay consultant,lpb1537,Shangri-La Colombo,2416733-RO-RFN,Deluxe Lake View King,73076,Room Only,true,42,5,false,,17449,8515,1,0,0,2026-08-20T03:38:21.773Z
e83a0366-4e0e-462e-bf00-b33072d5c874,t7,t7,Long-stay consultant,lp857b8,Zylan Colombo,481438-RO-RFN,Executive Room with Jacuzzi - 10% off on Food & Beverage,34557,Room Only,true,60,5,false,,19196,8309,1,0,0,2026-08-20T03:38:22.761Z
aba5d185-301a-44da-8872-4a160d3c8b3f,t8,t8,Value-seeking couple,lp656d3aa9,Sofia Colombo City Hotel,5336222-RO-RFN,Deluxe Twin Room with Sea View,27990,Room Only,true,21,3,false,,15027,5690,1,0,0,2026-08-20T03:38:32.404Z
5e7cae4a-194d-4507-bf76-937f0b8e7d7f,t8,t8,Value-seeking couple,lp6574b103,"Amari Colombo, Sri Lanka",844832-RO-RFN,Superior City View King,46259,Room Only,true,29,5,false,,20702,9664,1,0,0,2026-08-20T03:38:39.552Z
e83a0366-4e0e-462e-bf00-b33072d5c874,t8,t8,Value-seeking couple,lp656d40c7,Sheraton Colombo Hotel,5289365-RO-RFN,Deluxe King Room with City View with 15% spa discount per room + 15% F&B discount per room + Early check in an,56627,Room Only,true,36,5,false,,17670,9332,1,0,0,2026-08-20T03:38:40.769Z
a0798687-427e-45de-8abc-be21b501cf67,t8,t8,Value-seeking couple,lp6574b103,"Amari Colombo, Sri Lanka",844832-RO-RFN,Superior City View King,46259,Room Only,true,29,5,false,,19350,9459,1,0,0,2026-08-20T03:38:41.674Z
aba5d185-301a-44da-8872-4a160d3c8b3f,t9,t9,Remote worker,lp40d3f,Global Towers Hotel & Apartments,476927-RO-RFN,Double or Twin Room,16041,Room Only,true,27,3,false,,20900,10495,1,0,0,2026-08-20T03:38:53.692Z
5e7cae4a-194d-4507-bf76-937f0b8e7d7f,t9,t9,Remote worker,lp40d3f,Global Towers Hotel & Apartments,476929-RO-RFN,Two-Bedroom Apartment with Sea View/City view,41030,Room Only,true,124,3,false,,18807,10377,1,0,0,2026-08-20T03:38:58.902Z
a0798687-427e-45de-8abc-be21b501cf67,t9,t9,Remote worker,lp65589ffb,MaRadha Colombo,8208286-RO-RFN,Standard Double Room,35408,Room Only,true,27,2,false,,17270,6709,1,0,0,2026-08-20T03:38:59.310Z
e83a0366-4e0e-462e-bf00-b33072d5c874,t9,t9,Remote worker,lp7c172,Mirage Colombo,487132-RO-RFN,Standard Double Room,20482,Room Only,true,27,5,false,,18404,8387,1,0,0,2026-08-20T03:38:59.505Z
aba5d185-301a-44da-8872-4a160d3c8b3f,t10,t10,Business traveller,lp857b8,Zylan Colombo,481438-RO-RFN,Executive Room with Jacuzzi - 10% off on Food & Beverage,34557,Room Only,true,60,5,false,,19057,10124,1,0,0,2026-08-20T03:39:13.221Z
5e7cae4a-194d-4507-bf76-937f0b8e7d7f,t10,t10,Business traveller,lp857b8,Zylan Colombo,481438-RO-RFN,Executive Room with Jacuzzi - 10% off on Food & Beverage,34557,Room Only,true,60,5,false,,15868,7685,1,0,0,2026-08-20T03:39:15.170Z
e83a0366-4e0e-462e-bf00-b33072d5c874,t10,t10,Business traveller,lp72a36,Best Western Elyon Colombo,1459894716-RO-RFN,"Deluxe Room, 2 Twin Beds, Non Smoking",19568,Room Only,true,,3,false,,17174,8079,1,0,0,2026-08-20T03:39:17.217Z
a0798687-427e-45de-8abc-be21b501cf67,t10,t10,Business traveller,lp5f0e5,Paradise Road Tintagel Colombo,476937-BI-RFN,Executive Suite,105766,Breakfast Included,true,32,2,false,,18195,8392,1,0,0,2026-08-20T03:39:18.084Z
aba5d185-301a-44da-8872-4a160d3c8b3f,t_attn,t_attn,Attention check,lpb1537,Shangri-La Colombo,2416733-RO-NRF,Deluxe Lake View King,68781,Room Only,false,42,5,true,true,16097,5449,1,0,0,2026-08-20T03:39:30.065Z
5e7cae4a-194d-4507-bf76-937f0b8e7d7f,t_attn,t_attn,Attention check,lpb1537,Shangri-La Colombo,2416733-RO-NRF,Deluxe Lake View King,68781,Room Only,false,42,5,true,true,18595,9590,1,0,0,2026-08-20T03:39:34.219Z
a0798687-427e-45de-8abc-be21b501cf67,t_attn,t_attn,Attention check,lpb1537,Shangri-La Colombo,2416743-RO-NRF,Deluxe Lake View Twin,68781,Room Only,false,42,5,true,true,15657,6964,1,0,0,2026-08-20T03:39:34.406Z
e83a0366-4e0e-462e-bf00-b33072d5c874,t_attn,t_attn,Attention check,lpb1537,Shangri-La Colombo,2416733-RO-NRF,Deluxe Lake View King,68781,Room Only,false,42,5,true,true,19645,8266,1,0,0,2026-08-20T03:39:37.244Z
84d9b500-5fe7-4a50-98e4-8f04ec961c47,t1,t1,Evening walker,lp3e58e,The Kingsbury Colombo,479092-RO-RFN,Superior Room,37025,Room Only,true,23,2,false,,17755,8128,1,0,0,2026-08-20T03:40:08.326Z
e7a2af98-10c8-40f6-8cd2-9fe4501bc777,t1,t1,Evening walker,lpb1537,Shangri-La Colombo,2416743-RO-NRF,Deluxe Lake View Twin,68781,Room Only,false,42,5,false,,19289,8987,1,0,0,2026-08-20T03:40:11.664Z
d7893ea7-2517-4c23-af34-0a4421f7d4eb,t1,t1,Evening walker,lpb1537,Shangri-La Colombo,2416733-RO-NRF,Deluxe Lake View King,68781,Room Only,false,42,5,false,,20510,10367,1,0,0,2026-08-20T03:40:13.398Z
213294c4-a6a6-4b21-890f-83a4d52de870,t1,t1,Evening walker,lpb1537,Shangri-La Colombo,2416743-RO-NRF,Deluxe Lake View Twin,68781,Room Only,false,42,5,false,,19846,10317,1,0,0,2026-08-20T03:40:14.520Z
84d9b500-5fe7-4a50-98e4-8f04ec961c47,t2,t2,Business traveller,lp857b8,Zylan Colombo,481438-RO-RFN,Executive Room with Jacuzzi - 10% off on Food & Beverage,34557,Room Only,true,60,5,false,,18049,8623,1,0,0,2026-08-20T03:40:26.901Z
d7893ea7-2517-4c23-af34-0a4421f7d4eb,t2,t2,Business traveller,lpc0df6,Fern Colombo,4237595-RO-RFN,King Room,16245,Room Only,true,25,2,false,,15592,6190,1,0,0,2026-08-20T03:40:29.776Z
e7a2af98-10c8-40f6-8cd2-9fe4501bc777,t2,t2,Business traveller,lp857b8,Zylan Colombo,481438-RO-RFN,Executive Room with Jacuzzi - 10% off on Food & Beverage,34557,Room Only,true,60,5,false,,17577,7012,1,0,0,2026-08-20T03:40:29.791Z
213294c4-a6a6-4b21-890f-83a4d52de870,t2,t2,Business traveller,lpc0df6,Fern Colombo,4237595-RO-RFN,King Room,16245,Room Only,true,25,2,false,,17807,7241,1,0,0,2026-08-20T03:40:32.779Z
84d9b500-5fe7-4a50-98e4-8f04ec961c47,t3,t3,Self-funded worker,lp9855f,Fairway Colombo - Sri Lanka's First Hotel With Robot Technology,1459638294-BI-RFN,Superior Balcony Room,32800,Breakfast Included,true,31,5,false,,19047,8539,1,0,0,2026-08-20T03:40:46.627Z
d7893ea7-2517-4c23-af34-0a4421f7d4eb,t3,t3,Self-funded worker,lp3e58e,The Kingsbury Colombo,479092-BI-RFN,Superior Room,37797,Breakfast Included,true,23,2,false,,17923,7191,1,0,0,2026-08-20T03:40:48.222Z
e7a2af98-10c8-40f6-8cd2-9fe4501bc777,t3,t3,Self-funded worker,lp81760,The Steuart by Citrus,1459938501-RO-NRF,"Premium Room, City View - Early check-in or late check-out subject to availability",22604,Room Only,false,123,5,false,,18047,8213,1,0,0,2026-08-20T03:40:48.356Z
213294c4-a6a6-4b21-890f-83a4d52de870,t3,t3,Self-funded worker,lp81760,The Steuart by Citrus,1459938501-RO-NRF,"Premium Room, City View - Early check-in or late check-out subject to availability",22604,Room Only,false,123,5,false,,18778,8882,1,0,0,2026-08-20T03:40:52.128Z
84d9b500-5fe7-4a50-98e4-8f04ec961c47,t4,t4,Family on holiday,lp67286,Colombo Court Hotel & Spa,481449-RO-RFN,Suite,52144,Room Only,true,44,5,false,,18861,9382,1,0,0,2026-08-20T03:41:05.914Z
e7a2af98-10c8-40f6-8cd2-9fe4501bc777,t4,t4,Family on holiday,lp65589ffb,MaRadha Colombo,8208286-BI-RFN,Standard Double Room,42521,Breakfast Included,true,27,2,false,,17633,8262,1,0,0,2026-08-20T03:41:06.402Z
d7893ea7-2517-4c23-af34-0a4421f7d4eb,t4,t4,Family on holiday,lp65589ffb,MaRadha Colombo,8208286-BI-RFN,Standard Double Room,42521,Breakfast Included,true,27,2,false,,20827,10354,1,0,0,2026-08-20T03:41:09.441Z
213294c4-a6a6-4b21-890f-83a4d52de870,t4,t4,Family on holiday,lp65589ffb,MaRadha Colombo,8208286-RO-RFN,Standard Double Room,35408,Room Only,true,27,2,false,,19843,9866,1,0,0,2026-08-20T03:41:12.445Z
84d9b500-5fe7-4a50-98e4-8f04ec961c47,t5,t5,Light sleeper,lp72a36,Best Western Elyon Colombo,1459894716-RO-RFN,"Deluxe Room, 2 Twin Beds, Non Smoking",19568,Room Only,true,,3,false,,15099,5906,1,0,0,2026-08-20T03:41:21.416Z
e7a2af98-10c8-40f6-8cd2-9fe4501bc777,t5,t5,Light sleeper,lp72a36,Best Western Elyon Colombo,1459894716-RO-RFN,"Deluxe Room, 2 Twin Beds, Non Smoking",19568,Room Only,true,,3,false,,17658,8499,1,0,0,2026-08-20T03:41:24.714Z
d7893ea7-2517-4c23-af34-0a4421f7d4eb,t5,t5,Light sleeper,lp72a36,Best Western Elyon Colombo,513432-RO-RFN,Deluxe King Room,19568,Room Only,true,24,3,false,,17628,7075,1,0,0,2026-08-20T03:41:27.970Z
213294c4-a6a6-4b21-890f-83a4d52de870,t5,t5,Light sleeper,lp6e625,Hotel Janaki,479119-BI-RFN,Deluxe Double Room,15319,Breakfast Included,true,14,2,false,,16608,7006,1,0,0,2026-08-20T03:41:29.399Z
84d9b500-5fe7-4a50-98e4-8f04ec961c47,t6,t6,Beach weekender,lp40d3f,Global Towers Hotel & Apartments,476929-RO-RFN,Two-Bedroom Apartment with Sea View/City view,41030,Room Only,true,124,3,false,,19818,9806,1,0,0,2026-08-20T03:41:41.868Z
e7a2af98-10c8-40f6-8cd2-9fe4501bc777,t6,t6,Beach weekender,lp67708,Supun Arcade Residency,481434-RO-RFN,One-Bedroom Apartment with 15% Discount on Food & Beverage,20768,Room Only,true,121,5,false,,17236,8645,1,0,0,2026-08-20T03:41:42.922Z
d7893ea7-2517-4c23-af34-0a4421f7d4eb,t6,t6,Beach weekender,lp40d3f,Global Towers Hotel & Apartments,476929-RO-RFN,Two-Bedroom Apartment with Sea View/City view,41030,Room Only,true,124,3,false,,16922,7586,1,0,0,2026-08-20T03:41:45.336Z
213294c4-a6a6-4b21-890f-83a4d52de870,t6,t6,Beach weekender,lp76eba,Radisson Hotel Colombo,7559276-BI-RFN,Superior Room,36248,Breakfast Included,true,24,5,false,,17592,8178,1,0,0,2026-08-20T03:41:47.446Z
84d9b500-5fe7-4a50-98e4-8f04ec961c47,t7,t7,Long-stay consultant,lp5f0e5,Paradise Road Tintagel Colombo,476937-BI-RFN,Executive Suite,105766,Breakfast Included,true,32,2,false,,16447,7159,1,0,0,2026-08-20T03:41:59.135Z
e7a2af98-10c8-40f6-8cd2-9fe4501bc777,t7,t7,Long-stay consultant,lp857b8,Zylan Colombo,481438-RO-RFN,Executive Room with Jacuzzi - 10% off on Food & Beverage,34557,Room Only,true,60,5,false,,16951,7136,1,0,0,2026-08-20T03:42:00.318Z
d7893ea7-2517-4c23-af34-0a4421f7d4eb,t7,t7,Long-stay consultant,lpc0df6,Fern Colombo,4237597-RO-RFN,Deluxe Twin Room,16245,Room Only,true,25,2,false,,17312,7611,1,0,0,2026-08-20T03:42:03.030Z
213294c4-a6a6-4b21-890f-83a4d52de870,t7,t7,Long-stay consultant,lpc0df6,Fern Colombo,4237597-RO-RFN,Deluxe Twin Room,16245,Room Only,true,25,2,false,,18883,9162,1,0,0,2026-08-20T03:42:06.740Z
84d9b500-5fe7-4a50-98e4-8f04ec961c47,t8,t8,Value-seeking couple,lp6557c6e0,Granbell Hotel Colombo,1459818931-RO-NRF,Superior Twin Room with City View,29667,Room Only,false,0,3,false,,14136,5854,1,0,0,2026-08-20T03:42:14.607Z
e7a2af98-10c8-40f6-8cd2-9fe4501bc777,t8,t8,Value-seeking couple,lp656d40c7,Sheraton Colombo Hotel,5289360-RO-RFN,Deluxe Twin Room with City View with 15% spa discount per room + 15% F&B discount per room + Early check in an,56627,Room Only,true,36,5,false,,16545,6363,1,0,0,2026-08-20T03:42:17.666Z
d7893ea7-2517-4c23-af34-0a4421f7d4eb,t8,t8,Value-seeking couple,lp6574b103,"Amari Colombo, Sri Lanka",844831-RO-RFN,Superior City View Twin,42203,Room Only,true,29,5,false,,14862,5612,1,0,0,2026-08-20T03:42:18.595Z
213294c4-a6a6-4b21-890f-83a4d52de870,t8,t8,Value-seeking couple,lp656d40c7,Sheraton Colombo Hotel,5289365-RO-RFN,Deluxe King Room with City View with 15% spa discount per room + 15% F&B discount per room + Early check in an,56627,Room Only,true,36,5,false,,19561,8689,1,0,0,2026-08-20T03:42:26.738Z
84d9b500-5fe7-4a50-98e4-8f04ec961c47,t9,t9,Remote worker,lp67708,Supun Arcade Residency,481434-RO-RFN,One-Bedroom Apartment with 15% Discount on Food & Beverage,20768,Room Only,true,121,5,false,,16608,7120,1,0,0,2026-08-20T03:42:32.003Z
e7a2af98-10c8-40f6-8cd2-9fe4501bc777,t9,t9,Remote worker,lp67708,Supun Arcade Residency,481434-RO-RFN,One-Bedroom Apartment with 15% Discount on Food & Beverage,20768,Room Only,true,121,5,false,,18313,9656,1,0,0,2026-08-20T03:42:36.523Z
d7893ea7-2517-4c23-af34-0a4421f7d4eb,t9,t9,Remote worker,lp40d3f,Global Towers Hotel & Apartments,476927-RO-RFN,Double or Twin Room,16041,Room Only,true,27,3,false,,20991,10106,1,0,0,2026-08-20T03:42:40.012Z
213294c4-a6a6-4b21-890f-83a4d52de870,t9,t9,Remote worker,lp76eba,Radisson Hotel Colombo,7559276-RO-RFN,Superior Room,27402,Room Only,true,24,5,false,,17520,9515,1,0,0,2026-08-20T03:42:44.823Z
84d9b500-5fe7-4a50-98e4-8f04ec961c47,t10,t10,Business traveller,lp857b8,Zylan Colombo,1461137737-RO-RFN,Deluxe Triple Room,35761,Room Only,true,32,5,false,,16647,6399,1,0,0,2026-08-20T03:42:49.136Z
e7a2af98-10c8-40f6-8cd2-9fe4501bc777,t10,t10,Business traveller,lp857b8,Zylan Colombo,481438-RO-RFN,Executive Room with Jacuzzi - 10% off on Food & Beverage,34557,Room Only,true,60,5,false,,16743,6889,1,0,0,2026-08-20T03:42:53.687Z
d7893ea7-2517-4c23-af34-0a4421f7d4eb,t10,t10,Business traveller,lp857b8,Zylan Colombo,1461137737-RO-RFN,Deluxe Triple Room,35761,Room Only,true,32,5,false,,17888,8596,1,0,0,2026-08-20T03:42:58.551Z
213294c4-a6a6-4b21-890f-83a4d52de870,t10,t10,Business traveller,lpc0df6,Fern Colombo,4237597-RO-RFN,Deluxe Twin Room,16245,Room Only,true,25,2,false,,16847,6265,1,0,0,2026-08-20T03:43:02.103Z
84d9b500-5fe7-4a50-98e4-8f04ec961c47,t_attn,t_attn,Attention check,lpb1537,Shangri-La Colombo,2416743-RO-NRF,Deluxe Lake View Twin,68781,Room Only,false,42,5,true,true,16378,6406,1,0,0,2026-08-20T03:43:06.137Z
e7a2af98-10c8-40f6-8cd2-9fe4501bc777,t_attn,t_attn,Attention check,lpb1537,Shangri-La Colombo,2416743-RO-NRF,Deluxe Lake View Twin,68781,Room Only,false,42,5,true,true,15896,5548,1,0,0,2026-08-20T03:43:10.164Z
d7893ea7-2517-4c23-af34-0a4421f7d4eb,t_attn,t_attn,Attention check,lpb1537,Shangri-La Colombo,2416743-RO-NRF,Deluxe Lake View Twin,68781,Room Only,false,42,5,true,true,19448,8502,1,0,0,2026-08-20T03:43:18.512Z
213294c4-a6a6-4b21-890f-83a4d52de870,t_attn,t_attn,Attention check,lpb1537,Shangri-La Colombo,2416743-RO-NRF,Deluxe Lake View Twin,68781,Room Only,false,42,5,true,true,19451,7900,1,0,0,2026-08-20T03:43:21.974Z
94d91ec3-fd6e-4bd4-aaea-4c8120cb510b,t1,t1,Evening walker,lp65589ffb,MaRadha Colombo,8208286-BI-RFN,Standard Double Room,42521,Breakfast Included,true,27,2,false,,16514,7120,1,0,0,2026-08-20T03:43:54.405Z
21e3a502-c172-4952-857a-edd1c094f5f7,t1,t1,Evening walker,lp6e625,Hotel Janaki,479119-BI-RFN,Deluxe Double Room,15319,Breakfast Included,true,14,2,false,,18538,9437,1,0,0,2026-08-20T03:43:57.350Z
6b88958b-4ae4-4566-99ad-9769da636a57,t1,t1,Evening walker,lpb1537,Shangri-La Colombo,2416743-RO-NRF,Deluxe Lake View Twin,68781,Room Only,false,42,5,false,,20756,8209,1,0,0,2026-08-20T03:43:58.203Z
7f9c54ad-3e53-4a42-8bef-1fe0f6ce7424,t1,t1,Evening walker,lpb1537,Shangri-La Colombo,2416743-RO-NRF,Deluxe Lake View Twin,68781,Room Only,false,42,5,false,,18822,9285,1,0,0,2026-08-20T03:43:58.889Z
21e3a502-c172-4952-857a-edd1c094f5f7,t2,t2,Business traveller,lp5f0e5,Paradise Road Tintagel Colombo,476937-BI-RFN,Executive Suite,105766,Breakfast Included,true,32,2,false,,16369,6591,1,0,0,2026-08-20T03:44:14.210Z
94d91ec3-fd6e-4bd4-aaea-4c8120cb510b,t2,t2,Business traveller,lp65589ffb,MaRadha Colombo,8208286-BI-RFN,Standard Double Room,42521,Breakfast Included,true,27,2,false,,20784,9936,1,0,0,2026-08-20T03:44:15.825Z
21e3a502-c172-4952-857a-edd1c094f5f7,t3,t3,Self-funded worker,lp6f007,Clock Inn Colombo,1321691605-BI-RFN,Standard Double Room,13715,Breakfast Included,true,25,2,false,,18759,8117,1,0,0,2026-08-20T03:44:42.220Z
21e3a502-c172-4952-857a-edd1c094f5f7,t4,t4,Family on holiday,lp6f007,Clock Inn Colombo,1321691605-BI-RFN,Standard Double Room,13715,Breakfast Included,true,25,2,false,,11442,857,1,0,0,2026-08-20T03:44:58.438Z
7f9c54ad-3e53-4a42-8bef-1fe0f6ce7424,t3,t3,Self-funded worker,lp71118,CityRest Fort,1459617182-RO-RFN,Standard Double Room,11502,Room Only,true,,2,false,,23457,12463,1,0,0,2026-08-20T03:45:07.838Z
94d91ec3-fd6e-4bd4-aaea-4c8120cb510b,t3,t3,Self-funded worker,lpb1537,Shangri-La Colombo,2416743-RO-NRF,Deluxe Lake View Twin,68781,Room Only,false,42,5,false,,26389,15939,1,0,0,2026-08-20T03:45:10.522Z
21e3a502-c172-4952-857a-edd1c094f5f7,t5,t5,Light sleeper,lp6e625,Hotel Janaki,479121-BI-RFN,Deluxe Room with Pool View,15319,Breakfast Included,true,14,2,false,,13037,2515,1,0,0,2026-08-20T03:45:12.034Z
6b88958b-4ae4-4566-99ad-9769da636a57,t3,t3,Self-funded worker,lp655a9e91,Zest Metropole,4358364-RO-RFN,Deluxe Double Room,21223,Room Only,true,20,5,false,,27734,16190,1,0,0,2026-08-20T03:45:12.428Z
7f9c54ad-3e53-4a42-8bef-1fe0f6ce7424,t4,t4,Family on holiday,lp65589ffb,MaRadha Colombo,8208286-BI-RFN,Standard Double Room,42521,Breakfast Included,true,27,2,false,,19306,8772,1,0,0,2026-08-20T03:45:27.566Z
21e3a502-c172-4952-857a-edd1c094f5f7,t6,t6,Beach weekender,lp67708,Supun Arcade Residency,481434-RO-RFN,One-Bedroom Apartment with 15% Discount on Food & Beverage,20768,Room Only,true,121,5,false,,15823,6052,1,0,0,2026-08-20T03:45:28.514Z
94d91ec3-fd6e-4bd4-aaea-4c8120cb510b,t4,t4,Family on holiday,lp65589ffb,MaRadha Colombo,8208286-RO-RFN,Standard Double Room,35408,Room Only,true,27,2,false,,19135,9408,1,0,0,2026-08-20T03:45:30.148Z
6b88958b-4ae4-4566-99ad-9769da636a57,t4,t4,Family on holiday,lp76eba,Radisson Hotel Colombo,7559276-RO-RFN,Superior Room,27402,Room Only,true,24,5,false,,18065,6290,1,0,0,2026-08-20T03:45:30.931Z
21e3a502-c172-4952-857a-edd1c094f5f7,t7,t7,Long-stay consultant,lpc0df6,Fern Colombo,4237595-RO-RFN,King Room,16245,Room Only,true,25,2,false,,17891,9392,1,0,0,2026-08-20T03:45:46.892Z
7f9c54ad-3e53-4a42-8bef-1fe0f6ce7424,t5,t5,Light sleeper,lpb1537,Shangri-La Colombo,2416743-RO-NRF,Deluxe Lake View Twin,68781,Room Only,false,42,5,false,,18773,7492,1,0,0,2026-08-20T03:45:46.936Z
94d91ec3-fd6e-4bd4-aaea-4c8120cb510b,t5,t5,Light sleeper,lp6e625,Hotel Janaki,479121-BI-RFN,Deluxe Room with Pool View,15319,Breakfast Included,true,14,2,false,,18576,9784,1,0,0,2026-08-20T03:45:49.350Z
6b88958b-4ae4-4566-99ad-9769da636a57,t5,t5,Light sleeper,lp6e625,Hotel Janaki,479119-BI-RFN,Deluxe Double Room,15319,Breakfast Included,true,14,2,false,,20672,10376,1,0,0,2026-08-20T03:45:51.973Z
7f9c54ad-3e53-4a42-8bef-1fe0f6ce7424,t6,t6,Beach weekender,lp76eba,Radisson Hotel Colombo,7559276-RO-RFN,Superior Room,27402,Room Only,true,24,5,false,,17490,7265,1,0,0,2026-08-20T03:46:04.999Z
21e3a502-c172-4952-857a-edd1c094f5f7,t8,t8,Value-seeking couple,lp6574b103,"Amari Colombo, Sri Lanka",844832-RO-RFN,Superior City View King,46259,Room Only,true,29,5,false,,20566,9364,1,0,0,2026-08-20T03:46:07.806Z
94d91ec3-fd6e-4bd4-aaea-4c8120cb510b,t6,t6,Beach weekender,lp65589ffb,MaRadha Colombo,8208286-RO-RFN,Standard Double Room,35408,Room Only,true,27,2,false,,20364,10154,1,0,0,2026-08-20T03:46:10.073Z
6b88958b-4ae4-4566-99ad-9769da636a57,t6,t6,Beach weekender,lp7c172,Mirage Colombo,487132-RO-RFN,Standard Double Room,20482,Room Only,true,27,5,false,,19932,10325,1,0,0,2026-08-20T03:46:12.500Z
7f9c54ad-3e53-4a42-8bef-1fe0f6ce7424,t7,t7,Long-stay consultant,lp5f0e5,Paradise Road Tintagel Colombo,476937-RO-RFN,Executive Suite,96633,Room Only,true,32,2,false,,15274,6061,1,0,0,2026-08-20T03:46:20.654Z
94d91ec3-fd6e-4bd4-aaea-4c8120cb510b,t7,t7,Long-stay consultant,lpb1537,Shangri-La Colombo,2416743-RO-NRF,Deluxe Lake View Twin,68781,Room Only,false,42,5,false,,15250,6459,1,0,0,2026-08-20T03:46:25.677Z
21e3a502-c172-4952-857a-edd1c094f5f7,t9,t9,Remote worker,lp7c172,Mirage Colombo,487132-BI-RFN,Standard Double Room,24581,Breakfast Included,true,27,5,false,,18634,10359,1,0,0,2026-08-20T03:46:26.779Z
6b88958b-4ae4-4566-99ad-9769da636a57,t7,t7,Long-stay consultant,lpc0df6,Fern Colombo,4237595-RO-RFN,King Room,16245,Room Only,true,25,2,false,,18239,9019,1,0,0,2026-08-20T03:46:31.068Z
7f9c54ad-3e53-4a42-8bef-1fe0f6ce7424,t8,t8,Value-seeking couple,lpb1537,Shangri-La Colombo,2416743-RO-NRF,Deluxe Lake View Twin,68781,Room Only,false,42,5,false,,21134,10245,1,0,0,2026-08-20T03:46:42.133Z
94d91ec3-fd6e-4bd4-aaea-4c8120cb510b,t8,t8,Value-seeking couple,lp656d40c7,Sheraton Colombo Hotel,1460149481-RO-RFN,Deluxe Twin Room with Ocean View with 15% spa discount per room + 15% F&B discount per room + Early check in a,63767,Room Only,true,36,5,false,,20529,9534,1,0,0,2026-08-20T03:46:46.541Z
21e3a502-c172-4952-857a-edd1c094f5f7,t10,t10,Business traveller,lpc0df6,Fern Colombo,4237595-RO-RFN,King Room,16245,Room Only,true,25,2,false,,20913,10079,1,0,0,2026-08-20T03:46:48.016Z
6b88958b-4ae4-4566-99ad-9769da636a57,t8,t8,Value-seeking couple,lp6574b103,"Amari Colombo, Sri Lanka",844832-RO-RFN,Superior City View King,46259,Room Only,true,29,5,false,,18511,7532,1,0,0,2026-08-20T03:46:49.908Z
7f9c54ad-3e53-4a42-8bef-1fe0f6ce7424,t9,t9,Remote worker,lpb1537,Shangri-La Colombo,2416733-RO-NRF,Deluxe Lake View King,68781,Room Only,false,42,5,false,,18281,7208,1,0,0,2026-08-20T03:47:00.781Z
94d91ec3-fd6e-4bd4-aaea-4c8120cb510b,t9,t9,Remote worker,lp65589ffb,MaRadha Colombo,8208286-BI-RFN,Standard Double Room,42521,Breakfast Included,true,27,2,false,,17130,7489,1,0,0,2026-08-20T03:47:04.048Z
21e3a502-c172-4952-857a-edd1c094f5f7,t_attn,t_attn,Attention check,lpb1537,Shangri-La Colombo,2416733-RO-NRF,Deluxe Lake View King,68781,Room Only,false,42,5,true,true,18330,8035,1,0,0,2026-08-20T03:47:06.688Z
6b88958b-4ae4-4566-99ad-9769da636a57,t9,t9,Remote worker,lp67708,Supun Arcade Residency,481434-RO-RFN,One-Bedroom Apartment with 15% Discount on Food & Beverage,20768,Room Only,true,121,5,false,,20760,10490,1,0,0,2026-08-20T03:47:11.249Z
7f9c54ad-3e53-4a42-8bef-1fe0f6ce7424,t10,t10,Business traveller,lp857b8,Zylan Colombo,1461137737-RO-RFN,Deluxe Triple Room,35761,Room Only,true,32,5,false,,17480,6501,1,0,0,2026-08-20T03:47:18.829Z
94d91ec3-fd6e-4bd4-aaea-4c8120cb510b,t10,t10,Business traveller,lpb1537,Shangri-La Colombo,2416743-RO-NRF,Deluxe Lake View Twin,68781,Room Only,false,42,5,false,,19729,9863,1,0,0,2026-08-20T03:47:24.152Z
6b88958b-4ae4-4566-99ad-9769da636a57,t10,t10,Business traveller,lp857b8,Zylan Colombo,1461137737-RO-RFN,Deluxe Triple Room,35761,Room Only,true,32,5,false,,15155,5403,1,0,0,2026-08-20T03:47:26.924Z
3a6f48cf-e7c8-4019-9f59-a985acd77300,t1,t1,Evening walker,lp81760,The Steuart by Citrus,1459938501-BI-NRF,"Premium Room, City View - Early check-in or late check-out subject to availability",25519,Breakfast Included,false,123,5,false,,19131,8267,1,0,0,2026-08-20T03:48:28.265Z
69709815-0975-4682-be14-b543e8e31f27,t1,t1,Evening walker,lpb1537,Shangri-La Colombo,2416743-RO-NRF,Deluxe Lake View Twin,68781,Room Only,false,42,5,false,,17701,8060,1,0,0,2026-08-20T03:48:28.416Z
09d315a5-aeb5-4a35-af4a-9835e0b62bcb,t1,t1,Evening walker,lp3e58e,The Kingsbury Colombo,479092-RO-RFN,Superior Room,37025,Room Only,true,23,2,false,,17591,7085,1,0,0,2026-08-20T03:48:28.972Z
bc19444b-f0f2-4086-abf3-d5124b5815b7,t1,t1,Evening walker,lpb1537,Shangri-La Colombo,2416743-RO-NRF,Deluxe Lake View Twin,68781,Room Only,false,42,5,false,,20356,9628,1,0,0,2026-08-20T03:48:33.077Z
69709815-0975-4682-be14-b543e8e31f27,t2,t2,Business traveller,lpc0df6,Fern Colombo,4237595-RO-RFN,King Room,16245,Room Only,true,25,2,false,,16999,6232,1,0,0,2026-08-20T03:48:45.854Z
3a6f48cf-e7c8-4019-9f59-a985acd77300,t2,t2,Business traveller,lp5f0e5,Paradise Road Tintagel Colombo,476937-RO-RFN,Executive Suite,96633,Room Only,true,32,2,false,,19431,9941,1,0,0,2026-08-20T03:48:48.104Z
bc19444b-f0f2-4086-abf3-d5124b5815b7,t2,t2,Business traveller,lp72a36,Best Western Elyon Colombo,1459894716-RO-RFN,"Deluxe Room, 2 Twin Beds, Non Smoking",19568,Room Only,true,,3,false,,17454,8443,1,0,0,2026-08-20T03:48:50.904Z
09d315a5-aeb5-4a35-af4a-9835e0b62bcb,t2,t2,Business traveller,lp5f0e5,Paradise Road Tintagel Colombo,476937-RO-RFN,Executive Suite,96633,Room Only,true,32,2,false,,21415,10367,1,0,0,2026-08-20T03:48:51.029Z
69709815-0975-4682-be14-b543e8e31f27,t3,t3,Self-funded worker,lp9855f,Fairway Colombo - Sri Lanka's First Hotel With Robot Technology,1459963988-RO-RFN,Superior Twin Room,28429,Room Only,true,22,5,false,,13230,6018,1,0,0,2026-08-20T03:49:00.065Z
3a6f48cf-e7c8-4019-9f59-a985acd77300,t3,t3,Self-funded worker,lp3e58e,The Kingsbury Colombo,479092-BI-RFN,Superior Room,37797,Breakfast Included,true,23,2,false,,18072,9226,1,0,0,2026-08-20T03:49:06.525Z
bc19444b-f0f2-4086-abf3-d5124b5815b7,t3,t3,Self-funded worker,lp655a9e91,Zest Metropole,4358364-BI-RFN,Deluxe Double Room,26743,Breakfast Included,true,20,5,false,,16085,8096,1,0,0,2026-08-20T03:49:07.580Z
09d315a5-aeb5-4a35-af4a-9835e0b62bcb,t3,t3,Self-funded worker,lpb1537,Shangri-La Colombo,2416733-RO-NRF,Deluxe Lake View King,68781,Room Only,false,42,5,false,,18877,9091,1,0,0,2026-08-20T03:49:10.517Z
69709815-0975-4682-be14-b543e8e31f27,t4,t4,Family on holiday,lp6f007,Clock Inn Colombo,1321691606-BI-RFN,Family Quadruple Room,16763,Breakfast Included,true,25,2,false,,18029,7708,1,0,0,2026-08-20T03:49:18.688Z
3a6f48cf-e7c8-4019-9f59-a985acd77300,t4,t4,Family on holiday,lp65589ffb,MaRadha Colombo,8208286-BI-RFN,Standard Double Room,42521,Breakfast Included,true,27,2,false,,16404,6689,1,0,0,2026-08-20T03:49:23.377Z
bc19444b-f0f2-4086-abf3-d5124b5815b7,t4,t4,Family on holiday,lp65589ffb,MaRadha Colombo,8208286-BI-RFN,Standard Double Room,42521,Breakfast Included,true,27,2,false,,16637,6638,1,0,0,2026-08-20T03:49:24.760Z
09d315a5-aeb5-4a35-af4a-9835e0b62bcb,t4,t4,Family on holiday,lp76eba,Radisson Hotel Colombo,7559276-RO-RFN,Superior Room,27402,Room Only,true,24,5,false,,18206,8540,1,0,0,2026-08-20T03:49:29.065Z
69709815-0975-4682-be14-b543e8e31f27,t5,t5,Light sleeper,lp72a36,Best Western Elyon Colombo,1459894716-RO-RFN,"Deluxe Room, 2 Twin Beds, Non Smoking",19568,Room Only,true,,3,false,,17223,7134,1,0,0,2026-08-20T03:49:36.305Z
bc19444b-f0f2-4086-abf3-d5124b5815b7,t5,t5,Light sleeper,lp72a36,Best Western Elyon Colombo,1459894716-RO-RFN,"Deluxe Room, 2 Twin Beds, Non Smoking",19568,Room Only,true,,3,false,,18980,8919,1,0,0,2026-08-20T03:49:44.069Z
3a6f48cf-e7c8-4019-9f59-a985acd77300,t5,t5,Light sleeper,lp72a36,Best Western Elyon Colombo,513432-RO-RFN,Deluxe King Room,19568,Room Only,true,24,3,false,,20578,9282,1,0,0,2026-08-20T03:49:44.287Z
09d315a5-aeb5-4a35-af4a-9835e0b62bcb,t5,t5,Light sleeper,lp72a36,Best Western Elyon Colombo,1459894716-RO-RFN,"Deluxe Room, 2 Twin Beds, Non Smoking",19568,Room Only,true,,3,false,,20261,6384,1,0,0,2026-08-20T03:49:49.887Z
69709815-0975-4682-be14-b543e8e31f27,t6,t6,Beach weekender,lp7c172,Mirage Colombo,487132-BI-RFN,Standard Double Room,24581,Breakfast Included,true,27,5,false,,20306,8488,1,0,0,2026-08-20T03:49:56.954Z
bc19444b-f0f2-4086-abf3-d5124b5815b7,t6,t6,Beach weekender,lp67708,Supun Arcade Residency,481434-BI-RFN,One-Bedroom Apartment with 15% Discount on Food & Beverage,24663,Breakfast Included,true,121,5,false,,19724,9972,1,0,0,2026-08-20T03:50:04.136Z
3a6f48cf-e7c8-4019-9f59-a985acd77300,t6,t6,Beach weekender,lp7c172,Mirage Colombo,487132-BI-RFN,Standard Double Room,24581,Breakfast Included,true,27,5,false,,19951,10594,1,0,0,2026-08-20T03:50:04.551Z
09d315a5-aeb5-4a35-af4a-9835e0b62bcb,t6,t6,Beach weekender,lp76eba,Radisson Hotel Colombo,7559276-RO-RFN,Superior Room,27402,Room Only,true,24,5,false,,17894,7772,1,0,0,2026-08-20T03:50:08.129Z
69709815-0975-4682-be14-b543e8e31f27,t7,t7,Long-stay consultant,lp857b8,Zylan Colombo,1461137737-RO-RFN,Deluxe Triple Room,35761,Room Only,true,32,5,false,,17045,6758,1,0,0,2026-08-20T03:50:14.583Z
bc19444b-f0f2-4086-abf3-d5124b5815b7,t7,t7,Long-stay consultant,lpc0df6,Fern Colombo,4237595-RO-RFN,King Room,16245,Room Only,true,25,2,false,,15746,6461,1,0,0,2026-08-20T03:50:20.292Z
3a6f48cf-e7c8-4019-9f59-a985acd77300,t7,t7,Long-stay consultant,lpc0df6,Fern Colombo,4237597-RO-RFN,Deluxe Twin Room,16245,Room Only,true,25,2,false,,19756,9777,1,0,0,2026-08-20T03:50:24.649Z
09d315a5-aeb5-4a35-af4a-9835e0b62bcb,t7,t7,Long-stay consultant,lp5f0e5,Paradise Road Tintagel Colombo,476937-BI-RFN,Executive Suite,105766,Breakfast Included,true,32,2,false,,17053,7394,1,0,0,2026-08-20T03:50:25.764Z
69709815-0975-4682-be14-b543e8e31f27,t8,t8,Value-seeking couple,lp5f0e5,Paradise Road Tintagel Colombo,476937-RO-RFN,Executive Suite,96633,Room Only,true,32,2,false,,19616,8658,1,0,0,2026-08-20T03:50:34.583Z
bc19444b-f0f2-4086-abf3-d5124b5815b7,t8,t8,Value-seeking couple,lp6574b103,"Amari Colombo, Sri Lanka",844831-RO-RFN,Superior City View Twin,42203,Room Only,true,29,5,false,,18695,8090,1,0,0,2026-08-20T03:50:39.382Z
3a6f48cf-e7c8-4019-9f59-a985acd77300,t8,t8,Value-seeking couple,lp656d3aa9,Sofia Colombo City Hotel,5336222-RO-RFN,Deluxe Twin Room with Sea View,27990,Room Only,true,21,3,false,,19326,8988,1,0,0,2026-08-20T03:50:44.308Z
09d315a5-aeb5-4a35-af4a-9835e0b62bcb,t8,t8,Value-seeking couple,lp656d40c7,Sheraton Colombo Hotel,5289365-RO-RFN,Deluxe King Room with City View with 15% spa discount per room + 15% F&B discount per room + Early check in an,56627,Room Only,true,36,5,false,,20188,9258,1,0,0,2026-08-20T03:50:46.281Z
69709815-0975-4682-be14-b543e8e31f27,t9,t9,Remote worker,lp67708,Supun Arcade Residency,481434-RO-RFN,One-Bedroom Apartment with 15% Discount on Food & Beverage,20768,Room Only,true,121,5,false,,19637,9741,1,0,0,2026-08-20T03:50:54.554Z
bc19444b-f0f2-4086-abf3-d5124b5815b7,t9,t9,Remote worker,lp67708,Supun Arcade Residency,481434-BI-RFN,One-Bedroom Apartment with 15% Discount on Food & Beverage,24663,Breakfast Included,true,121,5,false,,16233,6567,1,0,0,2026-08-20T03:50:56.400Z
3a6f48cf-e7c8-4019-9f59-a985acd77300,t9,t9,Remote worker,lp7c172,Mirage Colombo,487132-RO-RFN,Standard Double Room,20482,Room Only,true,27,5,false,,16765,5939,1,0,0,2026-08-20T03:51:01.621Z
09d315a5-aeb5-4a35-af4a-9835e0b62bcb,t9,t9,Remote worker,lp40d3f,Global Towers Hotel & Apartments,476929-RO-RFN,Two-Bedroom Apartment with Sea View/City view,41030,Room Only,true,124,3,false,,18045,9090,1,0,0,2026-08-20T03:51:04.867Z
69709815-0975-4682-be14-b543e8e31f27,t10,t10,Business traveller,lpc0df6,Fern Colombo,4237597-RO-RFN,Deluxe Twin Room,16245,Room Only,true,25,2,false,,19307,10297,1,0,0,2026-08-20T03:51:14.212Z
bc19444b-f0f2-4086-abf3-d5124b5815b7,t10,t10,Business traveller,lp72a36,Best Western Elyon Colombo,513432-RO-RFN,Deluxe King Room,19568,Room Only,true,24,3,false,,19103,8643,1,0,0,2026-08-20T03:51:15.955Z
3a6f48cf-e7c8-4019-9f59-a985acd77300,t10,t10,Business traveller,lpc0df6,Fern Colombo,4237595-RO-RFN,King Room,16245,Room Only,true,25,2,false,,20328,9989,1,0,0,2026-08-20T03:51:22.303Z
09d315a5-aeb5-4a35-af4a-9835e0b62bcb,t10,t10,Business traveller,lp857b8,Zylan Colombo,481438-RO-RFN,Executive Room with Jacuzzi - 10% off on Food & Beverage,34557,Room Only,true,60,5,false,,19829,9550,1,0,0,2026-08-20T03:51:25.023Z
bc19444b-f0f2-4086-abf3-d5124b5815b7,t_attn,t_attn,Attention check,lpb1537,Shangri-La Colombo,2416733-RO-NRF,Deluxe Lake View King,68781,Room Only,false,42,5,true,true,15997,5859,1,0,0,2026-08-20T03:51:32.358Z
69709815-0975-4682-be14-b543e8e31f27,t_attn,t_attn,Attention check,lpb1537,Shangri-La Colombo,2416733-RO-RFN,Deluxe Lake View King,73076,Room Only,true,42,5,true,true,18153,8347,1,0,0,2026-08-20T03:51:32.735Z
3a6f48cf-e7c8-4019-9f59-a985acd77300,t_attn,t_attn,Attention check,lpb1537,Shangri-La Colombo,2416733-RO-NRF,Deluxe Lake View King,68781,Room Only,false,42,5,true,true,18293,8060,1,0,0,2026-08-20T03:51:40.966Z
09d315a5-aeb5-4a35-af4a-9835e0b62bcb,t_attn,t_attn,Attention check,lpb1537,Shangri-La Colombo,2416733-RO-NRF,Deluxe Lake View King,68781,Room Only,false,42,5,true,true,17918,7072,1,0,0,2026-08-20T03:51:43.648Z
fdeedac2-a29a-4593-928e-6c8e1586b7e9,t1,t1,Evening walker,lpb1537,Shangri-La Colombo,2416743-RO-NRF,Deluxe Lake View Twin,68781,Room Only,false,42,5,false,,15877,6909,1,0,0,2026-08-20T03:52:13.475Z
630acb91-7b9e-4d43-a6fa-4eafbc3c1d67,t1,t1,Evening walker,lpb1537,Shangri-La Colombo,2416743-RO-NRF,Deluxe Lake View Twin,68781,Room Only,false,42,5,false,,20918,8707,1,0,0,2026-08-20T03:52:17.512Z
1e2cfbb1-b6a0-469a-bd34-548161efe745,t1,t1,Evening walker,lpb1537,Shangri-La Colombo,2416733-RO-NRF,Deluxe Lake View King,68781,Room Only,false,42,5,false,,20347,9856,1,0,0,2026-08-20T03:52:17.620Z
b37efdbc-bb04-4a3f-b0b3-d4bbef779304,t1,t1,Evening walker,lp65589ffb,MaRadha Colombo,8208286-BI-RFN,Standard Double Room,42521,Breakfast Included,true,27,2,false,,20303,10151,1,0,0,2026-08-20T03:52:17.818Z
fdeedac2-a29a-4593-928e-6c8e1586b7e9,t2,t2,Business traveller,lpc0df6,Fern Colombo,4237595-RO-RFN,King Room,16245,Room Only,true,25,2,false,,17060,8866,1,0,0,2026-08-20T03:52:30.967Z
b37efdbc-bb04-4a3f-b0b3-d4bbef779304,t2,t2,Business traveller,lp65589ffb,MaRadha Colombo,8208286-BI-RFN,Standard Double Room,42521,Breakfast Included,true,27,2,false,,17875,7558,1,0,0,2026-08-20T03:52:36.077Z
630acb91-7b9e-4d43-a6fa-4eafbc3c1d67,t2,t2,Business traveller,lp857b8,Zylan Colombo,1461137737-RO-RFN,Deluxe Triple Room,35761,Room Only,true,32,5,false,,18762,6773,1,0,0,2026-08-20T03:52:36.965Z
1e2cfbb1-b6a0-469a-bd34-548161efe745,t2,t2,Business traveller,lp857b8,Zylan Colombo,1461137737-RO-RFN,Deluxe Triple Room,35761,Room Only,true,32,5,false,,19338,8350,1,0,0,2026-08-20T03:52:37.395Z
fdeedac2-a29a-4593-928e-6c8e1586b7e9,t3,t3,Self-funded worker,lp655a9e91,Zest Metropole,4358364-BI-RFN,Deluxe Double Room,26743,Breakfast Included,true,20,5,false,,13869,5409,1,0,0,2026-08-20T03:52:45.540Z
b37efdbc-bb04-4a3f-b0b3-d4bbef779304,t3,t3,Self-funded worker,lpb1537,Shangri-La Colombo,2416733-RO-NRF,Deluxe Lake View King,68781,Room Only,false,42,5,false,,15953,5629,1,0,0,2026-08-20T03:52:52.682Z
1e2cfbb1-b6a0-469a-bd34-548161efe745,t3,t3,Self-funded worker,lp81760,The Steuart by Citrus,1459938501-BI-NRF,"Premium Room, City View - Early check-in or late check-out subject to availability",25519,Breakfast Included,false,123,5,false,,16299,6779,1,0,0,2026-08-20T03:52:54.094Z
630acb91-7b9e-4d43-a6fa-4eafbc3c1d67,t3,t3,Self-funded worker,lp3e58e,The Kingsbury Colombo,479092-BI-RFN,Superior Room,37797,Breakfast Included,true,23,2,false,,19901,10136,1,0,0,2026-08-20T03:52:57.221Z
fdeedac2-a29a-4593-928e-6c8e1586b7e9,t4,t4,Family on holiday,lp65589ffb,MaRadha Colombo,8208286-RO-RFN,Standard Double Room,35408,Room Only,true,27,2,false,,16129,6446,1,0,0,2026-08-20T03:53:02.026Z
1e2cfbb1-b6a0-469a-bd34-548161efe745,t4,t4,Family on holiday,lp76eba,Radisson Hotel Colombo,7559276-BI-RFN,Superior Room,36248,Breakfast Included,true,24,5,false,,17164,8853,1,0,0,2026-08-20T03:53:11.603Z
b37efdbc-bb04-4a3f-b0b3-d4bbef779304,t4,t4,Family on holiday,lp67286,Colombo Court Hotel & Spa,481452-RO-RFN,Duplex Suite,56529,Room Only,true,65,5,false,,20037,9853,1,0,0,2026-08-20T03:53:13.076Z
630acb91-7b9e-4d43-a6fa-4eafbc3c1d67,t4,t4,Family on holiday,lp76eba,Radisson Hotel Colombo,7559276-RO-RFN,Superior Room,27402,Room Only,true,24,5,false,,16389,6586,1,0,0,2026-08-20T03:53:14.005Z
fdeedac2-a29a-4593-928e-6c8e1586b7e9,t5,t5,Light sleeper,lp67708,Supun Arcade Residency,481434-BI-RFN,One-Bedroom Apartment with 15% Discount on Food & Beverage,24663,Breakfast Included,true,121,5,false,,15906,5834,1,0,0,2026-08-20T03:53:18.356Z
b37efdbc-bb04-4a3f-b0b3-d4bbef779304,t5,t5,Light sleeper,lp65589ffb,MaRadha Colombo,8208286-RO-RFN,Standard Double Room,35408,Room Only,true,27,2,false,,16802,5835,1,0,0,2026-08-20T03:53:30.289Z
1e2cfbb1-b6a0-469a-bd34-548161efe745,t5,t5,Light sleeper,lp6e625,Hotel Janaki,479119-BI-RFN,Deluxe Double Room,15319,Breakfast Included,true,14,2,false,,18849,8767,1,0,0,2026-08-20T03:53:30.781Z
630acb91-7b9e-4d43-a6fa-4eafbc3c1d67,t5,t5,Light sleeper,lp72a36,Best Western Elyon Colombo,1459894716-RO-RFN,"Deluxe Room, 2 Twin Beds, Non Smoking",19568,Room Only,true,,3,false,,20364,10305,1,0,0,2026-08-20T03:53:34.907Z
fdeedac2-a29a-4593-928e-6c8e1586b7e9,t6,t6,Beach weekender,lp76eba,Radisson Hotel Colombo,7559276-RO-RFN,Superior Room,27402,Room Only,true,24,5,false,,19554,9088,1,0,0,2026-08-20T03:53:38.469Z
b37efdbc-bb04-4a3f-b0b3-d4bbef779304,t6,t6,Beach weekender,lp40d3f,Global Towers Hotel & Apartments,476929-RO-RFN,Two-Bedroom Apartment with Sea View/City view,41030,Room Only,true,124,3,false,,17461,6466,1,0,0,2026-08-20T03:53:48.117Z
1e2cfbb1-b6a0-469a-bd34-548161efe745,t6,t6,Beach weekender,lp40d3f,Global Towers Hotel & Apartments,476929-RO-RFN,Two-Bedroom Apartment with Sea View/City view,41030,Room Only,true,124,3,false,,18627,8868,1,0,0,2026-08-20T03:53:49.755Z
630acb91-7b9e-4d43-a6fa-4eafbc3c1d67,t6,t6,Beach weekender,lp40d3f,Global Towers Hotel & Apartments,476929-RO-RFN,Two-Bedroom Apartment with Sea View/City view,41030,Room Only,true,124,3,false,,15233,5809,1,0,0,2026-08-20T03:53:50.784Z
fdeedac2-a29a-4593-928e-6c8e1586b7e9,t7,t7,Long-stay consultant,lpc0df6,Fern Colombo,4237597-RO-RFN,Deluxe Twin Room,16245,Room Only,true,25,2,false,,15293,6137,1,0,0,2026-08-20T03:53:54.127Z
b37efdbc-bb04-4a3f-b0b3-d4bbef779304,t7,t7,Long-stay consultant,lp656d40c7,Sheraton Colombo Hotel,1460149481-RO-RFN,Deluxe Twin Room with Ocean View with 15% spa discount per room + 15% F&B discount per room + Early check in a,63767,Room Only,true,36,5,false,,19175,9339,1,0,0,2026-08-20T03:54:07.710Z
1e2cfbb1-b6a0-469a-bd34-548161efe745,t7,t7,Long-stay consultant,lp857b8,Zylan Colombo,481438-RO-RFN,Executive Room with Jacuzzi - 10% off on Food & Beverage,34557,Room Only,true,60,5,false,,19126,9172,1,0,0,2026-08-20T03:54:09.203Z
630acb91-7b9e-4d43-a6fa-4eafbc3c1d67,t7,t7,Long-stay consultant,lp857b8,Zylan Colombo,1461137737-RO-RFN,Deluxe Triple Room,35761,Room Only,true,32,5,false,,20908,10282,1,0,0,2026-08-20T03:54:12.025Z
fdeedac2-a29a-4593-928e-6c8e1586b7e9,t8,t8,Value-seeking couple,lp656d3aa9,Sofia Colombo City Hotel,1459099171-RO-RFN,Deluxe Twin Room with Partial Sea View,23620,Room Only,true,21,3,false,,17578,8188,1,0,0,2026-08-20T03:54:12.069Z
b37efdbc-bb04-4a3f-b0b3-d4bbef779304,t8,t8,Value-seeking couple,lp656d40c7,Sheraton Colombo Hotel,5289365-RO-RFN,Deluxe King Room with City View with 15% spa discount per room + 15% F&B discount per room + Early check in an,56627,Room Only,true,36,5,false,,15964,5381,1,0,0,2026-08-20T03:54:24.463Z
1e2cfbb1-b6a0-469a-bd34-548161efe745,t8,t8,Value-seeking couple,lp6574b103,"Amari Colombo, Sri Lanka",844831-RO-RFN,Superior City View Twin,42203,Room Only,true,29,5,false,,17500,6507,1,0,0,2026-08-20T03:54:27.051Z
fdeedac2-a29a-4593-928e-6c8e1586b7e9,t9,t9,Remote worker,lp7c172,Mirage Colombo,487132-BI-RFN,Standard Double Room,24581,Breakfast Included,true,27,5,false,,16583,7518,1,0,0,2026-08-20T03:54:28.989Z
630acb91-7b9e-4d43-a6fa-4eafbc3c1d67,t8,t8,Value-seeking couple,lp656d3aa9,Sofia Colombo City Hotel,1459099171-RO-RFN,Deluxe Twin Room with Partial Sea View,23620,Room Only,true,21,3,false,,18389,8733,1,0,0,2026-08-20T03:54:30.740Z
b37efdbc-bb04-4a3f-b0b3-d4bbef779304,t9,t9,Remote worker,lpb1537,Shangri-La Colombo,2416743-RO-NRF,Deluxe Lake View Twin,68781,Room Only,false,42,5,false,,16570,6456,1,0,0,2026-08-20T03:54:41.535Z
630acb91-7b9e-4d43-a6fa-4eafbc3c1d67,t9,t9,Remote worker,lp7c172,Mirage Colombo,487132-RO-RFN,Standard Double Room,20482,Room Only,true,27,5,false,,15088,5773,1,0,0,2026-08-20T03:54:46.533Z
1e2cfbb1-b6a0-469a-bd34-548161efe745,t9,t9,Remote worker,lp40d3f,Global Towers Hotel & Apartments,476927-RO-RFN,Double or Twin Room,16041,Room Only,true,27,3,false,,21662,10390,1,0,0,2026-08-20T03:54:49.113Z
fdeedac2-a29a-4593-928e-6c8e1586b7e9,t10,t10,Business traveller,lp72a36,Best Western Elyon Colombo,513432-RO-RFN,Deluxe King Room,19568,Room Only,true,24,3,false,,20285,10503,1,0,0,2026-08-20T03:54:49.842Z
b37efdbc-bb04-4a3f-b0b3-d4bbef779304,t10,t10,Business traveller,lp5f0e5,Paradise Road Tintagel Colombo,476937-BI-RFN,Executive Suite,105766,Breakfast Included,true,32,2,false,,18702,8766,1,0,0,2026-08-20T03:55:00.706Z
630acb91-7b9e-4d43-a6fa-4eafbc3c1d67,t10,t10,Business traveller,lp5f0e5,Paradise Road Tintagel Colombo,476937-RO-RFN,Executive Suite,96633,Room Only,true,32,2,false,,17979,7401,1,0,0,2026-08-20T03:55:05.076Z
fdeedac2-a29a-4593-928e-6c8e1586b7e9,t_attn,t_attn,Attention check,lpb1537,Shangri-La Colombo,2416743-RO-NRF,Deluxe Lake View Twin,68781,Room Only,false,42,5,true,true,15725,6528,1,0,0,2026-08-20T03:55:06.127Z
1e2cfbb1-b6a0-469a-bd34-548161efe745,t10,t10,Business traveller,lp72a36,Best Western Elyon Colombo,1459894716-RO-RFN,"Deluxe Room, 2 Twin Beds, Non Smoking",19568,Room Only,true,,3,false,,16888,6769,1,0,0,2026-08-20T03:55:06.334Z
b37efdbc-bb04-4a3f-b0b3-d4bbef779304,t_attn,t_attn,Attention check,lpb1537,Shangri-La Colombo,2416733-RO-RFN,Deluxe Lake View King,73076,Room Only,true,42,5,true,true,20683,10317,1,0,0,2026-08-20T03:55:21.727Z
630acb91-7b9e-4d43-a6fa-4eafbc3c1d67,t_attn,t_attn,Attention check,lpb1537,Shangri-La Colombo,2416733-RO-NRF,Deluxe Lake View King,68781,Room Only,false,42,5,true,true,17548,7582,1,0,0,2026-08-20T03:55:22.983Z
1e2cfbb1-b6a0-469a-bd34-548161efe745,t_attn,t_attn,Attention check,lpb1537,Shangri-La Colombo,2416743-RO-NRF,Deluxe Lake View Twin,68781,Room Only,false,42,5,true,true,19626,8865,1,0,0,2026-08-20T03:55:26.289Z
353cfd41-1c6c-434b-9aa7-81b359499397,t1,t1,Evening walker,lpb1537,Shangri-La Colombo,2416743-RO-NRF,Deluxe Lake View Twin,68781,Room Only,false,42,5,false,,17069,6907,1,0,0,2026-08-20T03:55:55.792Z
95accc1c-0141-4565-a874-315074f8e620,t1,t1,Evening walker,lp33ddb,"Taj Samudra, Colombo",478634-BI-RFN,Deluxe Room City View Twin Bed,43993,Breakfast Included,true,35,5,false,,16844,7732,1,0,0,2026-08-20T03:55:56.113Z
80504f40-98e7-4ef1-9e73-982d2670b1d3,t1,t1,Evening walker,lp6f007,Clock Inn Colombo,1321691605-BI-RFN,Standard Double Room,13715,Breakfast Included,true,25,2,false,,17665,8105,1,0,0,2026-08-20T03:55:58.013Z
f466cf32-f0d2-41f0-88b6-8bb3f7ee8857,t1,t1,Evening walker,lp71118,CityRest Fort,1459617182-RO-RFN,Standard Double Room,11502,Room Only,true,,2,false,,17941,8669,1,0,0,2026-08-20T03:55:59.167Z
353cfd41-1c6c-434b-9aa7-81b359499397,t2,t2,Business traveller,lp72a36,Best Western Elyon Colombo,513432-RO-RFN,Deluxe King Room,19568,Room Only,true,24,3,false,,15520,6951,1,0,0,2026-08-20T03:56:11.758Z
95accc1c-0141-4565-a874-315074f8e620,t2,t2,Business traveller,lp857b8,Zylan Colombo,481438-RO-RFN,Executive Room with Jacuzzi - 10% off on Food & Beverage,34557,Room Only,true,60,5,false,,19572,8414,1,0,0,2026-08-20T03:56:16.122Z
80504f40-98e7-4ef1-9e73-982d2670b1d3,t2,t2,Business traveller,lpc0df6,Fern Colombo,4237595-RO-RFN,King Room,16245,Room Only,true,25,2,false,,18173,9520,1,0,0,2026-08-20T03:56:16.838Z
f466cf32-f0d2-41f0-88b6-8bb3f7ee8857,t2,t2,Business traveller,lp72a36,Best Western Elyon Colombo,513432-RO-RFN,Deluxe King Room,19568,Room Only,true,24,3,false,,20782,10248,1,0,0,2026-08-20T03:56:20.361Z
353cfd41-1c6c-434b-9aa7-81b359499397,t3,t3,Self-funded worker,lp9855f,Fairway Colombo - Sri Lanka's First Hotel With Robot Technology,1459963988-RO-RFN,Superior Twin Room,28429,Room Only,true,22,5,false,,18083,6815,1,0,0,2026-08-20T03:56:30.446Z
80504f40-98e7-4ef1-9e73-982d2670b1d3,t3,t3,Self-funded worker,lp71118,CityRest Fort,1459617182-RO-RFN,Standard Double Room,11502,Room Only,true,,2,false,,18070,7983,1,0,0,2026-08-20T03:56:35.265Z
f466cf32-f0d2-41f0-88b6-8bb3f7ee8857,t3,t3,Self-funded worker,lp71118,CityRest Fort,1459617182-RO-RFN,Standard Double Room,11502,Room Only,true,,2,false,,14564,6208,1,0,0,2026-08-20T03:56:35.462Z
95accc1c-0141-4565-a874-315074f8e620,t3,t3,Self-funded worker,lp81760,The Steuart by Citrus,1459938501-BI-NRF,"Premium Room, City View - Early check-in or late check-out subject to availability",25519,Breakfast Included,false,123,5,false,,20992,10356,1,0,0,2026-08-20T03:56:37.454Z
353cfd41-1c6c-434b-9aa7-81b359499397,t4,t4,Family on holiday,lp76eba,Radisson Hotel Colombo,7559276-RO-RFN,Superior Room,27402,Room Only,true,24,5,false,,17998,7758,1,0,0,2026-08-20T03:56:48.818Z
80504f40-98e7-4ef1-9e73-982d2670b1d3,t4,t4,Family on holiday,lp65589ffb,MaRadha Colombo,8208286-BI-RFN,Standard Double Room,42521,Breakfast Included,true,27,2,false,,19767,8887,1,0,0,2026-08-20T03:56:55.376Z
f466cf32-f0d2-41f0-88b6-8bb3f7ee8857,t4,t4,Family on holiday,lp76eba,Radisson Hotel Colombo,7559276-RO-RFN,Superior Room,27402,Room Only,true,24,5,false,,21058,9996,1,0,0,2026-08-20T03:56:57.077Z
95accc1c-0141-4565-a874-315074f8e620,t4,t4,Family on holiday,lp6f007,Clock Inn Colombo,1321691605-BI-RFN,Standard Double Room,13715,Breakfast Included,true,25,2,false,,20512,10133,1,0,0,2026-08-20T03:56:58.542Z
353cfd41-1c6c-434b-9aa7-81b359499397,t5,t5,Light sleeper,lp72a36,Best Western Elyon Colombo,513432-RO-RFN,Deluxe King Room,19568,Room Only,true,24,3,false,,19348,7956,1,0,0,2026-08-20T03:57:08.721Z
80504f40-98e7-4ef1-9e73-982d2670b1d3,t5,t5,Light sleeper,lp67708,Supun Arcade Residency,481434-RO-RFN,One-Bedroom Apartment with 15% Discount on Food & Beverage,20768,Room Only,true,121,5,false,,19762,8901,1,0,0,2026-08-20T03:57:15.484Z
95accc1c-0141-4565-a874-315074f8e620,t5,t5,Light sleeper,lp72a36,Best Western Elyon Colombo,1459894716-RO-RFN,"Deluxe Room, 2 Twin Beds, Non Smoking",19568,Room Only,true,,3,false,,16752,6901,1,0,0,2026-08-20T03:57:15.848Z
f466cf32-f0d2-41f0-88b6-8bb3f7ee8857,t5,t5,Light sleeper,lp72a36,Best Western Elyon Colombo,513432-RO-RFN,Deluxe King Room,19568,Room Only,true,24,3,false,,20170,10304,1,0,0,2026-08-20T03:57:17.575Z
353cfd41-1c6c-434b-9aa7-81b359499397,t6,t6,Beach weekender,lp40d3f,Global Towers Hotel & Apartments,476929-RO-RFN,Two-Bedroom Apartment with Sea View/City view,41030,Room Only,true,124,3,false,,19705,8298,1,0,0,2026-08-20T03:57:28.799Z
80504f40-98e7-4ef1-9e73-982d2670b1d3,t6,t6,Beach weekender,lp76eba,Radisson Hotel Colombo,7559276-BI-RFN,Superior Room,36248,Breakfast Included,true,24,5,false,,18154,8983,1,0,0,2026-08-20T03:57:34.277Z
95accc1c-0141-4565-a874-315074f8e620,t6,t6,Beach weekender,lp7c172,Mirage Colombo,487132-BI-RFN,Standard Double Room,24581,Breakfast Included,true,27,5,false,,20124,8725,1,0,0,2026-08-20T03:57:36.357Z
f466cf32-f0d2-41f0-88b6-8bb3f7ee8857,t6,t6,Beach weekender,lp7c172,Mirage Colombo,487132-BI-RFN,Standard Double Room,24581,Breakfast Included,true,27,5,false,,21894,10170,1,0,0,2026-08-20T03:57:39.830Z
353cfd41-1c6c-434b-9aa7-81b359499397,t7,t7,Long-stay consultant,lp857b8,Zylan Colombo,481438-RO-RFN,Executive Room with Jacuzzi - 10% off on Food & Beverage,34557,Room Only,true,60,5,false,,19217,8337,1,0,0,2026-08-20T03:57:48.552Z
80504f40-98e7-4ef1-9e73-982d2670b1d3,t7,t7,Long-stay consultant,lp5f0e5,Paradise Road Tintagel Colombo,476937-BI-RFN,Executive Suite,105766,Breakfast Included,true,32,2,false,,15172,6310,1,0,0,2026-08-20T03:57:49.972Z
95accc1c-0141-4565-a874-315074f8e620,t7,t7,Long-stay consultant,lp857b8,Zylan Colombo,481438-RO-RFN,Executive Room with Jacuzzi - 10% off on Food & Beverage,34557,Room Only,true,60,5,false,,16408,6493,1,0,0,2026-08-20T03:57:53.116Z
f466cf32-f0d2-41f0-88b6-8bb3f7ee8857,t7,t7,Long-stay consultant,lp857b8,Zylan Colombo,1461137737-RO-RFN,Deluxe Triple Room,35761,Room Only,true,32,5,false,,21052,9329,1,0,0,2026-08-20T03:58:01.213Z
353cfd41-1c6c-434b-9aa7-81b359499397,t8,t8,Value-seeking couple,lp6557c6e0,Granbell Hotel Colombo,4368098-RO-NRF,Superior Double City View,28807,Room Only,false,27,3,false,,17644,8648,1,0,0,2026-08-20T03:58:06.797Z
95accc1c-0141-4565-a874-315074f8e620,t8,t8,Value-seeking couple,lp656d40c7,Sheraton Colombo Hotel,5289360-RO-RFN,Deluxe Twin Room with City View with 15% spa discount per room + 15% F&B discount per room + Early check in an,56627,Room Only,true,36,5,false,,14572,6859,1,0,0,2026-08-20T03:58:08.036Z
80504f40-98e7-4ef1-9e73-982d2670b1d3,t8,t8,Value-seeking couple,lp656d40c7,Sheraton Colombo Hotel,5289365-RO-RFN,Deluxe King Room with City View with 15% spa discount per room + 15% F&B discount per room + Early check in an,56627,Room Only,true,36,5,false,,20364,9389,1,0,0,2026-08-20T03:58:10.675Z
f466cf32-f0d2-41f0-88b6-8bb3f7ee8857,t8,t8,Value-seeking couple,lp656d40c7,Sheraton Colombo Hotel,5289360-RO-RFN,Deluxe Twin Room with City View with 15% spa discount per room + 15% F&B discount per room + Early check in an,56627,Room Only,true,36,5,false,,15227,6413,1,0,0,2026-08-20T03:58:17.292Z
353cfd41-1c6c-434b-9aa7-81b359499397,t9,t9,Remote worker,lp67708,Supun Arcade Residency,481434-BI-RFN,One-Bedroom Apartment with 15% Discount on Food & Beverage,24663,Breakfast Included,true,121,5,false,,16109,6017,1,0,0,2026-08-20T03:58:23.238Z
95accc1c-0141-4565-a874-315074f8e620,t9,t9,Remote worker,lp7c172,Mirage Colombo,487132-BI-RFN,Standard Double Room,24581,Breakfast Included,true,27,5,false,,16979,7968,1,0,0,2026-08-20T03:58:25.441Z
80504f40-98e7-4ef1-9e73-982d2670b1d3,t9,t9,Remote worker,lp7c172,Mirage Colombo,487132-RO-RFN,Standard Double Room,20482,Room Only,true,27,5,false,,16977,6276,1,0,0,2026-08-20T03:58:28.302Z
f466cf32-f0d2-41f0-88b6-8bb3f7ee8857,t9,t9,Remote worker,lp67708,Supun Arcade Residency,481434-BI-RFN,One-Bedroom Apartment with 15% Discount on Food & Beverage,24663,Breakfast Included,true,121,5,false,,16185,7704,1,0,0,2026-08-20T03:58:33.855Z
353cfd41-1c6c-434b-9aa7-81b359499397,t10,t10,Business traveller,lp72a36,Best Western Elyon Colombo,513432-RO-RFN,Deluxe King Room,19568,Room Only,true,24,3,false,,16167,5751,1,0,0,2026-08-20T03:58:39.770Z
95accc1c-0141-4565-a874-315074f8e620,t10,t10,Business traveller,lp857b8,Zylan Colombo,1461137737-RO-RFN,Deluxe Triple Room,35761,Room Only,true,32,5,false,,16433,6537,1,0,0,2026-08-20T03:58:42.222Z
80504f40-98e7-4ef1-9e73-982d2670b1d3,t10,t10,Business traveller,lp857b8,Zylan Colombo,481438-RO-RFN,Executive Room with Jacuzzi - 10% off on Food & Beverage,34557,Room Only,true,60,5,false,,17667,8243,1,0,0,2026-08-20T03:58:46.515Z
f466cf32-f0d2-41f0-88b6-8bb3f7ee8857,t10,t10,Business traveller,lp857b8,Zylan Colombo,1461137737-RO-RFN,Deluxe Triple Room,35761,Room Only,true,32,5,false,,18204,8367,1,0,0,2026-08-20T03:58:52.386Z
353cfd41-1c6c-434b-9aa7-81b359499397,t_attn,t_attn,Attention check,lpb1537,Shangri-La Colombo,2416733-RO-NRF,Deluxe Lake View King,68781,Room Only,false,42,5,true,true,16559,6438,1,0,0,2026-08-20T03:58:56.701Z
95accc1c-0141-4565-a874-315074f8e620,t_attn,t_attn,Attention check,lpb1537,Shangri-La Colombo,2416733-RO-RFN,Deluxe Lake View King,73076,Room Only,true,42,5,true,true,16391,6310,1,0,0,2026-08-20T03:58:58.996Z
80504f40-98e7-4ef1-9e73-982d2670b1d3,t_attn,t_attn,Attention check,lpb1537,Shangri-La Colombo,2416733-RO-NRF,Deluxe Lake View King,68781,Room Only,false,42,5,true,true,20873,10264,1,0,0,2026-08-20T03:59:07.758Z
f466cf32-f0d2-41f0-88b6-8bb3f7ee8857,t_attn,t_attn,Attention check,lpb1537,Shangri-La Colombo,2416733-RO-NRF,Deluxe Lake View King,68781,Room Only,false,42,5,true,true,16636,7817,1,0,0,2026-08-20T03:59:09.554Z
501c7720-f07a-45ad-8d0c-f044be8b82ac,t1,t1,Evening walker,lp71118,CityRest Fort,1459617182-RO-RFN,Standard Double Room,11502,Room Only,true,,2,false,,20226,10241,1,0,0,2026-08-20T03:59:41.836Z
24bb06df-c31e-4fd9-912a-c942336b2150,t1,t1,Evening walker,lp65589ffb,MaRadha Colombo,8208286-BI-RFN,Standard Double Room,42521,Breakfast Included,true,27,2,false,,17574,7006,1,0,0,2026-08-20T03:59:42.595Z
02e5766f-013e-4dbe-b724-a744c4a00b52,t1,t1,Evening walker,lpb1537,Shangri-La Colombo,2416733-RO-NRF,Deluxe Lake View King,68781,Room Only,false,42,5,false,,20921,10025,1,0,0,2026-08-20T03:59:45.749Z
6f76e497-5c72-4cf5-a73d-5a0f568aaf0c,t1,t1,Evening walker,lpb1537,Shangri-La Colombo,2416733-RO-NRF,Deluxe Lake View King,68781,Room Only,false,42,5,false,,21867,11012,1,0,0,2026-08-20T03:59:48.728Z
24bb06df-c31e-4fd9-912a-c942336b2150,t2,t2,Business traveller,lpc0df6,Fern Colombo,4237595-RO-RFN,King Room,16245,Room Only,true,25,2,false,,17642,9633,1,0,0,2026-08-20T04:00:00.650Z
501c7720-f07a-45ad-8d0c-f044be8b82ac,t2,t2,Business traveller,lpc0df6,Fern Colombo,4237595-RO-RFN,King Room,16245,Room Only,true,25,2,false,,18465,8170,1,0,0,2026-08-20T04:00:00.888Z
02e5766f-013e-4dbe-b724-a744c4a00b52,t2,t2,Business traveller,lp656d40c7,Sheraton Colombo Hotel,1460149481-RO-RFN,Deluxe Twin Room with Ocean View with 15% spa discount per room + 15% F&B discount per room + Early check in a,63767,Room Only,true,36,5,false,,19100,9085,1,0,0,2026-08-20T04:00:05.205Z
6f76e497-5c72-4cf5-a73d-5a0f568aaf0c,t2,t2,Business traveller,lp5f0e5,Paradise Road Tintagel Colombo,476937-BI-RFN,Executive Suite,105766,Breakfast Included,true,32,2,false,,19347,10309,1,0,0,2026-08-20T04:00:08.425Z
24bb06df-c31e-4fd9-912a-c942336b2150,t3,t3,Self-funded worker,lp656d40c7,Sheraton Colombo Hotel,1460149481-RO-RFN,Deluxe Twin Room with Ocean View with 15% spa discount per room + 15% F&B discount per room + Early check in a,63767,Room Only,true,36,5,false,,15165,5776,1,0,0,2026-08-20T04:00:16.169Z
501c7720-f07a-45ad-8d0c-f044be8b82ac,t3,t3,Self-funded worker,lp6f007,Clock Inn Colombo,1321691605-BI-RFN,Standard Double Room,13715,Breakfast Included,true,25,2,false,,16302,5753,1,0,0,2026-08-20T04:00:17.744Z
02e5766f-013e-4dbe-b724-a744c4a00b52,t3,t3,Self-funded worker,lp65589ffb,MaRadha Colombo,8208286-BI-RFN,Standard Double Room,42521,Breakfast Included,true,27,2,false,,17563,6276,1,0,0,2026-08-20T04:00:23.138Z
6f76e497-5c72-4cf5-a73d-5a0f568aaf0c,t3,t3,Self-funded worker,lp81760,The Steuart by Citrus,1459938501-RO-NRF,"Premium Room, City View - Early check-in or late check-out subject to availability",22604,Room Only,false,123,5,false,,18931,10327,1,0,0,2026-08-20T04:00:27.973Z
24bb06df-c31e-4fd9-912a-c942336b2150,t4,t4,Family on holiday,lp76eba,Radisson Hotel Colombo,7559276-BI-RFN,Superior Room,36248,Breakfast Included,true,24,5,false,,15217,6072,1,0,0,2026-08-20T04:00:31.938Z
501c7720-f07a-45ad-8d0c-f044be8b82ac,t4,t4,Family on holiday,lp65589ffb,MaRadha Colombo,8208286-RO-RFN,Standard Double Room,35408,Room Only,true,27,2,false,,19614,9786,1,0,0,2026-08-20T04:00:37.795Z
02e5766f-013e-4dbe-b724-a744c4a00b52,t4,t4,Family on holiday,lp65589ffb,MaRadha Colombo,8208286-BI-RFN,Standard Double Room,42521,Breakfast Included,true,27,2,false,,18145,7826,1,0,0,2026-08-20T04:00:41.789Z
6f76e497-5c72-4cf5-a73d-5a0f568aaf0c,t4,t4,Family on holiday,lp65589ffb,MaRadha Colombo,8208286-BI-RFN,Standard Double Room,42521,Breakfast Included,true,27,2,false,,16920,6589,1,0,0,2026-08-20T04:00:45.281Z
24bb06df-c31e-4fd9-912a-c942336b2150,t5,t5,Light sleeper,lpb1537,Shangri-La Colombo,2416733-RO-RFN,Deluxe Lake View King,73076,Room Only,true,42,5,false,,17348,5803,1,0,0,2026-08-20T04:00:49.714Z
501c7720-f07a-45ad-8d0c-f044be8b82ac,t5,t5,Light sleeper,lp72a36,Best Western Elyon Colombo,1459894716-RO-RFN,"Deluxe Room, 2 Twin Beds, Non Smoking",19568,Room Only,true,,3,false,,19828,10287,1,0,0,2026-08-20T04:00:57.995Z
02e5766f-013e-4dbe-b724-a744c4a00b52,t5,t5,Light sleeper,lp65589ffb,MaRadha Colombo,8208286-BI-RFN,Standard Double Room,42521,Breakfast Included,true,27,2,false,,16478,6483,1,0,0,2026-08-20T04:00:58.611Z
6f76e497-5c72-4cf5-a73d-5a0f568aaf0c,t5,t5,Light sleeper,lp72a36,Best Western Elyon Colombo,513432-RO-RFN,Deluxe King Room,19568,Room Only,true,24,3,false,,20216,9869,1,0,0,2026-08-20T04:01:05.962Z
24bb06df-c31e-4fd9-912a-c942336b2150,t6,t6,Beach weekender,lp656d40c7,Sheraton Colombo Hotel,5289365-RO-RFN,Deluxe King Room with City View with 15% spa discount per room + 15% F&B discount per room + Early check in an,56627,Room Only,true,36,5,false,,19390,9251,1,0,0,2026-08-20T04:01:09.675Z
501c7720-f07a-45ad-8d0c-f044be8b82ac,t6,t6,Beach weekender,lp7c172,Mirage Colombo,487132-BI-RFN,Standard Double Room,24581,Breakfast Included,true,27,5,false,,15666,6223,1,0,0,2026-08-20T04:01:13.993Z
02e5766f-013e-4dbe-b724-a744c4a00b52,t6,t6,Beach weekender,lp65589ffb,MaRadha Colombo,8208286-RO-RFN,Standard Double Room,35408,Room Only,true,27,2,false,,18773,9362,1,0,0,2026-08-20T04:01:17.737Z
6f76e497-5c72-4cf5-a73d-5a0f568aaf0c,t6,t6,Beach weekender,lp7c172,Mirage Colombo,487132-BI-RFN,Standard Double Room,24581,Breakfast Included,true,27,5,false,,20247,10427,1,0,0,2026-08-20T04:01:26.879Z
24bb06df-c31e-4fd9-912a-c942336b2150,t7,t7,Long-stay consultant,lp5f0e5,Paradise Road Tintagel Colombo,476937-RO-RFN,Executive Suite,96633,Room Only,true,32,2,false,,18612,9369,1,0,0,2026-08-20T04:01:28.793Z
501c7720-f07a-45ad-8d0c-f044be8b82ac,t7,t7,Long-stay consultant,lp5f0e5,Paradise Road Tintagel Colombo,476937-RO-RFN,Executive Suite,96633,Room Only,true,32,2,false,,16458,6114,1,0,0,2026-08-20T04:01:30.834Z
02e5766f-013e-4dbe-b724-a744c4a00b52,t7,t7,Long-stay consultant,lpb1537,Shangri-La Colombo,2416743-RO-NRF,Deluxe Lake View Twin,68781,Room Only,false,42,5,false,,18009,7667,1,0,0,2026-08-20T04:01:36.167Z
6f76e497-5c72-4cf5-a73d-5a0f568aaf0c,t7,t7,Long-stay consultant,lpc0df6,Fern Colombo,4237597-RO-RFN,Deluxe Twin Room,16245,Room Only,true,25,2,false,,15773,5677,1,0,0,2026-08-20T04:01:43.226Z
24bb06df-c31e-4fd9-912a-c942336b2150,t8,t8,Value-seeking couple,lp6557c6e0,Granbell Hotel Colombo,4368098-RO-NRF,Superior Double City View,28807,Room Only,false,27,3,false,,17150,7139,1,0,0,2026-08-20T04:01:46.655Z
501c7720-f07a-45ad-8d0c-f044be8b82ac,t8,t8,Value-seeking couple,lp6574b103,"Amari Colombo, Sri Lanka",844832-RO-RFN,Superior City View King,46259,Room Only,true,29,5,false,,17415,8062,1,0,0,2026-08-20T04:01:48.661Z
02e5766f-013e-4dbe-b724-a744c4a00b52,t8,t8,Value-seeking couple,lp656d40c7,Sheraton Colombo Hotel,5289360-RO-RFN,Deluxe Twin Room with City View with 15% spa discount per room + 15% F&B discount per room + Early check in an,56627,Room Only,true,36,5,false,,17979,8466,1,0,0,2026-08-20T04:01:54.512Z
6f76e497-5c72-4cf5-a73d-5a0f568aaf0c,t8,t8,Value-seeking couple,lp656d40c7,Sheraton Colombo Hotel,5289360-RO-RFN,Deluxe Twin Room with City View with 15% spa discount per room + 15% F&B discount per room + Early check in an,56627,Room Only,true,36,5,false,,21572,9890,1,0,0,2026-08-20T04:02:05.334Z
24bb06df-c31e-4fd9-912a-c942336b2150,t9,t9,Remote worker,lp40d3f,Global Towers Hotel & Apartments,476927-RO-RFN,Double or Twin Room,16041,Room Only,true,27,3,false,,18888,8411,1,0,0,2026-08-20T04:02:05.933Z
501c7720-f07a-45ad-8d0c-f044be8b82ac,t9,t9,Remote worker,lp7c172,Mirage Colombo,487132-BI-RFN,Standard Double Room,24581,Breakfast Included,true,27,5,false,,17242,7822,1,0,0,2026-08-20T04:02:06.398Z
02e5766f-013e-4dbe-b724-a744c4a00b52,t9,t9,Remote worker,lp656d40c7,Sheraton Colombo Hotel,1460149481-RO-RFN,Deluxe Twin Room with Ocean View with 15% spa discount per room + 15% F&B discount per room + Early check in a,63767,Room Only,true,36,5,false,,19971,10085,1,0,0,2026-08-20T04:02:14.907Z
6f76e497-5c72-4cf5-a73d-5a0f568aaf0c,t9,t9,Remote worker,lp40d3f,Global Towers Hotel & Apartments,476929-RO-RFN,Two-Bedroom Apartment with Sea View/City view,41030,Room Only,true,124,3,false,,15230,5810,1,0,0,2026-08-20T04:02:21.085Z
24bb06df-c31e-4fd9-912a-c942336b2150,t10,t10,Business traveller,lp65589ffb,MaRadha Colombo,8208286-BI-RFN,Standard Double Room,42521,Breakfast Included,true,27,2,false,,17609,6548,1,0,0,2026-08-20T04:02:24.480Z
501c7720-f07a-45ad-8d0c-f044be8b82ac,t10,t10,Business traveller,lpc0df6,Fern Colombo,4237595-RO-RFN,King Room,16245,Room Only,true,25,2,false,,18388,8880,1,0,0,2026-08-20T04:02:25.389Z
02e5766f-013e-4dbe-b724-a744c4a00b52,t10,t10,Business traveller,lpb1537,Shangri-La Colombo,2416743-RO-NRF,Deluxe Lake View Twin,68781,Room Only,false,42,5,false,,17219,6886,1,0,0,2026-08-20T04:02:32.544Z
6f76e497-5c72-4cf5-a73d-5a0f568aaf0c,t10,t10,Business traveller,lp857b8,Zylan Colombo,1461137737-RO-RFN,Deluxe Triple Room,35761,Room Only,true,32,5,false,,18278,7294,1,0,0,2026-08-20T04:02:40.055Z
24bb06df-c31e-4fd9-912a-c942336b2150,t_attn,t_attn,Attention check,lpb1537,Shangri-La Colombo,2416743-RO-NRF,Deluxe Lake View Twin,68781,Room Only,false,42,5,true,true,19143,9660,1,0,0,2026-08-20T04:02:44.417Z
501c7720-f07a-45ad-8d0c-f044be8b82ac,t_attn,t_attn,Attention check,lpb1537,Shangri-La Colombo,2416733-RO-NRF,Deluxe Lake View King,68781,Room Only,false,42,5,true,true,19548,10020,1,0,0,2026-08-20T04:02:45.652Z
02e5766f-013e-4dbe-b724-a744c4a00b52,t_attn,t_attn,Attention check,lpb1537,Shangri-La Colombo,2416733-RO-RFN,Deluxe Lake View King,73076,Room Only,true,42,5,true,true,21320,9814,1,0,0,2026-08-20T04:02:54.250Z
6f76e497-5c72-4cf5-a73d-5a0f568aaf0c,t_attn,t_attn,Attention check,lpb1537,Shangri-La Colombo,2416733-RO-NRF,Deluxe Lake View King,68781,Room Only,false,42,5,true,true,18931,7606,1,0,0,2026-08-20T04:02:59.507Z
c477e956-8948-41de-874d-ad6cd53eab10,t1,t1,Evening walker,lpb1537,Shangri-La Colombo,2416743-RO-NRF,Deluxe Lake View Twin,68781,Room Only,false,42,5,false,,16792,6952,1,0,0,2026-08-20T04:03:34.863Z
3caccafb-ce03-4bd3-933b-bc1806433496,t1,t1,Evening walker,lpb1537,Shangri-La Colombo,2416733-RO-NRF,Deluxe Lake View King,68781,Room Only,false,42,5,false,,18524,7871,1,0,0,2026-08-20T04:03:35.407Z
ebcbf6c7-a6fc-431d-9755-c7edff679999,t1,t1,Evening walker,lp656d40c7,Sheraton Colombo Hotel,1460149481-RO-RFN,Deluxe Twin Room with Ocean View with 15% spa discount per room + 15% F&B discount per room + Early check in a,63767,Room Only,true,36,5,false,,21684,10638,1,0,0,2026-08-20T04:03:37.546Z
cf879d94-8db3-483c-8d91-c3eaa913a82e,t1,t1,Evening walker,lp71118,CityRest Fort,1459617182-RO-RFN,Standard Double Room,11502,Room Only,true,,2,false,,18166,7428,1,0,0,2026-08-20T04:03:37.575Z
c477e956-8948-41de-874d-ad6cd53eab10,t2,t2,Business traveller,lpc0df6,Fern Colombo,4237595-RO-RFN,King Room,16245,Room Only,true,25,2,false,,17399,7324,1,0,0,2026-08-20T04:03:52.676Z
3caccafb-ce03-4bd3-933b-bc1806433496,t2,t2,Business traveller,lp857b8,Zylan Colombo,1461137737-RO-RFN,Deluxe Triple Room,35761,Room Only,true,32,5,false,,16828,6220,1,0,0,2026-08-20T04:03:52.976Z
ebcbf6c7-a6fc-431d-9755-c7edff679999,t2,t2,Business traveller,lp656d40c7,Sheraton Colombo Hotel,1460149481-RO-RFN,Deluxe Twin Room with Ocean View with 15% spa discount per room + 15% F&B discount per room + Early check in a,63767,Room Only,true,36,5,false,,16133,6616,1,0,0,2026-08-20T04:03:54.144Z
cf879d94-8db3-483c-8d91-c3eaa913a82e,t2,t2,Business traveller,lpc0df6,Fern Colombo,4237595-RO-RFN,King Room,16245,Room Only,true,25,2,false,,17424,7089,1,0,0,2026-08-20T04:03:55.441Z
ebcbf6c7-a6fc-431d-9755-c7edff679999,t3,t3,Self-funded worker,lp65589ffb,MaRadha Colombo,8208286-RO-RFN,Standard Double Room,35408,Room Only,true,27,2,false,,16816,6202,1,0,0,2026-08-20T04:04:11.461Z
3caccafb-ce03-4bd3-933b-bc1806433496,t3,t3,Self-funded worker,lp9855f,Fairway Colombo - Sri Lanka's First Hotel With Robot Technology,1459963988-RO-RFN,Superior Twin Room,28429,Room Only,true,22,5,false,,19836,9682,1,0,0,2026-08-20T04:04:13.220Z
c477e956-8948-41de-874d-ad6cd53eab10,t3,t3,Self-funded worker,lp656d40c7,Sheraton Colombo Hotel,5289360-RO-RFN,Deluxe Twin Room with City View with 15% spa discount per room + 15% F&B discount per room + Early check in an,56627,Room Only,true,36,5,false,,20670,10595,1,0,0,2026-08-20T04:04:13.975Z
cf879d94-8db3-483c-8d91-c3eaa913a82e,t3,t3,Self-funded worker,lp71118,CityRest Fort,1459617182-RO-RFN,Standard Double Room,11502,Room Only,true,,2,false,,20166,9520,1,0,0,2026-08-20T04:04:16.059Z
ebcbf6c7-a6fc-431d-9755-c7edff679999,t4,t4,Family on holiday,lp76eba,Radisson Hotel Colombo,7559276-RO-RFN,Superior Room,27402,Room Only,true,24,5,false,,13965,6086,1,0,0,2026-08-20T04:04:26.368Z
3caccafb-ce03-4bd3-933b-bc1806433496,t4,t4,Family on holiday,lp65589ffb,MaRadha Colombo,8208286-BI-RFN,Standard Double Room,42521,Breakfast Included,true,27,2,false,,18309,7685,1,0,0,2026-08-20T04:04:32.112Z
c477e956-8948-41de-874d-ad6cd53eab10,t4,t4,Family on holiday,lp65589ffb,MaRadha Colombo,8208286-BI-RFN,Standard Double Room,42521,Breakfast Included,true,27,2,false,,21366,10222,1,0,0,2026-08-20T04:04:35.786Z
cf879d94-8db3-483c-8d91-c3eaa913a82e,t4,t4,Family on holiday,lp76eba,Radisson Hotel Colombo,7559276-RO-RFN,Superior Room,27402,Room Only,true,24,5,false,,20121,9743,1,0,0,2026-08-20T04:04:36.529Z
ebcbf6c7-a6fc-431d-9755-c7edff679999,t5,t5,Light sleeper,lp65589ffb,MaRadha Colombo,8208286-BI-RFN,Standard Double Room,42521,Breakfast Included,true,27,2,false,,16499,5952,1,0,0,2026-08-20T04:04:43.258Z
3caccafb-ce03-4bd3-933b-bc1806433496,t5,t5,Light sleeper,lp72a36,Best Western Elyon Colombo,1459894716-RO-RFN,"Deluxe Room, 2 Twin Beds, Non Smoking",19568,Room Only,true,,3,false,,17958,7235,1,0,0,2026-08-20T04:04:50.809Z
cf879d94-8db3-483c-8d91-c3eaa913a82e,t5,t5,Light sleeper,lp67708,Supun Arcade Residency,481434-BI-RFN,One-Bedroom Apartment with 15% Discount on Food & Beverage,24663,Breakfast Included,true,121,5,false,,15063,6704,1,0,0,2026-08-20T04:04:51.966Z
c477e956-8948-41de-874d-ad6cd53eab10,t5,t5,Light sleeper,lp65589ffb,MaRadha Colombo,8208286-RO-RFN,Standard Double Room,35408,Room Only,true,27,2,false,,18068,6938,1,0,0,2026-08-20T04:04:54.463Z
ebcbf6c7-a6fc-431d-9755-c7edff679999,t6,t6,Beach weekender,lp656d40c7,Sheraton Colombo Hotel,5289360-RO-RFN,Deluxe Twin Room with City View with 15% spa discount per room + 15% F&B discount per room + Early check in an,56627,Room Only,true,36,5,false,,18513,9027,1,0,0,2026-08-20T04:05:05.796Z
3caccafb-ce03-4bd3-933b-bc1806433496,t6,t6,Beach weekender,lp7c172,Mirage Colombo,487132-BI-RFN,Standard Double Room,24581,Breakfast Included,true,27,5,false,,18514,9161,1,0,0,2026-08-20T04:05:09.997Z
c477e956-8948-41de-874d-ad6cd53eab10,t6,t6,Beach weekender,lp40d3f,Global Towers Hotel & Apartments,476929-RO-RFN,Two-Bedroom Apartment with Sea View/City view,41030,Room Only,true,124,3,false,,15623,5826,1,0,0,2026-08-20T04:05:10.621Z
cf879d94-8db3-483c-8d91-c3eaa913a82e,t6,t6,Beach weekender,lp7c172,Mirage Colombo,487132-BI-RFN,Standard Double Room,24581,Breakfast Included,true,27,5,false,,20100,9657,1,0,0,2026-08-20T04:05:12.537Z
ebcbf6c7-a6fc-431d-9755-c7edff679999,t7,t7,Long-stay consultant,lpb1537,Shangri-La Colombo,2416743-RO-NRF,Deluxe Lake View Twin,68781,Room Only,false,42,5,false,,15291,5332,1,0,0,2026-08-20T04:05:21.662Z
c477e956-8948-41de-874d-ad6cd53eab10,t7,t7,Long-stay consultant,lp857b8,Zylan Colombo,1461137737-RO-RFN,Deluxe Triple Room,35761,Room Only,true,32,5,false,,17569,7301,1,0,0,2026-08-20T04:05:28.598Z
3caccafb-ce03-4bd3-933b-bc1806433496,t7,t7,Long-stay consultant,lpc0df6,Fern Colombo,4237597-RO-RFN,Deluxe Twin Room,16245,Room Only,true,25,2,false,,19610,9128,1,0,0,2026-08-20T04:05:30.019Z
cf879d94-8db3-483c-8d91-c3eaa913a82e,t7,t7,Long-stay consultant,lp857b8,Zylan Colombo,1461137737-RO-RFN,Deluxe Triple Room,35761,Room Only,true,32,5,false,,17621,6962,1,0,0,2026-08-20T04:05:30.549Z
ebcbf6c7-a6fc-431d-9755-c7edff679999,t8,t8,Value-seeking couple,lp65589ffb,MaRadha Colombo,8208286-RO-RFN,Standard Double Room,35408,Room Only,true,27,2,false,,17036,7744,1,0,0,2026-08-20T04:05:39.096Z
cf879d94-8db3-483c-8d91-c3eaa913a82e,t8,t8,Value-seeking couple,lp6557c6e0,Granbell Hotel Colombo,1459818931-RO-NRF,Superior Twin Room with City View,29667,Room Only,false,0,3,false,,19964,10315,1,0,0,2026-08-20T04:06:08.193Z
ebcbf6c7-a6fc-431d-9755-c7edff679999,t9,t9,Remote worker,lp656d40c7,Sheraton Colombo Hotel,5289365-RO-RFN,Deluxe King Room with City View with 15% spa discount per room + 15% F&B discount per room + Early check in an,56627,Room Only,true,36,5,false,,17393,9000,1,0,0,2026-08-20T04:06:10.254Z
3caccafb-ce03-4bd3-933b-bc1806433496,t9,t9,Remote worker,lp7c172,Mirage Colombo,487132-BI-RFN,Standard Double Room,24581,Breakfast Included,true,27,5,false,,25800,14982,1,0,0,2026-08-20T04:06:37.440Z
c477e956-8948-41de-874d-ad6cd53eab10,t9,t9,Remote worker,lpb1537,Shangri-La Colombo,2416743-RO-NRF,Deluxe Lake View Twin,68781,Room Only,false,42,5,false,,26207,15785,1,0,0,2026-08-20T04:06:37.612Z
3caccafb-ce03-4bd3-933b-bc1806433496,t10,t10,Business traveller,lpc0df6,Fern Colombo,4237597-RO-RFN,Deluxe Twin Room,16245,Room Only,true,25,2,false,,16446,6222,1,0,0,2026-08-20T04:06:54.222Z
c477e956-8948-41de-874d-ad6cd53eab10,t10,t10,Business traveller,lpc0df6,Fern Colombo,4237597-RO-RFN,Deluxe Twin Room,16245,Room Only,true,25,2,false,,19366,8120,1,0,0,2026-08-20T04:06:57.372Z
cf879d94-8db3-483c-8d91-c3eaa913a82e,t9,t9,Remote worker,lp76eba,Radisson Hotel Colombo,7559276-BI-RFN,Superior Room,36248,Breakfast Included,true,24,5,false,,50716,32,1,0,0,2026-08-20T04:06:59.595Z
ebcbf6c7-a6fc-431d-9755-c7edff679999,t10,t10,Business traveller,lp65589ffb,MaRadha Colombo,8208286-BI-RFN,Standard Double Room,42521,Breakfast Included,true,27,2,false,,55198,43815,1,0,0,2026-08-20T04:07:06.384Z
cf879d94-8db3-483c-8d91-c3eaa913a82e,t10,t10,Business traveller,lpc0df6,Fern Colombo,4237595-RO-RFN,King Room,16245,Room Only,true,25,2,false,,17846,8636,1,0,0,2026-08-20T04:07:17.779Z
cc337a27-36e5-4f4b-bc33-87be913fbf2b,t1,t1,Evening walker,lp3e58e,The Kingsbury Colombo,479092-BI-RFN,Superior Room,37797,Breakfast Included,true,23,2,false,,16150,7482,1,0,0,2026-08-20T04:08:18.115Z
2067b0b8-284a-4c8f-8b7c-c61c713d07c1,t1,t1,Evening walker,lpb1537,Shangri-La Colombo,2416733-RO-NRF,Deluxe Lake View King,68781,Room Only,false,42,5,false,,19068,8516,1,0,0,2026-08-20T04:08:19.228Z
9a13d325-790d-4b90-b429-8e4dde86bea3,t1,t1,Evening walker,lpb1537,Shangri-La Colombo,2416733-RO-RFN,Deluxe Lake View King,73076,Room Only,true,42,5,false,,16643,7783,1,0,0,2026-08-20T04:08:20.853Z
836f92e9-9087-4295-8f6a-b23f36fec6fc,t1,t1,Evening walker,lpb1537,Shangri-La Colombo,2416743-RO-NRF,Deluxe Lake View Twin,68781,Room Only,false,42,5,false,,20865,10033,1,0,0,2026-08-20T04:08:22.472Z
9a13d325-790d-4b90-b429-8e4dde86bea3,t2,t2,Business traveller,lp857b8,Zylan Colombo,1461137737-RO-RFN,Deluxe Triple Room,35761,Room Only,true,32,5,false,,13624,5912,1,0,0,2026-08-20T04:08:34.922Z
cc337a27-36e5-4f4b-bc33-87be913fbf2b,t2,t2,Business traveller,lp857b8,Zylan Colombo,1461137737-RO-RFN,Deluxe Triple Room,35761,Room Only,true,32,5,false,,17537,7858,1,0,0,2026-08-20T04:08:36.121Z
2067b0b8-284a-4c8f-8b7c-c61c713d07c1,t2,t2,Business traveller,lp72a36,Best Western Elyon Colombo,1459894716-RO-RFN,"Deluxe Room, 2 Twin Beds, Non Smoking",19568,Room Only,true,,3,false,,18289,8635,1,0,0,2026-08-20T04:08:38.028Z
836f92e9-9087-4295-8f6a-b23f36fec6fc,t2,t2,Business traveller,lp857b8,Zylan Colombo,1461137737-RO-RFN,Deluxe Triple Room,35761,Room Only,true,32,5,false,,16243,6916,1,0,0,2026-08-20T04:08:39.252Z
9a13d325-790d-4b90-b429-8e4dde86bea3,t3,t3,Self-funded worker,lp656d40c7,Sheraton Colombo Hotel,5289365-RO-RFN,Deluxe King Room with City View with 15% spa discount per room + 15% F&B discount per room + Early check in an,56627,Room Only,true,36,5,false,,18298,7286,1,0,0,2026-08-20T04:08:53.898Z
2067b0b8-284a-4c8f-8b7c-c61c713d07c1,t3,t3,Self-funded worker,lp655a9e91,Zest Metropole,4358364-RO-RFN,Deluxe Double Room,21223,Room Only,true,20,5,false,,16538,7408,1,0,0,2026-08-20T04:08:55.896Z
cc337a27-36e5-4f4b-bc33-87be913fbf2b,t3,t3,Self-funded worker,lp81760,The Steuart by Citrus,1459938501-BI-NRF,"Premium Room, City View - Early check-in or late check-out subject to availability",25519,Breakfast Included,false,123,5,false,,18580,9011,1,0,0,2026-08-20T04:08:56.111Z
836f92e9-9087-4295-8f6a-b23f36fec6fc,t3,t3,Self-funded worker,lp3e58e,The Kingsbury Colombo,479092-RO-RFN,Superior Room,37025,Room Only,true,23,2,false,,19148,8771,1,0,0,2026-08-20T04:08:58.837Z
9a13d325-790d-4b90-b429-8e4dde86bea3,t4,t4,Family on holiday,lp656d40c7,Sheraton Colombo Hotel,1460149481-RO-RFN,Deluxe Twin Room with Ocean View with 15% spa discount per room + 15% F&B discount per room + Early check in a,63767,Room Only,true,36,5,false,,15436,6815,1,0,0,2026-08-20T04:09:10.361Z
cc337a27-36e5-4f4b-bc33-87be913fbf2b,t4,t4,Family on holiday,lp65589ffb,MaRadha Colombo,8208286-BI-RFN,Standard Double Room,42521,Breakfast Included,true,27,2,false,,18430,8576,1,0,0,2026-08-20T04:09:15.533Z
2067b0b8-284a-4c8f-8b7c-c61c713d07c1,t4,t4,Family on holiday,lp65589ffb,MaRadha Colombo,8208286-RO-RFN,Standard Double Room,35408,Room Only,true,27,2,false,,19276,8760,1,0,0,2026-08-20T04:09:16.094Z
836f92e9-9087-4295-8f6a-b23f36fec6fc,t4,t4,Family on holiday,lp76eba,Radisson Hotel Colombo,7559276-RO-RFN,Superior Room,27402,Room Only,true,24,5,false,,18704,8585,1,0,0,2026-08-20T04:09:18.398Z
9a13d325-790d-4b90-b429-8e4dde86bea3,t5,t5,Light sleeper,lpb1537,Shangri-La Colombo,2416743-RO-NRF,Deluxe Lake View Twin,68781,Room Only,false,42,5,false,,15680,5885,1,0,0,2026-08-20T04:09:26.385Z
836f92e9-9087-4295-8f6a-b23f36fec6fc,t5,t5,Light sleeper,lp72a36,Best Western Elyon Colombo,1459894716-RO-RFN,"Deluxe Room, 2 Twin Beds, Non Smoking",19568,Room Only,true,,3,false,,16103,7893,1,0,0,2026-08-20T04:09:34.859Z
cc337a27-36e5-4f4b-bc33-87be913fbf2b,t5,t5,Light sleeper,lp6e625,Hotel Janaki,479119-BI-RFN,Deluxe Double Room,15319,Breakfast Included,true,14,2,false,,19701,10517,1,0,0,2026-08-20T04:09:35.604Z
2067b0b8-284a-4c8f-8b7c-c61c713d07c1,t5,t5,Light sleeper,lp72a36,Best Western Elyon Colombo,1459894716-RO-RFN,"Deluxe Room, 2 Twin Beds, Non Smoking",19568,Room Only,true,,3,false,,21440,10672,1,0,0,2026-08-20T04:09:37.919Z
9a13d325-790d-4b90-b429-8e4dde86bea3,t6,t6,Beach weekender,lp65589ffb,MaRadha Colombo,8208286-RO-RFN,Standard Double Room,35408,Room Only,true,27,2,false,,16895,7010,1,0,0,2026-08-20T04:09:43.681Z
836f92e9-9087-4295-8f6a-b23f36fec6fc,t6,t6,Beach weekender,lp7c172,Mirage Colombo,487132-BI-RFN,Standard Double Room,24581,Breakfast Included,true,27,5,false,,17139,8632,1,0,0,2026-08-20T04:09:52.322Z
cc337a27-36e5-4f4b-bc33-87be913fbf2b,t6,t6,Beach weekender,lp7c172,Mirage Colombo,487132-BI-RFN,Standard Double Room,24581,Breakfast Included,true,27,5,false,,17782,7405,1,0,0,2026-08-20T04:09:53.751Z
2067b0b8-284a-4c8f-8b7c-c61c713d07c1,t6,t6,Beach weekender,lp7c172,Mirage Colombo,487132-RO-RFN,Standard Double Room,20482,Room Only,true,27,5,false,,18116,6995,1,0,0,2026-08-20T04:09:56.653Z
9a13d325-790d-4b90-b429-8e4dde86bea3,t7,t7,Long-stay consultant,lp65589ffb,MaRadha Colombo,8208286-BI-RFN,Standard Double Room,42521,Breakfast Included,true,27,2,false,,15599,5864,1,0,0,2026-08-20T04:09:59.811Z
cc337a27-36e5-4f4b-bc33-87be913fbf2b,t7,t7,Long-stay consultant,lp857b8,Zylan Colombo,481438-RO-RFN,Executive Room with Jacuzzi - 10% off on Food & Beverage,34557,Room Only,true,60,5,false,,16791,5633,1,0,0,2026-08-20T04:10:11.068Z
836f92e9-9087-4295-8f6a-b23f36fec6fc,t7,t7,Long-stay consultant,lpc0df6,Fern Colombo,4237597-RO-RFN,Deluxe Twin Room,16245,Room Only,true,25,2,false,,19993,9754,1,0,0,2026-08-20T04:10:12.730Z
2067b0b8-284a-4c8f-8b7c-c61c713d07c1,t7,t7,Long-stay consultant,lp857b8,Zylan Colombo,481438-RO-RFN,Executive Room with Jacuzzi - 10% off on Food & Beverage,34557,Room Only,true,60,5,false,,18407,8084,1,0,0,2026-08-20T04:10:15.597Z
9a13d325-790d-4b90-b429-8e4dde86bea3,t8,t8,Value-seeking couple,lpb1537,Shangri-La Colombo,2416743-RO-NRF,Deluxe Lake View Twin,68781,Room Only,false,42,5,false,,18882,8615,1,0,0,2026-08-20T04:10:19.040Z
cc337a27-36e5-4f4b-bc33-87be913fbf2b,t8,t8,Value-seeking couple,lp6557c6e0,Granbell Hotel Colombo,1459818931-RO-NRF,Superior Twin Room with City View,29667,Room Only,false,0,3,false,,15934,5676,1,0,0,2026-08-20T04:10:28.788Z
2067b0b8-284a-4c8f-8b7c-c61c713d07c1,t8,t8,Value-seeking couple,lp6574b103,"Amari Colombo, Sri Lanka",844831-RO-RFN,Superior City View Twin,42203,Room Only,true,29,5,false,,16137,6684,1,0,0,2026-08-20T04:10:32.070Z
836f92e9-9087-4295-8f6a-b23f36fec6fc,t8,t8,Value-seeking couple,lp656d40c7,Sheraton Colombo Hotel,5289360-RO-RFN,Deluxe Twin Room with City View with 15% spa discount per room + 15% F&B discount per room + Early check in an,56627,Room Only,true,36,5,false,,20023,9808,1,0,0,2026-08-20T04:10:33.104Z
9a13d325-790d-4b90-b429-8e4dde86bea3,t9,t9,Remote worker,lp656d40c7,Sheraton Colombo Hotel,1460149481-RO-RFN,Deluxe Twin Room with Ocean View with 15% spa discount per room + 15% F&B discount per room + Early check in a,63767,Room Only,true,36,5,false,,19061,10366,1,0,0,2026-08-20T04:10:38.643Z
cc337a27-36e5-4f4b-bc33-87be913fbf2b,t9,t9,Remote worker,lp40d3f,Global Towers Hotel & Apartments,476929-RO-RFN,Two-Bedroom Apartment with Sea View/City view,41030,Room Only,true,124,3,false,,15238,5209,1,0,0,2026-08-20T04:10:44.514Z
2067b0b8-284a-4c8f-8b7c-c61c713d07c1,t9,t9,Remote worker,lp40d3f,Global Towers Hotel & Apartments,476927-RO-RFN,Double or Twin Room,16041,Room Only,true,27,3,false,,15626,7350,1,0,0,2026-08-20T04:10:48.038Z
836f92e9-9087-4295-8f6a-b23f36fec6fc,t9,t9,Remote worker,lp40d3f,Global Towers Hotel & Apartments,476927-RO-RFN,Double or Twin Room,16041,Room Only,true,27,3,false,,17680,7757,1,0,0,2026-08-20T04:10:51.319Z
9a13d325-790d-4b90-b429-8e4dde86bea3,t10,t10,Business traveller,lp65589ffb,MaRadha Colombo,8208286-BI-RFN,Standard Double Room,42521,Breakfast Included,true,27,2,false,,15836,6769,1,0,0,2026-08-20T04:10:54.815Z
cc337a27-36e5-4f4b-bc33-87be913fbf2b,t10,t10,Business traveller,lp857b8,Zylan Colombo,481438-RO-RFN,Executive Room with Jacuzzi - 10% off on Food & Beverage,34557,Room Only,true,60,5,false,,16774,6318,1,0,0,2026-08-20T04:11:01.969Z
2067b0b8-284a-4c8f-8b7c-c61c713d07c1,t10,t10,Business traveller,lpc0df6,Fern Colombo,4237597-RO-RFN,Deluxe Twin Room,16245,Room Only,true,25,2,false,,16895,8306,1,0,0,2026-08-20T04:11:05.394Z
836f92e9-9087-4295-8f6a-b23f36fec6fc,t10,t10,Business traveller,lp5f0e5,Paradise Road Tintagel Colombo,476937-RO-RFN,Executive Suite,96633,Room Only,true,32,2,false,,16898,6604,1,0,0,2026-08-20T04:11:08.987Z
9a13d325-790d-4b90-b429-8e4dde86bea3,t_attn,t_attn,Attention check,lpb1537,Shangri-La Colombo,2416733-RO-NRF,Deluxe Lake View King,68781,Room Only,false,42,5,true,true,17408,7444,1,0,0,2026-08-20T04:11:12.646Z
2067b0b8-284a-4c8f-8b7c-c61c713d07c1,t_attn,t_attn,Attention check,lpb1537,Shangri-La Colombo,2416743-RO-NRF,Deluxe Lake View Twin,68781,Room Only,false,42,5,true,true,15639,6705,1,0,0,2026-08-20T04:11:21.471Z
cc337a27-36e5-4f4b-bc33-87be913fbf2b,t_attn,t_attn,Attention check,lpb1537,Shangri-La Colombo,2416733-RO-NRF,Deluxe Lake View King,68781,Room Only,false,42,5,true,true,21072,10555,1,0,0,2026-08-20T04:11:23.431Z
836f92e9-9087-4295-8f6a-b23f36fec6fc,t_attn,t_attn,Attention check,lpb1537,Shangri-La Colombo,2416733-RO-NRF,Deluxe Lake View King,68781,Room Only,false,42,5,true,true,16414,5599,1,0,0,2026-08-20T04:11:25.779Z
34d66c5d-c5a5-4dde-9768-6f5bb80e81df,t1,t1,Evening walker,lpb1537,Shangri-La Colombo,2416733-RO-NRF,Deluxe Lake View King,68781,Room Only,false,42,5,false,,15666,6601,1,0,0,2026-08-20T04:11:56.869Z
3578dab8-c596-4aab-b939-b3df4e0a4789,t1,t1,Evening walker,lp6f007,Clock Inn Colombo,1321691605-BI-RFN,Standard Double Room,13715,Breakfast Included,true,25,2,false,,17333,7201,1,0,0,2026-08-20T04:11:58.357Z
f648768a-5728-4af1-a739-fa297699c877,t1,t1,Evening walker,lp71118,CityRest Fort,1459617182-RO-RFN,Standard Double Room,11502,Room Only,true,,2,false,,18916,9144,1,0,0,2026-08-20T04:11:58.714Z
e02eeeff-f810-4075-b472-df2373c42311,t1,t1,Evening walker,lpb1537,Shangri-La Colombo,2416733-RO-NRF,Deluxe Lake View King,68781,Room Only,false,42,5,false,,19156,9180,1,0,0,2026-08-20T04:11:59.643Z
f648768a-5728-4af1-a739-fa297699c877,t2,t2,Business traveller,lp857b8,Zylan Colombo,481438-RO-RFN,Executive Room with Jacuzzi - 10% off on Food & Beverage,34557,Room Only,true,60,5,false,,14997,5681,1,0,0,2026-08-20T04:12:14.142Z
e02eeeff-f810-4075-b472-df2373c42311,t2,t2,Business traveller,lp857b8,Zylan Colombo,1461137737-RO-RFN,Deluxe Triple Room,35761,Room Only,true,32,5,false,,16085,7309,1,0,0,2026-08-20T04:12:16.333Z
3578dab8-c596-4aab-b939-b3df4e0a4789,t2,t2,Business traveller,lp72a36,Best Western Elyon Colombo,513432-RO-RFN,Deluxe King Room,19568,Room Only,true,24,3,false,,19358,8592,1,0,0,2026-08-20T04:12:18.285Z
34d66c5d-c5a5-4dde-9768-6f5bb80e81df,t2,t2,Business traveller,lp72a36,Best Western Elyon Colombo,513432-RO-RFN,Deluxe King Room,19568,Room Only,true,24,3,false,,21473,9985,1,0,0,2026-08-20T04:12:19.022Z
e02eeeff-f810-4075-b472-df2373c42311,t3,t3,Self-funded worker,lp9855f,Fairway Colombo - Sri Lanka's First Hotel With Robot Technology,1459963988-RO-RFN,Superior Twin Room,28429,Room Only,true,22,5,false,,15513,7023,1,0,0,2026-08-20T04:12:32.294Z
f648768a-5728-4af1-a739-fa297699c877,t3,t3,Self-funded worker,lp71118,CityRest Fort,1459617182-RO-RFN,Standard Double Room,11502,Room Only,true,,2,false,,19364,10445,1,0,0,2026-08-20T04:12:33.989Z
3578dab8-c596-4aab-b939-b3df4e0a4789,t3,t3,Self-funded worker,lp71118,CityRest Fort,1459617182-RO-RFN,Standard Double Room,11502,Room Only,true,,2,false,,16742,6154,1,0,0,2026-08-20T04:12:35.691Z
34d66c5d-c5a5-4dde-9768-6f5bb80e81df,t3,t3,Self-funded worker,lp9855f,Fairway Colombo - Sri Lanka's First Hotel With Robot Technology,1459963988-RO-RFN,Superior Twin Room,28429,Room Only,true,22,5,false,,16863,7558,1,0,0,2026-08-20T04:12:36.367Z
f648768a-5728-4af1-a739-fa297699c877,t4,t4,Family on holiday,lp76eba,Radisson Hotel Colombo,7559276-BI-RFN,Superior Room,36248,Breakfast Included,true,24,5,false,,15849,5958,1,0,0,2026-08-20T04:12:50.172Z
e02eeeff-f810-4075-b472-df2373c42311,t4,t4,Family on holiday,lp76eba,Radisson Hotel Colombo,7559276-RO-RFN,Superior Room,27402,Room Only,true,24,5,false,,20104,9279,1,0,0,2026-08-20T04:12:52.764Z
3578dab8-c596-4aab-b939-b3df4e0a4789,t4,t4,Family on holiday,lp65589ffb,MaRadha Colombo,8208286-BI-RFN,Standard Double Room,42521,Breakfast Included,true,27,2,false,,17396,6873,1,0,0,2026-08-20T04:12:53.613Z
34d66c5d-c5a5-4dde-9768-6f5bb80e81df,t4,t4,Family on holiday,lp67286,Colombo Court Hotel & Spa,481449-RO-RFN,Suite,52144,Room Only,true,44,5,false,,19730,10045,1,0,0,2026-08-20T04:12:56.421Z
f648768a-5728-4af1-a739-fa297699c877,t5,t5,Light sleeper,lp656d40c7,Sheraton Colombo Hotel,5289365-RO-RFN,Deluxe King Room with City View with 15% spa discount per room + 15% F&B discount per room + Early check in an,56627,Room Only,true,36,5,false,,15806,6086,1,0,0,2026-08-20T04:13:06.348Z
3578dab8-c596-4aab-b939-b3df4e0a4789,t5,t5,Light sleeper,lp6e625,Hotel Janaki,479121-BI-RFN,Deluxe Room with Pool View,15319,Breakfast Included,true,14,2,false,,15263,5737,1,0,0,2026-08-20T04:13:09.288Z
e02eeeff-f810-4075-b472-df2373c42311,t5,t5,Light sleeper,lp6e625,Hotel Janaki,479119-BI-RFN,Deluxe Double Room,15319,Breakfast Included,true,14,2,false,,19084,8705,1,0,0,2026-08-20T04:13:12.162Z
34d66c5d-c5a5-4dde-9768-6f5bb80e81df,t5,t5,Light sleeper,lp67708,Supun Arcade Residency,481434-BI-RFN,One-Bedroom Apartment with 15% Discount on Food & Beverage,24663,Breakfast Included,true,121,5,false,,17800,7392,1,0,0,2026-08-20T04:13:14.555Z
f648768a-5728-4af1-a739-fa297699c877,t6,t6,Beach weekender,lp65589ffb,MaRadha Colombo,8208286-BI-RFN,Standard Double Room,42521,Breakfast Included,true,27,2,false,,18309,9399,1,0,0,2026-08-20T04:13:25.727Z
3578dab8-c596-4aab-b939-b3df4e0a4789,t6,t6,Beach weekender,lp67708,Supun Arcade Residency,481434-BI-RFN,One-Bedroom Apartment with 15% Discount on Food & Beverage,24663,Breakfast Included,true,121,5,false,,16207,6103,1,0,0,2026-08-20T04:13:25.987Z
e02eeeff-f810-4075-b472-df2373c42311,t6,t6,Beach weekender,lp7c172,Mirage Colombo,487132-RO-RFN,Standard Double Room,20482,Room Only,true,27,5,false,,16827,6213,1,0,0,2026-08-20T04:13:29.318Z
34d66c5d-c5a5-4dde-9768-6f5bb80e81df,t6,t6,Beach weekender,lp7c172,Mirage Colombo,487132-RO-RFN,Standard Double Room,20482,Room Only,true,27,5,false,,17151,7941,1,0,0,2026-08-20T04:13:32.040Z
f648768a-5728-4af1-a739-fa297699c877,t7,t7,Long-stay consultant,lp857b8,Zylan Colombo,481438-RO-RFN,Executive Room with Jacuzzi - 10% off on Food & Beverage,34557,Room Only,true,60,5,false,,18939,8970,1,0,0,2026-08-20T04:13:45.204Z
3578dab8-c596-4aab-b939-b3df4e0a4789,t7,t7,Long-stay consultant,lp857b8,Zylan Colombo,1461137737-RO-RFN,Deluxe Triple Room,35761,Room Only,true,32,5,false,,18698,7998,1,0,0,2026-08-20T04:13:45.298Z
e02eeeff-f810-4075-b472-df2373c42311,t7,t7,Long-stay consultant,lp857b8,Zylan Colombo,1461137737-RO-RFN,Deluxe Triple Room,35761,Room Only,true,32,5,false,,16772,6104,1,0,0,2026-08-20T04:13:46.474Z
34d66c5d-c5a5-4dde-9768-6f5bb80e81df,t7,t7,Long-stay consultant,lp857b8,Zylan Colombo,1461137737-RO-RFN,Deluxe Triple Room,35761,Room Only,true,32,5,false,,17621,8312,1,0,0,2026-08-20T04:13:49.989Z
f648768a-5728-4af1-a739-fa297699c877,t8,t8,Value-seeking couple,lp6574b103,"Amari Colombo, Sri Lanka",844831-RO-RFN,Superior City View Twin,42203,Room Only,true,29,5,false,,19593,10504,1,0,0,2026-08-20T04:14:05.297Z
e02eeeff-f810-4075-b472-df2373c42311,t8,t8,Value-seeking couple,lp6557c6e0,Granbell Hotel Colombo,4368098-RO-NRF,Superior Double City View,28807,Room Only,false,27,3,false,,19218,9549,1,0,0,2026-08-20T04:14:06.166Z
3578dab8-c596-4aab-b939-b3df4e0a4789,t8,t8,Value-seeking couple,lp6557c6e0,Granbell Hotel Colombo,4368098-RO-NRF,Superior Double City View,28807,Room Only,false,27,3,false,,21166,10036,1,0,0,2026-08-20T04:14:07.168Z
34d66c5d-c5a5-4dde-9768-6f5bb80e81df,t8,t8,Value-seeking couple,lp6557c6e0,Granbell Hotel Colombo,1459818931-RO-NRF,Superior Twin Room with City View,29667,Room Only,false,0,3,false,,16776,7061,1,0,0,2026-08-20T04:14:07.238Z
f648768a-5728-4af1-a739-fa297699c877,t9,t9,Remote worker,lp67708,Supun Arcade Residency,481434-BI-RFN,One-Bedroom Apartment with 15% Discount on Food & Beverage,24663,Breakfast Included,true,121,5,false,,17903,9468,1,0,0,2026-08-20T04:14:24.273Z
e02eeeff-f810-4075-b472-df2373c42311,t9,t9,Remote worker,lp40d3f,Global Towers Hotel & Apartments,476927-RO-RFN,Double or Twin Room,16041,Room Only,true,27,3,false,,18012,8051,1,0,0,2026-08-20T04:14:25.233Z
34d66c5d-c5a5-4dde-9768-6f5bb80e81df,t9,t9,Remote worker,lp7c172,Mirage Colombo,487132-BI-RFN,Standard Double Room,24581,Breakfast Included,true,27,5,false,,17489,9855,1,0,0,2026-08-20T04:14:25.261Z
3578dab8-c596-4aab-b939-b3df4e0a4789,t9,t9,Remote worker,lp7c172,Mirage Colombo,487132-BI-RFN,Standard Double Room,24581,Breakfast Included,true,27,5,false,,17341,7874,1,0,0,2026-08-20T04:14:25.317Z
f648768a-5728-4af1-a739-fa297699c877,t10,t10,Business traveller,lp72a36,Best Western Elyon Colombo,1459894716-RO-RFN,"Deluxe Room, 2 Twin Beds, Non Smoking",19568,Room Only,true,,3,false,,16863,8178,1,0,0,2026-08-20T04:14:41.794Z
e02eeeff-f810-4075-b472-df2373c42311,t10,t10,Business traveller,lpc0df6,Fern Colombo,4237597-RO-RFN,Deluxe Twin Room,16245,Room Only,true,25,2,false,,16940,7149,1,0,0,2026-08-20T04:14:42.525Z
3578dab8-c596-4aab-b939-b3df4e0a4789,t10,t10,Business traveller,lp72a36,Best Western Elyon Colombo,513432-RO-RFN,Deluxe King Room,19568,Room Only,true,24,3,false,,17477,7882,1,0,0,2026-08-20T04:14:43.143Z
34d66c5d-c5a5-4dde-9768-6f5bb80e81df,t10,t10,Business traveller,lp72a36,Best Western Elyon Colombo,1459894716-RO-RFN,"Deluxe Room, 2 Twin Beds, Non Smoking",19568,Room Only,true,,3,false,,19315,9868,1,0,0,2026-08-20T04:14:44.909Z
3578dab8-c596-4aab-b939-b3df4e0a4789,t_attn,t_attn,Attention check,lpb1537,Shangri-La Colombo,2416733-RO-NRF,Deluxe Lake View King,68781,Room Only,false,42,5,true,true,17553,7129,1,0,0,2026-08-20T04:15:01.251Z
e02eeeff-f810-4075-b472-df2373c42311,t_attn,t_attn,Attention check,lpb1537,Shangri-La Colombo,2416743-RO-NRF,Deluxe Lake View Twin,68781,Room Only,false,42,5,true,true,20191,9044,1,0,0,2026-08-20T04:15:03.214Z
f648768a-5728-4af1-a739-fa297699c877,t_attn,t_attn,Attention check,lpb1537,Shangri-La Colombo,2416733-RO-NRF,Deluxe Lake View King,68781,Room Only,false,42,5,true,true,21311,9730,1,0,0,2026-08-20T04:15:03.443Z
34d66c5d-c5a5-4dde-9768-6f5bb80e81df,t_attn,t_attn,Attention check,lpb1537,Shangri-La Colombo,2416743-RO-NRF,Deluxe Lake View Twin,68781,Room Only,false,42,5,true,true,18802,8139,1,0,0,2026-08-20T04:15:04.037Z
16911b6d-8417-4859-8f2c-f91091aac586,t1,t1,Evening walker,lp71118,CityRest Fort,1459617182-RO-RFN,Standard Double Room,11502,Room Only,true,,2,false,,17954,7070,1,0,0,2026-08-20T04:15:34.949Z
6dbf24d2-7298-4bd7-9889-2abf023fa4fb,t1,t1,Evening walker,lpb1537,Shangri-La Colombo,2416733-RO-NRF,Deluxe Lake View King,68781,Room Only,false,42,5,false,,18542,9108,1,0,0,2026-08-20T04:15:36.361Z
dfef1e9b-988a-4ce7-b1b4-1bba4d7ead93,t1,t1,Evening walker,lpb1537,Shangri-La Colombo,2416743-RO-NRF,Deluxe Lake View Twin,68781,Room Only,false,42,5,false,,18260,9147,1,0,0,2026-08-20T04:15:37.438Z
19f83c2d-8d0b-4e66-b085-74ef1e546275,t1,t1,Evening walker,lp6f007,Clock Inn Colombo,1321691605-BI-RFN,Standard Double Room,13715,Breakfast Included,true,25,2,false,,16499,7725,1,0,0,2026-08-20T04:15:41.315Z
16911b6d-8417-4859-8f2c-f91091aac586,t2,t2,Business traveller,lp857b8,Zylan Colombo,481438-RO-RFN,Executive Room with Jacuzzi - 10% off on Food & Beverage,34557,Room Only,true,60,5,false,,15368,5836,1,0,0,2026-08-20T04:15:50.766Z
6dbf24d2-7298-4bd7-9889-2abf023fa4fb,t2,t2,Business traveller,lp72a36,Best Western Elyon Colombo,513432-RO-RFN,Deluxe King Room,19568,Room Only,true,24,3,false,,16071,6324,1,0,0,2026-08-20T04:15:52.880Z
dfef1e9b-988a-4ce7-b1b4-1bba4d7ead93,t2,t2,Business traveller,lpc0df6,Fern Colombo,4237597-RO-RFN,Deluxe Twin Room,16245,Room Only,true,25,2,false,,16491,6042,1,0,0,2026-08-20T04:15:54.548Z
19f83c2d-8d0b-4e66-b085-74ef1e546275,t2,t2,Business traveller,lpc0df6,Fern Colombo,4237597-RO-RFN,Deluxe Twin Room,16245,Room Only,true,25,2,false,,16143,7043,1,0,0,2026-08-20T04:15:58.048Z
16911b6d-8417-4859-8f2c-f91091aac586,t3,t3,Self-funded worker,lp71118,CityRest Fort,1459617182-RO-RFN,Standard Double Room,11502,Room Only,true,,2,false,,17674,8353,1,0,0,2026-08-20T04:16:08.932Z
6dbf24d2-7298-4bd7-9889-2abf023fa4fb,t3,t3,Self-funded worker,lp71118,CityRest Fort,1459617182-RO-RFN,Standard Double Room,11502,Room Only,true,,2,false,,18041,8776,1,0,0,2026-08-20T04:16:11.394Z
dfef1e9b-988a-4ce7-b1b4-1bba4d7ead93,t3,t3,Self-funded worker,lp9855f,Fairway Colombo - Sri Lanka's First Hotel With Robot Technology,1459638294-BI-RFN,Superior Balcony Room,32800,Breakfast Included,true,31,5,false,,20192,10324,1,0,0,2026-08-20T04:16:15.135Z
19f83c2d-8d0b-4e66-b085-74ef1e546275,t3,t3,Self-funded worker,lp71118,CityRest Fort,1459617182-RO-RFN,Standard Double Room,11502,Room Only,true,,2,false,,20052,10175,1,0,0,2026-08-20T04:16:18.515Z
16911b6d-8417-4859-8f2c-f91091aac586,t4,t4,Family on holiday,lpb1537,Shangri-La Colombo,2416733-RO-NRF,Deluxe Lake View King,68781,Room Only,false,42,5,false,,17109,7882,1,0,0,2026-08-20T04:16:26.552Z
6dbf24d2-7298-4bd7-9889-2abf023fa4fb,t4,t4,Family on holiday,lp6f007,Clock Inn Colombo,1321691606-BI-RFN,Family Quadruple Room,16763,Breakfast Included,true,25,2,false,,19824,10132,1,0,0,2026-08-20T04:16:31.618Z
dfef1e9b-988a-4ce7-b1b4-1bba4d7ead93,t4,t4,Family on holiday,lp65589ffb,MaRadha Colombo,8208286-BI-RFN,Standard Double Room,42521,Breakfast Included,true,27,2,false,,19356,9654,1,0,0,2026-08-20T04:16:34.862Z
19f83c2d-8d0b-4e66-b085-74ef1e546275,t4,t4,Family on holiday,lp65589ffb,MaRadha Colombo,8208286-RO-RFN,Standard Double Room,35408,Room Only,true,27,2,false,,16401,7820,1,0,0,2026-08-20T04:16:35.254Z
16911b6d-8417-4859-8f2c-f91091aac586,t5,t5,Light sleeper,lp72a36,Best Western Elyon Colombo,513432-RO-RFN,Deluxe King Room,19568,Room Only,true,24,3,false,,16143,7563,1,0,0,2026-08-20T04:16:43.093Z
dfef1e9b-988a-4ce7-b1b4-1bba4d7ead93,t5,t5,Light sleeper,lp6e625,Hotel Janaki,479121-BI-RFN,Deluxe Room with Pool View,15319,Breakfast Included,true,14,2,false,,16019,6182,1,0,0,2026-08-20T04:16:51.227Z
19f83c2d-8d0b-4e66-b085-74ef1e546275,t5,t5,Light sleeper,lp67708,Supun Arcade Residency,481434-RO-RFN,One-Bedroom Apartment with 15% Discount on Food & Beverage,20768,Room Only,true,121,5,false,,17058,5716,1,0,0,2026-08-20T04:16:52.632Z
6dbf24d2-7298-4bd7-9889-2abf023fa4fb,t5,t5,Light sleeper,lp72a36,Best Western Elyon Colombo,513432-RO-RFN,Deluxe King Room,19568,Room Only,true,24,3,false,,21003,10497,1,0,0,2026-08-20T04:16:53.035Z
16911b6d-8417-4859-8f2c-f91091aac586,t6,t6,Beach weekender,lp40d3f,Global Towers Hotel & Apartments,476929-RO-RFN,Two-Bedroom Apartment with Sea View/City view,41030,Room Only,true,124,3,false,,17963,7139,1,0,0,2026-08-20T04:17:01.605Z
dfef1e9b-988a-4ce7-b1b4-1bba4d7ead93,t6,t6,Beach weekender,lp7c172,Mirage Colombo,487132-RO-RFN,Standard Double Room,20482,Room Only,true,27,5,false,,16877,6161,1,0,0,2026-08-20T04:17:08.698Z
19f83c2d-8d0b-4e66-b085-74ef1e546275,t6,t6,Beach weekender,lp7c172,Mirage Colombo,487132-BI-RFN,Standard Double Room,24581,Breakfast Included,true,27,5,false,,17698,9675,1,0,0,2026-08-20T04:17:10.669Z
6dbf24d2-7298-4bd7-9889-2abf023fa4fb,t6,t6,Beach weekender,lp76eba,Radisson Hotel Colombo,7559276-RO-RFN,Superior Room,27402,Room Only,true,24,5,false,,17538,6415,1,0,0,2026-08-20T04:17:11.146Z
16911b6d-8417-4859-8f2c-f91091aac586,t7,t7,Long-stay consultant,lp857b8,Zylan Colombo,1461137737-RO-RFN,Deluxe Triple Room,35761,Room Only,true,32,5,false,,16436,9230,1,0,0,2026-08-20T04:17:18.429Z
19f83c2d-8d0b-4e66-b085-74ef1e546275,t7,t7,Long-stay consultant,lp857b8,Zylan Colombo,481438-RO-RFN,Executive Room with Jacuzzi - 10% off on Food & Beverage,34557,Room Only,true,60,5,false,,14447,5733,1,0,0,2026-08-20T04:17:25.447Z
dfef1e9b-988a-4ce7-b1b4-1bba4d7ead93,t7,t7,Long-stay consultant,lpc0df6,Fern Colombo,4237595-RO-RFN,King Room,16245,Room Only,true,25,2,false,,18117,7710,1,0,0,2026-08-20T04:17:27.471Z
6dbf24d2-7298-4bd7-9889-2abf023fa4fb,t7,t7,Long-stay consultant,lpc0df6,Fern Colombo,4237595-RO-RFN,King Room,16245,Room Only,true,25,2,false,,16981,7085,1,0,0,2026-08-20T04:17:28.758Z
16911b6d-8417-4859-8f2c-f91091aac586,t8,t8,Value-seeking couple,lp6574b103,"Amari Colombo, Sri Lanka",844831-RO-RFN,Superior City View Twin,42203,Room Only,true,29,5,false,,17815,8204,1,0,0,2026-08-20T04:17:36.855Z
19f83c2d-8d0b-4e66-b085-74ef1e546275,t8,t8,Value-seeking couple,lp6557c6e0,Granbell Hotel Colombo,4368098-RO-NRF,Superior Double City View,28807,Room Only,false,27,3,false,,15979,6549,1,0,0,2026-08-20T04:17:41.897Z
dfef1e9b-988a-4ce7-b1b4-1bba4d7ead93,t8,t8,Value-seeking couple,lp6557c6e0,Granbell Hotel Colombo,1459818931-RO-NRF,Superior Twin Room with City View,29667,Room Only,false,0,3,false,,19968,10094,1,0,0,2026-08-20T04:17:47.797Z
6dbf24d2-7298-4bd7-9889-2abf023fa4fb,t8,t8,Value-seeking couple,lp6557c6e0,Granbell Hotel Colombo,4368098-RO-NRF,Superior Double City View,28807,Room Only,false,27,3,false,,19086,7914,1,0,0,2026-08-20T04:17:48.344Z
16911b6d-8417-4859-8f2c-f91091aac586,t9,t9,Remote worker,lp76eba,Radisson Hotel Colombo,7559276-BI-RFN,Superior Room,36248,Breakfast Included,true,24,5,false,,19826,10132,1,0,0,2026-08-20T04:17:57.153Z
19f83c2d-8d0b-4e66-b085-74ef1e546275,t9,t9,Remote worker,lp7c172,Mirage Colombo,487132-BI-RFN,Standard Double Room,24581,Breakfast Included,true,27,5,false,,17877,8891,1,0,0,2026-08-20T04:18:00.641Z
dfef1e9b-988a-4ce7-b1b4-1bba4d7ead93,t9,t9,Remote worker,lp7c172,Mirage Colombo,487132-BI-RFN,Standard Double Room,24581,Breakfast Included,true,27,5,false,,19270,8001,1,0,0,2026-08-20T04:18:07.403Z
6dbf24d2-7298-4bd7-9889-2abf023fa4fb,t9,t9,Remote worker,lp7c172,Mirage Colombo,487132-RO-RFN,Standard Double Room,20482,Room Only,true,27,5,false,,19441,10201,1,0,0,2026-08-20T04:18:08.335Z
16911b6d-8417-4859-8f2c-f91091aac586,t10,t10,Business traveller,lp72a36,Best Western Elyon Colombo,513432-RO-RFN,Deluxe King Room,19568,Room Only,true,24,3,false,,16432,7075,1,0,0,2026-08-20T04:18:13.934Z
19f83c2d-8d0b-4e66-b085-74ef1e546275,t10,t10,Business traveller,lp5f0e5,Paradise Road Tintagel Colombo,476937-RO-RFN,Executive Suite,96633,Room Only,true,32,2,false,,18917,10091,1,0,0,2026-08-20T04:18:19.875Z
dfef1e9b-988a-4ce7-b1b4-1bba4d7ead93,t10,t10,Business traveller,lp72a36,Best Western Elyon Colombo,1459894716-RO-RFN,"Deluxe Room, 2 Twin Beds, Non Smoking",19568,Room Only,true,,3,false,,18541,8322,1,0,0,2026-08-20T04:18:26.502Z
6dbf24d2-7298-4bd7-9889-2abf023fa4fb,t10,t10,Business traveller,lp72a36,Best Western Elyon Colombo,1459894716-RO-RFN,"Deluxe Room, 2 Twin Beds, Non Smoking",19568,Room Only,true,,3,false,,20611,9892,1,0,0,2026-08-20T04:18:29.294Z
16911b6d-8417-4859-8f2c-f91091aac586,t_attn,t_attn,Attention check,lpb1537,Shangri-La Colombo,2416733-RO-NRF,Deluxe Lake View King,68781,Room Only,false,42,5,true,true,19833,9320,1,0,0,2026-08-20T04:18:34.104Z
19f83c2d-8d0b-4e66-b085-74ef1e546275,t_attn,t_attn,Attention check,lpb1537,Shangri-La Colombo,2416733-RO-NRF,Deluxe Lake View King,68781,Room Only,false,42,5,true,true,20646,10047,1,0,0,2026-08-20T04:18:40.894Z
dfef1e9b-988a-4ce7-b1b4-1bba4d7ead93,t_attn,t_attn,Attention check,lpb1537,Shangri-La Colombo,2416743-RO-NRF,Deluxe Lake View Twin,68781,Room Only,false,42,5,true,true,17856,7631,1,0,0,2026-08-20T04:18:44.737Z
6dbf24d2-7298-4bd7-9889-2abf023fa4fb,t_attn,t_attn,Attention check,lpb1537,Shangri-La Colombo,2416733-RO-NRF,Deluxe Lake View King,68781,Room Only,false,42,5,true,true,20445,10457,1,0,0,2026-08-20T04:18:50.101Z
38c13f6a-a2a5-46f7-a1c1-985cadcff4ef,t1,t1,Evening walker,lp71118,CityRest Fort,1459617182-RO-RFN,Standard Double Room,11502,Room Only,true,,2,false,,15534,6222,1,0,0,2026-08-20T04:19:20.651Z
39d3919c-420a-41ab-bfca-335652a13849,t1,t1,Evening walker,lp3e58e,The Kingsbury Colombo,479092-BI-RFN,Superior Room,37797,Breakfast Included,true,23,2,false,,16190,7124,1,0,0,2026-08-20T04:19:22.850Z
e40a4af0-a6cb-4661-b72a-e4aba1428e19,t1,t1,Evening walker,lpb1537,Shangri-La Colombo,2416743-RO-NRF,Deluxe Lake View Twin,68781,Room Only,false,42,5,false,,19881,9275,1,0,0,2026-08-20T04:19:23.581Z
3240c8fc-8128-4d2a-8979-f4c2dea0e9e7,t1,t1,Evening walker,lp3e58e,The Kingsbury Colombo,479092-RO-RFN,Superior Room,37025,Room Only,true,23,2,false,,20592,9346,1,0,0,2026-08-20T04:19:25.000Z
38c13f6a-a2a5-46f7-a1c1-985cadcff4ef,t2,t2,Business traveller,lp5f0e5,Paradise Road Tintagel Colombo,476937-RO-RFN,Executive Suite,96633,Room Only,true,32,2,false,,15991,6595,1,0,0,2026-08-20T04:19:37.108Z
e40a4af0-a6cb-4661-b72a-e4aba1428e19,t2,t2,Business traveller,lp72a36,Best Western Elyon Colombo,1459894716-RO-RFN,"Deluxe Room, 2 Twin Beds, Non Smoking",19568,Room Only,true,,3,false,,16531,5922,1,0,0,2026-08-20T04:19:40.659Z
39d3919c-420a-41ab-bfca-335652a13849,t2,t2,Business traveller,lp65589ffb,MaRadha Colombo,8208286-RO-RFN,Standard Double Room,35408,Room Only,true,27,2,false,,18287,8852,1,0,0,2026-08-20T04:19:41.535Z
3240c8fc-8128-4d2a-8979-f4c2dea0e9e7,t2,t2,Business traveller,lpc0df6,Fern Colombo,4237595-RO-RFN,King Room,16245,Room Only,true,25,2,false,,15891,5894,1,0,0,2026-08-20T04:19:41.586Z
e40a4af0-a6cb-4661-b72a-e4aba1428e19,t3,t3,Self-funded worker,lp9855f,Fairway Colombo - Sri Lanka's First Hotel With Robot Technology,1459638294-BI-RFN,Superior Balcony Room,32800,Breakfast Included,true,31,5,false,,16465,6967,1,0,0,2026-08-20T04:19:57.668Z
3240c8fc-8128-4d2a-8979-f4c2dea0e9e7,t3,t3,Self-funded worker,lp81760,The Steuart by Citrus,1459938501-BI-NRF,"Premium Room, City View - Early check-in or late check-out subject to availability",25519,Breakfast Included,false,123,5,false,,15922,7007,1,0,0,2026-08-20T04:19:57.853Z
39d3919c-420a-41ab-bfca-335652a13849,t3,t3,Self-funded worker,lp9855f,Fairway Colombo - Sri Lanka's First Hotel With Robot Technology,1459963988-RO-RFN,Superior Twin Room,28429,Room Only,true,22,5,false,,16943,6550,1,0,0,2026-08-20T04:19:58.805Z
38c13f6a-a2a5-46f7-a1c1-985cadcff4ef,t3,t3,Self-funded worker,lp71118,CityRest Fort,1459617182-RO-RFN,Standard Double Room,11502,Room Only,true,,2,false,,21556,10417,1,0,0,2026-08-20T04:19:59.096Z
3240c8fc-8128-4d2a-8979-f4c2dea0e9e7,t4,t4,Family on holiday,lp76eba,Radisson Hotel Colombo,7559276-RO-RFN,Superior Room,27402,Room Only,true,24,5,false,,17396,7034,1,0,0,2026-08-20T04:20:15.586Z
39d3919c-420a-41ab-bfca-335652a13849,t4,t4,Family on holiday,lp65589ffb,MaRadha Colombo,8208286-RO-RFN,Standard Double Room,35408,Room Only,true,27,2,false,,16778,6341,1,0,0,2026-08-20T04:20:15.913Z
e40a4af0-a6cb-4661-b72a-e4aba1428e19,t4,t4,Family on holiday,lpb1537,Shangri-La Colombo,2416733-RO-RFN,Deluxe Lake View King,73076,Room Only,true,42,5,false,,19931,9424,1,0,0,2026-08-20T04:20:17.968Z
38c13f6a-a2a5-46f7-a1c1-985cadcff4ef,t4,t4,Family on holiday,lp76eba,Radisson Hotel Colombo,7559276-RO-RFN,Superior Room,27402,Room Only,true,24,5,false,,19526,9155,1,0,0,2026-08-20T04:20:18.940Z
3240c8fc-8128-4d2a-8979-f4c2dea0e9e7,t5,t5,Light sleeper,lp6e625,Hotel Janaki,479121-BI-RFN,Deluxe Room with Pool View,15319,Breakfast Included,true,14,2,false,,15373,6805,1,0,0,2026-08-20T04:20:31.316Z
39d3919c-420a-41ab-bfca-335652a13849,t5,t5,Light sleeper,lp72a36,Best Western Elyon Colombo,1459894716-RO-RFN,"Deluxe Room, 2 Twin Beds, Non Smoking",19568,Room Only,true,,3,false,,17078,6801,1,0,0,2026-08-20T04:20:33.337Z
38c13f6a-a2a5-46f7-a1c1-985cadcff4ef,t5,t5,Light sleeper,lp6e625,Hotel Janaki,479119-BI-RFN,Deluxe Double Room,15319,Breakfast Included,true,14,2,false,,14106,6061,1,0,0,2026-08-20T04:20:33.370Z
e40a4af0-a6cb-4661-b72a-e4aba1428e19,t5,t5,Light sleeper,lp6e625,Hotel Janaki,479119-BI-RFN,Deluxe Double Room,15319,Breakfast Included,true,14,2,false,,17680,6744,1,0,0,2026-08-20T04:20:35.988Z
3240c8fc-8128-4d2a-8979-f4c2dea0e9e7,t6,t6,Beach weekender,lp7c172,Mirage Colombo,487132-BI-RFN,Standard Double Room,24581,Breakfast Included,true,27,5,false,,18552,7017,1,0,0,2026-08-20T04:20:50.241Z
38c13f6a-a2a5-46f7-a1c1-985cadcff4ef,t6,t6,Beach weekender,lpb1537,Shangri-La Colombo,2416733-RO-NRF,Deluxe Lake View King,68781,Room Only,false,42,5,false,,17467,7303,1,0,0,2026-08-20T04:20:51.405Z
39d3919c-420a-41ab-bfca-335652a13849,t6,t6,Beach weekender,lp40d3f,Global Towers Hotel & Apartments,476927-RO-RFN,Double or Twin Room,16041,Room Only,true,27,3,false,,19784,10004,1,0,0,2026-08-20T04:20:53.438Z
e40a4af0-a6cb-4661-b72a-e4aba1428e19,t6,t6,Beach weekender,lp65589ffb,MaRadha Colombo,8208286-BI-RFN,Standard Double Room,42521,Breakfast Included,true,27,2,false,,17144,6851,1,0,0,2026-08-20T04:20:53.474Z
3240c8fc-8128-4d2a-8979-f4c2dea0e9e7,t7,t7,Long-stay consultant,lp857b8,Zylan Colombo,1461137737-RO-RFN,Deluxe Triple Room,35761,Room Only,true,32,5,false,,16409,7100,1,0,0,2026-08-20T04:21:06.992Z
38c13f6a-a2a5-46f7-a1c1-985cadcff4ef,t7,t7,Long-stay consultant,lp857b8,Zylan Colombo,1461137737-RO-RFN,Deluxe Triple Room,35761,Room Only,true,32,5,false,,17422,8179,1,0,0,2026-08-20T04:21:09.269Z
e40a4af0-a6cb-4661-b72a-e4aba1428e19,t7,t7,Long-stay consultant,lp65589ffb,MaRadha Colombo,8208286-BI-RFN,Standard Double Room,42521,Breakfast Included,true,27,2,false,,16337,7539,1,0,0,2026-08-20T04:21:10.308Z
39d3919c-420a-41ab-bfca-335652a13849,t7,t7,Long-stay consultant,lp5f0e5,Paradise Road Tintagel Colombo,476937-BI-RFN,Executive Suite,105766,Breakfast Included,true,32,2,false,,20955,10650,1,0,0,2026-08-20T04:21:14.743Z
3240c8fc-8128-4d2a-8979-f4c2dea0e9e7,t8,t8,Value-seeking couple,lp6574b103,"Amari Colombo, Sri Lanka",844831-RO-RFN,Superior City View Twin,42203,Room Only,true,29,5,false,,19143,8255,1,0,0,2026-08-20T04:21:27.122Z
38c13f6a-a2a5-46f7-a1c1-985cadcff4ef,t8,t8,Value-seeking couple,lpb1537,Shangri-La Colombo,2416733-RO-RFN,Deluxe Lake View King,73076,Room Only,true,42,5,false,,20251,9682,1,0,0,2026-08-20T04:21:30.054Z
e40a4af0-a6cb-4661-b72a-e4aba1428e19,t8,t8,Value-seeking couple,lp656d3aa9,Sofia Colombo City Hotel,1459099171-RO-RFN,Deluxe Twin Room with Partial Sea View,23620,Room Only,true,21,3,false,,20644,10058,1,0,0,2026-08-20T04:21:31.582Z
39d3919c-420a-41ab-bfca-335652a13849,t8,t8,Value-seeking couple,lpb1537,Shangri-La Colombo,2416743-RO-NRF,Deluxe Lake View Twin,68781,Room Only,false,42,5,false,,18411,9986,1,0,0,2026-08-20T04:21:33.597Z
3240c8fc-8128-4d2a-8979-f4c2dea0e9e7,t9,t9,Remote worker,lp76eba,Radisson Hotel Colombo,7559276-BI-RFN,Superior Room,36248,Breakfast Included,true,24,5,false,,14861,6490,1,0,0,2026-08-20T04:21:42.632Z
e40a4af0-a6cb-4661-b72a-e4aba1428e19,t9,t9,Remote worker,lp65589ffb,MaRadha Colombo,8208286-BI-RFN,Standard Double Room,42521,Breakfast Included,true,27,2,false,,12700,5046,1,0,0,2026-08-20T04:21:45.466Z
38c13f6a-a2a5-46f7-a1c1-985cadcff4ef,t9,t9,Remote worker,lp67708,Supun Arcade Residency,481434-BI-RFN,One-Bedroom Apartment with 15% Discount on Food & Beverage,24663,Breakfast Included,true,121,5,false,,19464,9036,1,0,0,2026-08-20T04:21:49.853Z
39d3919c-420a-41ab-bfca-335652a13849,t9,t9,Remote worker,lp40d3f,Global Towers Hotel & Apartments,476927-RO-RFN,Double or Twin Room,16041,Room Only,true,27,3,false,,19804,9751,1,0,0,2026-08-20T04:21:53.953Z
3240c8fc-8128-4d2a-8979-f4c2dea0e9e7,t10,t10,Business traveller,lpc0df6,Fern Colombo,4237597-RO-RFN,Deluxe Twin Room,16245,Room Only,true,25,2,false,,19300,8907,1,0,0,2026-08-20T04:22:02.270Z
e40a4af0-a6cb-4661-b72a-e4aba1428e19,t10,t10,Business traveller,lp656d40c7,Sheraton Colombo Hotel,5289360-RO-RFN,Deluxe Twin Room with City View with 15% spa discount per room + 15% F&B discount per room + Early check in an,56627,Room Only,true,36,5,false,,17913,7962,1,0,0,2026-08-20T04:22:03.966Z
38c13f6a-a2a5-46f7-a1c1-985cadcff4ef,t10,t10,Business traveller,lp65589ffb,MaRadha Colombo,8208286-RO-RFN,Standard Double Room,35408,Room Only,true,27,2,false,,15371,6543,1,0,0,2026-08-20T04:22:05.557Z
39d3919c-420a-41ab-bfca-335652a13849,t10,t10,Business traveller,lpc0df6,Fern Colombo,4237595-RO-RFN,King Room,16245,Room Only,true,25,2,false,,19510,9162,1,0,0,2026-08-20T04:22:13.837Z
e40a4af0-a6cb-4661-b72a-e4aba1428e19,t_attn,t_attn,Attention check,lpb1537,Shangri-La Colombo,2416733-RO-NRF,Deluxe Lake View King,68781,Room Only,false,42,5,true,true,18181,7149,1,0,0,2026-08-20T04:22:22.470Z
38c13f6a-a2a5-46f7-a1c1-985cadcff4ef,t_attn,t_attn,Attention check,lpb1537,Shangri-La Colombo,2416733-RO-RFN,Deluxe Lake View King,73076,Room Only,true,42,5,true,true,17248,5993,1,0,0,2026-08-20T04:22:23.390Z
3240c8fc-8128-4d2a-8979-f4c2dea0e9e7,t_attn,t_attn,Attention check,lpb1537,Shangri-La Colombo,2416743-RO-NRF,Deluxe Lake View Twin,68781,Room Only,false,42,5,true,true,21420,10605,1,0,0,2026-08-20T04:22:24.238Z
39d3919c-420a-41ab-bfca-335652a13849,t_attn,t_attn,Attention check,lpb1537,Shangri-La Colombo,2416743-RO-NRF,Deluxe Lake View Twin,68781,Room Only,false,42,5,true,true,18544,8716,1,0,0,2026-08-20T04:22:33.026Z
db371545-37e7-4ebf-8c39-0cab87dcecf6,t1,t1,Evening walker,lpb1537,Shangri-La Colombo,2416733-RO-NRF,Deluxe Lake View King,68781,Room Only,false,42,5,false,,15423,6420,1,0,0,2026-08-20T04:23:05.578Z
bc65f8e6-1713-42dc-b71e-1bfeb09be7b0,t1,t1,Evening walker,lp71118,CityRest Fort,1459617182-RO-RFN,Standard Double Room,11502,Room Only,true,,2,false,,17781,8432,1,0,0,2026-08-20T04:23:05.977Z
0468b0e7-70da-43b4-800c-ccfed7d43810,t1,t1,Evening walker,lp3e58e,The Kingsbury Colombo,479092-BI-RFN,Superior Room,37797,Breakfast Included,true,23,2,false,,21141,10736,1,0,0,2026-08-20T04:23:06.813Z
dce09847-a1cd-4278-81b7-2024b7af2aad,t1,t1,Evening walker,lp3e58e,The Kingsbury Colombo,479092-RO-RFN,Superior Room,37025,Room Only,true,23,2,false,,18911,9242,1,0,0,2026-08-20T04:23:08.101Z
db371545-37e7-4ebf-8c39-0cab87dcecf6,t2,t2,Business traveller,lp857b8,Zylan Colombo,1461137737-RO-RFN,Deluxe Triple Room,35761,Room Only,true,32,5,false,,16822,6695,1,0,0,2026-08-20T04:23:22.800Z
dce09847-a1cd-4278-81b7-2024b7af2aad,t2,t2,Business traveller,lpc0df6,Fern Colombo,4237597-RO-RFN,Deluxe Twin Room,16245,Room Only,true,25,2,false,,13838,5619,1,0,0,2026-08-20T04:23:23.105Z
0468b0e7-70da-43b4-800c-ccfed7d43810,t2,t2,Business traveller,lp5f0e5,Paradise Road Tintagel Colombo,476937-BI-RFN,Executive Suite,105766,Breakfast Included,true,32,2,false,,17177,7446,1,0,0,2026-08-20T04:23:24.367Z
bc65f8e6-1713-42dc-b71e-1bfeb09be7b0,t2,t2,Business traveller,lp72a36,Best Western Elyon Colombo,513432-RO-RFN,Deluxe King Room,19568,Room Only,true,24,3,false,,19130,8831,1,0,0,2026-08-20T04:23:25.462Z
dce09847-a1cd-4278-81b7-2024b7af2aad,t3,t3,Self-funded worker,lpb1537,Shangri-La Colombo,2416733-RO-NRF,Deluxe Lake View King,68781,Room Only,false,42,5,false,,17302,8413,1,0,0,2026-08-20T04:23:40.996Z
db371545-37e7-4ebf-8c39-0cab87dcecf6,t3,t3,Self-funded worker,lp9855f,Fairway Colombo - Sri Lanka's First Hotel With Robot Technology,1459963988-RO-RFN,Superior Twin Room,28429,Room Only,true,22,5,false,,19205,9091,1,0,0,2026-08-20T04:23:42.498Z
0468b0e7-70da-43b4-800c-ccfed7d43810,t3,t3,Self-funded worker,lp81760,The Steuart by Citrus,1459938501-BI-NRF,"Premium Room, City View - Early check-in or late check-out subject to availability",25519,Breakfast Included,false,123,5,false,,20046,9346,1,0,0,2026-08-20T04:23:44.811Z
bc65f8e6-1713-42dc-b71e-1bfeb09be7b0,t3,t3,Self-funded worker,lp6e625,Hotel Janaki,479119-BI-RFN,Deluxe Double Room,15319,Breakfast Included,true,14,2,false,,20345,9330,1,0,0,2026-08-20T04:23:46.194Z
db371545-37e7-4ebf-8c39-0cab87dcecf6,t4,t4,Family on holiday,lp76eba,Radisson Hotel Colombo,7559276-RO-RFN,Superior Room,27402,Room Only,true,24,5,false,,16058,6606,1,0,0,2026-08-20T04:23:59.203Z
dce09847-a1cd-4278-81b7-2024b7af2aad,t4,t4,Family on holiday,lp76eba,Radisson Hotel Colombo,7559276-BI-RFN,Superior Room,36248,Breakfast Included,true,24,5,false,,19332,9060,1,0,0,2026-08-20T04:24:00.962Z
0468b0e7-70da-43b4-800c-ccfed7d43810,t4,t4,Family on holiday,lp65589ffb,MaRadha Colombo,8208286-BI-RFN,Standard Double Room,42521,Breakfast Included,true,27,2,false,,17935,8844,1,0,0,2026-08-20T04:24:03.082Z
bc65f8e6-1713-42dc-b71e-1bfeb09be7b0,t4,t4,Family on holiday,lp76eba,Radisson Hotel Colombo,7559276-BI-RFN,Superior Room,36248,Breakfast Included,true,24,5,false,,18007,7869,1,0,0,2026-08-20T04:24:04.549Z
db371545-37e7-4ebf-8c39-0cab87dcecf6,t5,t5,Light sleeper,lp6e625,Hotel Janaki,479121-BI-RFN,Deluxe Room with Pool View,15319,Breakfast Included,true,14,2,false,,16043,7033,1,0,0,2026-08-20T04:24:15.578Z
dce09847-a1cd-4278-81b7-2024b7af2aad,t5,t5,Light sleeper,lp72a36,Best Western Elyon Colombo,1459894716-RO-RFN,"Deluxe Room, 2 Twin Beds, Non Smoking",19568,Room Only,true,,3,false,,17266,8812,1,0,0,2026-08-20T04:24:18.840Z
0468b0e7-70da-43b4-800c-ccfed7d43810,t5,t5,Light sleeper,lp6e625,Hotel Janaki,479121-BI-RFN,Deluxe Room with Pool View,15319,Breakfast Included,true,14,2,false,,17756,9227,1,0,0,2026-08-20T04:24:21.199Z
bc65f8e6-1713-42dc-b71e-1bfeb09be7b0,t5,t5,Light sleeper,lp72a36,Best Western Elyon Colombo,1459894716-RO-RFN,"Deluxe Room, 2 Twin Beds, Non Smoking",19568,Room Only,true,,3,false,,17525,7328,1,0,0,2026-08-20T04:24:22.476Z
db371545-37e7-4ebf-8c39-0cab87dcecf6,t6,t6,Beach weekender,lp40d3f,Global Towers Hotel & Apartments,476929-RO-RFN,Two-Bedroom Apartment with Sea View/City view,41030,Room Only,true,124,3,false,,17274,7649,1,0,0,2026-08-20T04:24:33.183Z
dce09847-a1cd-4278-81b7-2024b7af2aad,t6,t6,Beach weekender,lp7c172,Mirage Colombo,487132-BI-RFN,Standard Double Room,24581,Breakfast Included,true,27,5,false,,17059,7644,1,0,0,2026-08-20T04:24:36.247Z
bc65f8e6-1713-42dc-b71e-1bfeb09be7b0,t6,t6,Beach weekender,lp7c172,Mirage Colombo,487132-RO-RFN,Standard Double Room,20482,Room Only,true,27,5,false,,15802,6381,1,0,0,2026-08-20T04:24:38.832Z
0468b0e7-70da-43b4-800c-ccfed7d43810,t6,t6,Beach weekender,lp7c172,Mirage Colombo,487132-RO-RFN,Standard Double Room,20482,Room Only,true,27,5,false,,17299,9143,1,0,0,2026-08-20T04:24:39.030Z
db371545-37e7-4ebf-8c39-0cab87dcecf6,t7,t7,Long-stay consultant,lp857b8,Zylan Colombo,1461137737-RO-RFN,Deluxe Triple Room,35761,Room Only,true,32,5,false,,17303,7830,1,0,0,2026-08-20T04:24:50.957Z
dce09847-a1cd-4278-81b7-2024b7af2aad,t7,t7,Long-stay consultant,lp857b8,Zylan Colombo,481438-RO-RFN,Executive Room with Jacuzzi - 10% off on Food & Beverage,34557,Room Only,true,60,5,false,,15120,6549,1,0,0,2026-08-20T04:24:52.129Z
bc65f8e6-1713-42dc-b71e-1bfeb09be7b0,t7,t7,Long-stay consultant,lpc0df6,Fern Colombo,4237597-RO-RFN,Deluxe Twin Room,16245,Room Only,true,25,2,false,,15858,6694,1,0,0,2026-08-20T04:24:55.312Z
0468b0e7-70da-43b4-800c-ccfed7d43810,t7,t7,Long-stay consultant,lp857b8,Zylan Colombo,1461137737-RO-RFN,Deluxe Triple Room,35761,Room Only,true,32,5,false,,21055,10429,1,0,0,2026-08-20T04:25:00.632Z
db371545-37e7-4ebf-8c39-0cab87dcecf6,t8,t8,Value-seeking couple,lp6557c6e0,Granbell Hotel Colombo,1459818931-RO-NRF,Superior Twin Room with City View,29667,Room Only,false,0,3,false,,16407,6899,1,0,0,2026-08-20T04:25:07.801Z
dce09847-a1cd-4278-81b7-2024b7af2aad,t8,t8,Value-seeking couple,lp656d40c7,Sheraton Colombo Hotel,5289365-RO-RFN,Deluxe King Room with City View with 15% spa discount per room + 15% F&B discount per room + Early check in an,56627,Room Only,true,36,5,false,,16565,7683,1,0,0,2026-08-20T04:25:09.175Z
bc65f8e6-1713-42dc-b71e-1bfeb09be7b0,t8,t8,Value-seeking couple,lp5f0e5,Paradise Road Tintagel Colombo,476937-RO-RFN,Executive Suite,96633,Room Only,true,32,2,false,,17810,7714,1,0,0,2026-08-20T04:25:13.535Z
0468b0e7-70da-43b4-800c-ccfed7d43810,t8,t8,Value-seeking couple,lp656d40c7,Sheraton Colombo Hotel,5289360-RO-RFN,Deluxe Twin Room with City View with 15% spa discount per room + 15% F&B discount per room + Early check in an,56627,Room Only,true,36,5,false,,18962,10140,1,0,0,2026-08-20T04:25:19.927Z
db371545-37e7-4ebf-8c39-0cab87dcecf6,t9,t9,Remote worker,lp67708,Supun Arcade Residency,481434-RO-RFN,One-Bedroom Apartment with 15% Discount on Food & Beverage,20768,Room Only,true,121,5,false,,17580,7778,1,0,0,2026-08-20T04:25:26.217Z
dce09847-a1cd-4278-81b7-2024b7af2aad,t9,t9,Remote worker,lp40d3f,Global Towers Hotel & Apartments,476929-RO-RFN,Two-Bedroom Apartment with Sea View/City view,41030,Room Only,true,124,3,false,,17344,6456,1,0,0,2026-08-20T04:25:26.910Z
bc65f8e6-1713-42dc-b71e-1bfeb09be7b0,t9,t9,Remote worker,lp40d3f,Global Towers Hotel & Apartments,476929-RO-RFN,Two-Bedroom Apartment with Sea View/City view,41030,Room Only,true,124,3,false,,19513,9713,1,0,0,2026-08-20T04:25:33.422Z
0468b0e7-70da-43b4-800c-ccfed7d43810,t9,t9,Remote worker,lp7c172,Mirage Colombo,487132-RO-RFN,Standard Double Room,20482,Room Only,true,27,5,false,,16993,8837,1,0,0,2026-08-20T04:25:37.524Z
dce09847-a1cd-4278-81b7-2024b7af2aad,t10,t10,Business traveller,lpc0df6,Fern Colombo,4237597-RO-RFN,Deluxe Twin Room,16245,Room Only,true,25,2,false,,17844,8015,1,0,0,2026-08-20T04:25:45.326Z
db371545-37e7-4ebf-8c39-0cab87dcecf6,t10,t10,Business traveller,lp72a36,Best Western Elyon Colombo,1459894716-RO-RFN,"Deluxe Room, 2 Twin Beds, Non Smoking",19568,Room Only,true,,3,false,,20116,10063,1,0,0,2026-08-20T04:25:46.666Z
bc65f8e6-1713-42dc-b71e-1bfeb09be7b0,t10,t10,Business traveller,lp857b8,Zylan Colombo,1461137737-RO-RFN,Deluxe Triple Room,35761,Room Only,true,32,5,false,,17461,6168,1,0,0,2026-08-20T04:25:51.232Z
0468b0e7-70da-43b4-800c-ccfed7d43810,t10,t10,Business traveller,lp857b8,Zylan Colombo,1461137737-RO-RFN,Deluxe Triple Room,35761,Room Only,true,32,5,false,,20113,9795,1,0,0,2026-08-20T04:25:58.018Z
db371545-37e7-4ebf-8c39-0cab87dcecf6,t_attn,t_attn,Attention check,lpb1537,Shangri-La Colombo,2416733-RO-NRF,Deluxe Lake View King,68781,Room Only,false,42,5,true,true,16116,6631,1,0,0,2026-08-20T04:26:03.403Z
dce09847-a1cd-4278-81b7-2024b7af2aad,t_attn,t_attn,Attention check,lpb1537,Shangri-La Colombo,2416743-RO-NRF,Deluxe Lake View Twin,68781,Room Only,false,42,5,true,true,18367,8360,1,0,0,2026-08-20T04:26:04.266Z
bc65f8e6-1713-42dc-b71e-1bfeb09be7b0,t_attn,t_attn,Attention check,lpb1537,Shangri-La Colombo,2416733-RO-RFN,Deluxe Lake View King,73076,Room Only,true,42,5,true,true,18608,8764,1,0,0,2026-08-20T04:26:10.186Z
0468b0e7-70da-43b4-800c-ccfed7d43810,t_attn,t_attn,Attention check,lpb1537,Shangri-La Colombo,2416743-RO-NRF,Deluxe Lake View Twin,68781,Room Only,false,42,5,true,true,18207,9184,1,0,0,2026-08-20T04:26:16.586Z
2fa68ff0-cbc6-4786-a958-4a940a1fb8dd,t1,t1,Evening walker,lpb1537,Shangri-La Colombo,2416733-RO-NRF,Deluxe Lake View King,68781,Room Only,false,42,5,false,,15702,6358,1,0,0,2026-08-20T04:26:45.340Z
e5edf188-5a8f-4e4a-ad2e-d0b6bd0ae382,t1,t1,Evening walker,lpb1537,Shangri-La Colombo,2416743-RO-NRF,Deluxe Lake View Twin,68781,Room Only,false,42,5,false,,17101,8787,1,0,0,2026-08-20T04:26:49.223Z
27a9efb9-58f7-4b05-a7c2-dfc56e6a666e,t1,t1,Evening walker,lp6f007,Clock Inn Colombo,1321691605-BI-RFN,Standard Double Room,13715,Breakfast Included,true,25,2,false,,19207,8979,1,0,0,2026-08-20T04:26:49.250Z
d2a675f8-35f7-4349-a07c-8a3758301832,t1,t1,Evening walker,lpb1537,Shangri-La Colombo,2416743-RO-NRF,Deluxe Lake View Twin,68781,Room Only,false,42,5,false,,20143,9623,1,0,0,2026-08-20T04:26:52.505Z
2fa68ff0-cbc6-4786-a958-4a940a1fb8dd,t2,t2,Business traveller,lp857b8,Zylan Colombo,1461137737-RO-RFN,Deluxe Triple Room,35761,Room Only,true,32,5,false,,19069,8818,1,0,0,2026-08-20T04:27:04.896Z
27a9efb9-58f7-4b05-a7c2-dfc56e6a666e,t2,t2,Business traveller,lp857b8,Zylan Colombo,1461137737-RO-RFN,Deluxe Triple Room,35761,Room Only,true,32,5,false,,18222,9442,1,0,0,2026-08-20T04:27:07.921Z
d2a675f8-35f7-4349-a07c-8a3758301832,t2,t2,Business traveller,lp857b8,Zylan Colombo,1461137737-RO-RFN,Deluxe Triple Room,35761,Room Only,true,32,5,false,,15613,7318,1,0,0,2026-08-20T04:27:08.560Z
e5edf188-5a8f-4e4a-ad2e-d0b6bd0ae382,t2,t2,Business traveller,lp857b8,Zylan Colombo,1461137737-RO-RFN,Deluxe Triple Room,35761,Room Only,true,32,5,false,,19428,8591,1,0,0,2026-08-20T04:27:09.142Z
2fa68ff0-cbc6-4786-a958-4a940a1fb8dd,t3,t3,Self-funded worker,lp81760,The Steuart by Citrus,1459938501-RO-NRF,"Premium Room, City View - Early check-in or late check-out subject to availability",22604,Room Only,false,123,5,false,,18454,8984,1,0,0,2026-08-20T04:27:23.977Z
d2a675f8-35f7-4349-a07c-8a3758301832,t3,t3,Self-funded worker,lp65589ffb,MaRadha Colombo,8208286-BI-RFN,Standard Double Room,42521,Breakfast Included,true,27,2,false,,15893,6659,1,0,0,2026-08-20T04:27:24.829Z
e5edf188-5a8f-4e4a-ad2e-d0b6bd0ae382,t3,t3,Self-funded worker,lp9855f,Fairway Colombo - Sri Lanka's First Hotel With Robot Technology,1459963988-RO-RFN,Superior Twin Room,28429,Room Only,true,22,5,false,,19481,9605,1,0,0,2026-08-20T04:27:29.007Z
27a9efb9-58f7-4b05-a7c2-dfc56e6a666e,t3,t3,Self-funded worker,lp71118,CityRest Fort,1459617182-RO-RFN,Standard Double Room,11502,Room Only,true,,2,false,,20901,9978,1,0,0,2026-08-20T04:27:29.284Z
2fa68ff0-cbc6-4786-a958-4a940a1fb8dd,t4,t4,Family on holiday,lp65589ffb,MaRadha Colombo,8208286-RO-RFN,Standard Double Room,35408,Room Only,true,27,2,false,,16307,6871,1,0,0,2026-08-20T04:27:40.826Z
d2a675f8-35f7-4349-a07c-8a3758301832,t4,t4,Family on holiday,lpb1537,Shangri-La Colombo,2416733-RO-RFN,Deluxe Lake View King,73076,Room Only,true,42,5,false,,16549,6203,1,0,0,2026-08-20T04:27:42.125Z
27a9efb9-58f7-4b05-a7c2-dfc56e6a666e,t4,t4,Family on holiday,lp76eba,Radisson Hotel Colombo,7559276-RO-RFN,Superior Room,27402,Room Only,true,24,5,false,,17311,9377,1,0,0,2026-08-20T04:27:46.988Z
e5edf188-5a8f-4e4a-ad2e-d0b6bd0ae382,t4,t4,Family on holiday,lp65589ffb,MaRadha Colombo,8208286-BI-RFN,Standard Double Room,42521,Breakfast Included,true,27,2,false,,17909,8760,1,0,0,2026-08-20T04:27:47.260Z
2fa68ff0-cbc6-4786-a958-4a940a1fb8dd,t5,t5,Light sleeper,lp72a36,Best Western Elyon Colombo,1459894716-RO-RFN,"Deluxe Room, 2 Twin Beds, Non Smoking",19568,Room Only,true,,3,false,,16079,6932,1,0,0,2026-08-20T04:27:57.232Z
d2a675f8-35f7-4349-a07c-8a3758301832,t5,t5,Light sleeper,lpb1537,Shangri-La Colombo,2416733-RO-RFN,Deluxe Lake View King,73076,Room Only,true,42,5,false,,15227,6690,1,0,0,2026-08-20T04:27:58.058Z
27a9efb9-58f7-4b05-a7c2-dfc56e6a666e,t5,t5,Light sleeper,lp6e625,Hotel Janaki,479121-BI-RFN,Deluxe Room with Pool View,15319,Breakfast Included,true,14,2,false,,15459,6634,1,0,0,2026-08-20T04:28:03.101Z
e5edf188-5a8f-4e4a-ad2e-d0b6bd0ae382,t5,t5,Light sleeper,lp6e625,Hotel Janaki,479119-BI-RFN,Deluxe Double Room,15319,Breakfast Included,true,14,2,false,,17187,8207,1,0,0,2026-08-20T04:28:04.791Z
d2a675f8-35f7-4349-a07c-8a3758301832,t6,t6,Beach weekender,lp656d40c7,Sheraton Colombo Hotel,5289360-RO-RFN,Deluxe Twin Room with City View with 15% spa discount per room + 15% F&B discount per room + Early check in an,56627,Room Only,true,36,5,false,,17339,6481,1,0,0,2026-08-20T04:28:15.808Z
2fa68ff0-cbc6-4786-a958-4a940a1fb8dd,t6,t6,Beach weekender,lp7c172,Mirage Colombo,487132-BI-RFN,Standard Double Room,24581,Breakfast Included,true,27,5,false,,19216,7615,1,0,0,2026-08-20T04:28:17.259Z
27a9efb9-58f7-4b05-a7c2-dfc56e6a666e,t6,t6,Beach weekender,lp40d3f,Global Towers Hotel & Apartments,476927-RO-RFN,Double or Twin Room,16041,Room Only,true,27,3,false,,17824,8028,1,0,0,2026-08-20T04:28:21.259Z
e5edf188-5a8f-4e4a-ad2e-d0b6bd0ae382,t6,t6,Beach weekender,lp67708,Supun Arcade Residency,481434-RO-RFN,One-Bedroom Apartment with 15% Discount on Food & Beverage,20768,Room Only,true,121,5,false,,16211,5761,1,0,0,2026-08-20T04:28:21.359Z
d2a675f8-35f7-4349-a07c-8a3758301832,t7,t7,Long-stay consultant,lp65589ffb,MaRadha Colombo,8208286-RO-RFN,Standard Double Room,35408,Room Only,true,27,2,false,,18127,8315,1,0,0,2026-08-20T04:28:34.524Z
2fa68ff0-cbc6-4786-a958-4a940a1fb8dd,t7,t7,Long-stay consultant,lp857b8,Zylan Colombo,481438-RO-RFN,Executive Room with Jacuzzi - 10% off on Food & Beverage,34557,Room Only,true,60,5,false,,17776,7823,1,0,0,2026-08-20T04:28:35.559Z
27a9efb9-58f7-4b05-a7c2-dfc56e6a666e,t7,t7,Long-stay consultant,lpc0df6,Fern Colombo,4237595-RO-RFN,King Room,16245,Room Only,true,25,2,false,,20340,10583,1,0,0,2026-08-20T04:28:41.972Z
e5edf188-5a8f-4e4a-ad2e-d0b6bd0ae382,t7,t7,Long-stay consultant,lp857b8,Zylan Colombo,1461137737-RO-RFN,Deluxe Triple Room,35761,Room Only,true,32,5,false,,20564,9681,1,0,0,2026-08-20T04:28:42.270Z
d2a675f8-35f7-4349-a07c-8a3758301832,t8,t8,Value-seeking couple,lp656d40c7,Sheraton Colombo Hotel,5289365-RO-RFN,Deluxe King Room with City View with 15% spa discount per room + 15% F&B discount per room + Early check in an,56627,Room Only,true,36,5,false,,17571,7926,1,0,0,2026-08-20T04:28:52.470Z
2fa68ff0-cbc6-4786-a958-4a940a1fb8dd,t8,t8,Value-seeking couple,lpb1537,Shangri-La Colombo,2416733-RO-RFN,Deluxe Lake View King,73076,Room Only,true,42,5,false,,18877,8012,1,0,0,2026-08-20T04:28:54.803Z
e5edf188-5a8f-4e4a-ad2e-d0b6bd0ae382,t8,t8,Value-seeking couple,lpb1537,Shangri-La Colombo,2416743-RO-NRF,Deluxe Lake View Twin,68781,Room Only,false,42,5,false,,18688,9990,1,0,0,2026-08-20T04:29:01.331Z
27a9efb9-58f7-4b05-a7c2-dfc56e6a666e,t8,t8,Value-seeking couple,lp656d3aa9,Sofia Colombo City Hotel,1459099171-RO-RFN,Deluxe Twin Room with Partial Sea View,23620,Room Only,true,21,3,false,,20646,10664,1,0,0,2026-08-20T04:29:02.963Z
d2a675f8-35f7-4349-a07c-8a3758301832,t9,t9,Remote worker,lp656d40c7,Sheraton Colombo Hotel,5289360-RO-RFN,Deluxe Twin Room with City View with 15% spa discount per room + 15% F&B discount per room + Early check in an,56627,Room Only,true,36,5,false,,19627,9569,1,0,0,2026-08-20T04:29:12.516Z
2fa68ff0-cbc6-4786-a958-4a940a1fb8dd,t9,t9,Remote worker,lp76eba,Radisson Hotel Colombo,7559276-RO-RFN,Superior Room,27402,Room Only,true,24,5,false,,17383,7042,1,0,0,2026-08-20T04:29:12.768Z
e5edf188-5a8f-4e4a-ad2e-d0b6bd0ae382,t9,t9,Remote worker,lp40d3f,Global Towers Hotel & Apartments,476927-RO-RFN,Double or Twin Room,16041,Room Only,true,27,3,false,,18441,7442,1,0,0,2026-08-20T04:29:20.222Z
27a9efb9-58f7-4b05-a7c2-dfc56e6a666e,t9,t9,Remote worker,lp67708,Supun Arcade Residency,481434-RO-RFN,One-Bedroom Apartment with 15% Discount on Food & Beverage,20768,Room Only,true,121,5,false,,18821,8628,1,0,0,2026-08-20T04:29:22.115Z
2fa68ff0-cbc6-4786-a958-4a940a1fb8dd,t10,t10,Business traveller,lpc0df6,Fern Colombo,4237597-RO-RFN,Deluxe Twin Room,16245,Room Only,true,25,2,false,,18404,8741,1,0,0,2026-08-20T04:29:31.512Z
d2a675f8-35f7-4349-a07c-8a3758301832,t10,t10,Business traveller,lp65589ffb,MaRadha Colombo,8208286-BI-RFN,Standard Double Room,42521,Breakfast Included,true,27,2,false,,20574,10083,1,0,0,2026-08-20T04:29:33.724Z
e5edf188-5a8f-4e4a-ad2e-d0b6bd0ae382,t10,t10,Business traveller,lp857b8,Zylan Colombo,1461137737-RO-RFN,Deluxe Triple Room,35761,Room Only,true,32,5,false,,17136,7553,1,0,0,2026-08-20T04:29:37.989Z
27a9efb9-58f7-4b05-a7c2-dfc56e6a666e,t10,t10,Business traveller,lp72a36,Best Western Elyon Colombo,513432-RO-RFN,Deluxe King Room,19568,Room Only,true,24,3,false,,20529,10416,1,0,0,2026-08-20T04:29:43.274Z
2fa68ff0-cbc6-4786-a958-4a940a1fb8dd,t_attn,t_attn,Attention check,lpb1537,Shangri-La Colombo,2416733-RO-RFN,Deluxe Lake View King,73076,Room Only,true,42,5,true,true,17743,7578,1,0,0,2026-08-20T04:29:49.918Z
d2a675f8-35f7-4349-a07c-8a3758301832,t_attn,t_attn,Attention check,lpb1537,Shangri-La Colombo,2416733-RO-NRF,Deluxe Lake View King,68781,Room Only,false,42,5,true,true,16746,6351,1,0,0,2026-08-20T04:29:50.912Z
e5edf188-5a8f-4e4a-ad2e-d0b6bd0ae382,t_attn,t_attn,Attention check,lpb1537,Shangri-La Colombo,2416743-RO-NRF,Deluxe Lake View Twin,68781,Room Only,false,42,5,true,true,16640,6637,1,0,0,2026-08-20T04:29:54.981Z
27a9efb9-58f7-4b05-a7c2-dfc56e6a666e,t_attn,t_attn,Attention check,lpb1537,Shangri-La Colombo,2416733-RO-NRF,Deluxe Lake View King,68781,Room Only,false,42,5,true,true,17447,9006,1,0,0,2026-08-20T04:30:01.061Z
ec74a677-7c89-4777-80ae-7998ba4070bd,t1,t1,Evening walker,lp6e625,Hotel Janaki,479119-BI-RFN,Deluxe Double Room,15319,Breakfast Included,true,14,2,false,,19736,8256,1,0,0,2026-08-20T04:30:33.288Z
d2815657-9ce1-4a95-87b9-af24273b6425,t1,t1,Evening walker,lp3e58e,The Kingsbury Colombo,479092-RO-RFN,Superior Room,37025,Room Only,true,23,2,false,,19838,10167,1,0,0,2026-08-20T04:30:34.206Z
ef5f34df-4e50-44da-bf1b-6d3e39722e53,t1,t1,Evening walker,lp71118,CityRest Fort,1459617182-RO-RFN,Standard Double Room,11502,Room Only,true,,2,false,,18206,8667,1,0,0,2026-08-20T04:30:35.690Z
aa4e41b0-47bb-4210-be9c-16e9fd076f31,t1,t1,Evening walker,lp71118,CityRest Fort,1459617182-RO-RFN,Standard Double Room,11502,Room Only,true,,2,false,,21288,10898,1,0,0,2026-08-20T04:30:38.801Z
ec74a677-7c89-4777-80ae-7998ba4070bd,t2,t2,Business traveller,lp857b8,Zylan Colombo,1461137737-RO-RFN,Deluxe Triple Room,35761,Room Only,true,32,5,false,,15694,6678,1,0,0,2026-08-20T04:30:49.584Z
aa4e41b0-47bb-4210-be9c-16e9fd076f31,t2,t2,Business traveller,lp857b8,Zylan Colombo,481438-RO-RFN,Executive Room with Jacuzzi - 10% off on Food & Beverage,34557,Room Only,true,60,5,false,,15622,6919,1,0,0,2026-08-20T04:30:55.061Z
d2815657-9ce1-4a95-87b9-af24273b6425,t2,t2,Business traveller,lp5f0e5,Paradise Road Tintagel Colombo,476937-BI-RFN,Executive Suite,105766,Breakfast Included,true,32,2,false,,20424,10054,1,0,0,2026-08-20T04:30:55.279Z
ef5f34df-4e50-44da-bf1b-6d3e39722e53,t2,t2,Business traveller,lp72a36,Best Western Elyon Colombo,513432-RO-RFN,Deluxe King Room,19568,Room Only,true,24,3,false,,19390,8748,1,0,0,2026-08-20T04:30:55.642Z
ec74a677-7c89-4777-80ae-7998ba4070bd,t3,t3,Self-funded worker,lp71118,CityRest Fort,1459617182-RO-RFN,Standard Double Room,11502,Room Only,true,,2,false,,19145,9340,1,0,0,2026-08-20T04:31:09.335Z
d2815657-9ce1-4a95-87b9-af24273b6425,t3,t3,Self-funded worker,lp3e58e,The Kingsbury Colombo,479092-RO-RFN,Superior Room,37025,Room Only,true,23,2,false,,15189,6016,1,0,0,2026-08-20T04:31:10.935Z
ef5f34df-4e50-44da-bf1b-6d3e39722e53,t3,t3,Self-funded worker,lpb1537,Shangri-La Colombo,2416743-RO-NRF,Deluxe Lake View Twin,68781,Room Only,false,42,5,false,,17471,9574,1,0,0,2026-08-20T04:31:13.498Z
aa4e41b0-47bb-4210-be9c-16e9fd076f31,t3,t3,Self-funded worker,lp71118,CityRest Fort,1459617182-RO-RFN,Standard Double Room,11502,Room Only,true,,2,false,,18180,8188,1,0,0,2026-08-20T04:31:13.640Z
ec74a677-7c89-4777-80ae-7998ba4070bd,t4,t4,Family on holiday,lp65589ffb,MaRadha Colombo,8208286-RO-RFN,Standard Double Room,35408,Room Only,true,27,2,false,,19637,10195,1,0,0,2026-08-20T04:31:29.308Z
d2815657-9ce1-4a95-87b9-af24273b6425,t4,t4,Family on holiday,lp76eba,Radisson Hotel Colombo,7559276-RO-RFN,Superior Room,27402,Room Only,true,24,5,false,,18461,9134,1,0,0,2026-08-20T04:31:29.778Z
aa4e41b0-47bb-4210-be9c-16e9fd076f31,t4,t4,Family on holiday,lp76eba,Radisson Hotel Colombo,7559276-RO-RFN,Superior Room,27402,Room Only,true,24,5,false,,15917,5770,1,0,0,2026-08-20T04:31:29.898Z
ef5f34df-4e50-44da-bf1b-6d3e39722e53,t4,t4,Family on holiday,lp65589ffb,MaRadha Colombo,8208286-BI-RFN,Standard Double Room,42521,Breakfast Included,true,27,2,false,,17558,8341,1,0,0,2026-08-20T04:31:31.376Z
d2815657-9ce1-4a95-87b9-af24273b6425,t5,t5,Light sleeper,lp72a36,Best Western Elyon Colombo,1459894716-RO-RFN,"Deluxe Room, 2 Twin Beds, Non Smoking",19568,Room Only,true,,3,false,,17396,8155,1,0,0,2026-08-20T04:31:47.504Z
aa4e41b0-47bb-4210-be9c-16e9fd076f31,t5,t5,Light sleeper,lp6e625,Hotel Janaki,479119-BI-RFN,Deluxe Double Room,15319,Breakfast Included,true,14,2,false,,19548,10123,1,0,0,2026-08-20T04:31:49.772Z
ef5f34df-4e50-44da-bf1b-6d3e39722e53,t5,t5,Light sleeper,lp72a36,Best Western Elyon Colombo,1459894716-RO-RFN,"Deluxe Room, 2 Twin Beds, Non Smoking",19568,Room Only,true,,3,false,,17999,8254,1,0,0,2026-08-20T04:31:49.807Z
ec74a677-7c89-4777-80ae-7998ba4070bd,t5,t5,Light sleeper,lp72a36,Best Western Elyon Colombo,513432-RO-RFN,Deluxe King Room,19568,Room Only,true,24,3,false,,22636,10480,1,0,0,2026-08-20T04:31:52.504Z
ef5f34df-4e50-44da-bf1b-6d3e39722e53,t6,t6,Beach weekender,lp67708,Supun Arcade Residency,481434-RO-RFN,One-Bedroom Apartment with 15% Discount on Food & Beverage,20768,Room Only,true,121,5,false,,18298,8611,1,0,0,2026-08-20T04:32:18.157Z
aa4e41b0-47bb-4210-be9c-16e9fd076f31,t6,t6,Beach weekender,lp40d3f,Global Towers Hotel & Apartments,476929-RO-RFN,Two-Bedroom Apartment with Sea View/City view,41030,Room Only,true,124,3,false,,20528,10542,1,0,0,2026-08-20T04:32:20.708Z
ef5f34df-4e50-44da-bf1b-6d3e39722e53,t7,t7,Long-stay consultant,lp5f0e5,Paradise Road Tintagel Colombo,476937-RO-RFN,Executive Suite,96633,Room Only,true,32,2,false,,9703,3352,1,0,0,2026-08-20T04:32:28.551Z
aa4e41b0-47bb-4210-be9c-16e9fd076f31,t7,t7,Long-stay consultant,lpc0df6,Fern Colombo,4237597-RO-RFN,Deluxe Twin Room,16245,Room Only,true,25,2,false,,11806,418,1,0,0,2026-08-20T04:32:33.312Z
ef5f34df-4e50-44da-bf1b-6d3e39722e53,t8,t8,Value-seeking couple,lpb1537,Shangri-La Colombo,2416743-RO-NRF,Deluxe Lake View Twin,68781,Room Only,false,42,5,false,,17246,7481,1,0,0,2026-08-20T04:32:46.119Z
aa4e41b0-47bb-4210-be9c-16e9fd076f31,t8,t8,Value-seeking couple,lp656d3aa9,Sofia Colombo City Hotel,1459099171-RO-RFN,Deluxe Twin Room with Partial Sea View,23620,Room Only,true,21,3,false,,19911,9996,1,0,0,2026-08-20T04:32:53.547Z
d2815657-9ce1-4a95-87b9-af24273b6425,t7,t7,Long-stay consultant,lp857b8,Zylan Colombo,481438-RO-RFN,Executive Room with Jacuzzi - 10% off on Food & Beverage,34557,Room Only,true,60,5,false,,34634,24754,1,0,0,2026-08-20T04:32:55.183Z
ef5f34df-4e50-44da-bf1b-6d3e39722e53,t9,t9,Remote worker,lp7c172,Mirage Colombo,487132-BI-RFN,Standard Double Room,24581,Breakfast Included,true,27,5,false,,19899,9108,1,0,0,2026-08-20T04:33:06.473Z
d2815657-9ce1-4a95-87b9-af24273b6425,t8,t8,Value-seeking couple,lp656d40c7,Sheraton Colombo Hotel,5289365-RO-RFN,Deluxe King Room with City View with 15% spa discount per room + 15% F&B discount per room + Early check in an,56627,Room Only,true,36,5,false,,15227,6005,1,0,0,2026-08-20T04:33:10.980Z
aa4e41b0-47bb-4210-be9c-16e9fd076f31,t9,t9,Remote worker,lp7c172,Mirage Colombo,487132-RO-RFN,Standard Double Room,20482,Room Only,true,27,5,false,,17593,7330,1,0,0,2026-08-20T04:33:11.468Z
ef5f34df-4e50-44da-bf1b-6d3e39722e53,t10,t10,Business traveller,lpc0df6,Fern Colombo,4237597-RO-RFN,Deluxe Twin Room,16245,Room Only,true,25,2,false,,16547,7472,1,0,0,2026-08-20T04:33:23.864Z
ec74a677-7c89-4777-80ae-7998ba4070bd,t6,t6,Beach weekender,lp7c172,Mirage Colombo,487132-RO-RFN,Standard Double Room,20482,Room Only,true,27,5,false,,49389,40237,1,0,0,2026-08-20T04:33:28.495Z
d2815657-9ce1-4a95-87b9-af24273b6425,t9,t9,Remote worker,lp40d3f,Global Towers Hotel & Apartments,476929-RO-RFN,Two-Bedroom Apartment with Sea View/City view,41030,Room Only,true,124,3,false,,19138,8946,1,0,0,2026-08-20T04:33:30.448Z
aa4e41b0-47bb-4210-be9c-16e9fd076f31,t10,t10,Business traveller,lpc0df6,Fern Colombo,4237595-RO-RFN,King Room,16245,Room Only,true,25,2,false,,19725,8967,1,0,0,2026-08-20T04:33:31.549Z
ef5f34df-4e50-44da-bf1b-6d3e39722e53,t_attn,t_attn,Attention check,lpb1537,Shangri-La Colombo,2416733-RO-NRF,Deluxe Lake View King,68781,Room Only,false,42,5,true,true,20415,10162,1,0,0,2026-08-20T04:33:44.705Z
d2815657-9ce1-4a95-87b9-af24273b6425,t10,t10,Business traveller,lp857b8,Zylan Colombo,481438-RO-RFN,Executive Room with Jacuzzi - 10% off on Food & Beverage,34557,Room Only,true,60,5,false,,17534,8336,1,0,0,2026-08-20T04:33:48.332Z
ec74a677-7c89-4777-80ae-7998ba4070bd,t7,t7,Long-stay consultant,lp857b8,Zylan Colombo,1461137737-RO-RFN,Deluxe Triple Room,35761,Room Only,true,32,5,false,,19570,9187,1,0,0,2026-08-20T04:33:48.703Z
aa4e41b0-47bb-4210-be9c-16e9fd076f31,t_attn,t_attn,Attention check,lpb1537,Shangri-La Colombo,2416733-RO-NRF,Deluxe Lake View King,68781,Room Only,false,42,5,true,true,18515,8492,1,0,0,2026-08-20T04:33:50.415Z
ec74a677-7c89-4777-80ae-7998ba4070bd,t8,t8,Value-seeking couple,lp6557c6e0,Granbell Hotel Colombo,1459818931-RO-NRF,Superior Twin Room with City View,29667,Room Only,false,0,3,false,,18196,8703,1,0,0,2026-08-20T04:34:07.390Z
ec74a677-7c89-4777-80ae-7998ba4070bd,t9,t9,Remote worker,lp40d3f,Global Towers Hotel & Apartments,476929-RO-RFN,Two-Bedroom Apartment with Sea View/City view,41030,Room Only,true,124,3,false,,16265,7068,1,0,0,2026-08-20T04:34:23.989Z
b8d6d571-d8ec-4404-b1a1-981955522d56,t1,t1,Evening walker,lp656d40c7,Sheraton Colombo Hotel,1460149481-RO-RFN,Deluxe Twin Room with Ocean View with 15% spa discount per room + 15% F&B discount per room + Early check in a,63767,Room Only,true,36,5,false,,15285,6071,1,0,0,2026-08-20T04:35:26.108Z
fe54fe14-2fc8-4c92-84ad-9759d959991a,t1,t1,Evening walker,lpb1537,Shangri-La Colombo,2416733-RO-NRF,Deluxe Lake View King,68781,Room Only,false,42,5,false,,17436,8315,1,0,0,2026-08-20T04:35:27.043Z
aed3a47f-8063-4464-ad9f-745068b9619d,t1,t1,Evening walker,lp65589ffb,MaRadha Colombo,8208286-BI-RFN,Standard Double Room,42521,Breakfast Included,true,27,2,false,,18861,8128,1,0,0,2026-08-20T04:35:27.871Z
80ed12c9-13d3-47c5-944b-9036eb046790,t1,t1,Evening walker,lp3e58e,The Kingsbury Colombo,479092-BI-RFN,Superior Room,37797,Breakfast Included,true,23,2,false,,18897,8451,1,0,0,2026-08-20T04:35:28.960Z
b8d6d571-d8ec-4404-b1a1-981955522d56,t2,t2,Business traveller,lp65589ffb,MaRadha Colombo,8208286-RO-RFN,Standard Double Room,35408,Room Only,true,27,2,false,,17614,7195,1,0,0,2026-08-20T04:35:44.181Z
80ed12c9-13d3-47c5-944b-9036eb046790,t2,t2,Business traveller,lp72a36,Best Western Elyon Colombo,1459894716-RO-RFN,"Deluxe Room, 2 Twin Beds, Non Smoking",19568,Room Only,true,,3,false,,15559,5973,1,0,0,2026-08-20T04:35:45.161Z
fe54fe14-2fc8-4c92-84ad-9759d959991a,t2,t2,Business traveller,lp857b8,Zylan Colombo,1461137737-RO-RFN,Deluxe Triple Room,35761,Room Only,true,32,5,false,,19675,9585,1,0,0,2026-08-20T04:35:47.080Z
aed3a47f-8063-4464-ad9f-745068b9619d,t2,t2,Business traveller,lpc0df6,Fern Colombo,4237595-RO-RFN,King Room,16245,Room Only,true,25,2,false,,20096,9606,1,0,0,2026-08-20T04:35:48.350Z
b8d6d571-d8ec-4404-b1a1-981955522d56,t3,t3,Self-funded worker,lp655a9e91,Zest Metropole,4358364-BI-RFN,Deluxe Double Room,26743,Breakfast Included,true,20,5,false,,17894,9695,1,0,0,2026-08-20T04:36:02.548Z
80ed12c9-13d3-47c5-944b-9036eb046790,t3,t3,Self-funded worker,lp81760,The Steuart by Citrus,1459938501-RO-NRF,"Premium Room, City View - Early check-in or late check-out subject to availability",22604,Room Only,false,123,5,false,,18286,7816,1,0,0,2026-08-20T04:36:03.904Z
fe54fe14-2fc8-4c92-84ad-9759d959991a,t3,t3,Self-funded worker,lp81760,The Steuart by Citrus,1459938501-BI-NRF,"Premium Room, City View - Early check-in or late check-out subject to availability",25519,Breakfast Included,false,123,5,false,,16652,7363,1,0,0,2026-08-20T04:36:04.063Z
aed3a47f-8063-4464-ad9f-745068b9619d,t3,t3,Self-funded worker,lp65589ffb,MaRadha Colombo,8208286-RO-RFN,Standard Double Room,35408,Room Only,true,27,2,false,,19869,9666,1,0,0,2026-08-20T04:36:08.573Z
b8d6d571-d8ec-4404-b1a1-981955522d56,t4,t4,Family on holiday,lp65589ffb,MaRadha Colombo,8208286-RO-RFN,Standard Double Room,35408,Room Only,true,27,2,false,,15049,6547,1,0,0,2026-08-20T04:36:17.964Z
80ed12c9-13d3-47c5-944b-9036eb046790,t4,t4,Family on holiday,lp76eba,Radisson Hotel Colombo,7559276-BI-RFN,Superior Room,36248,Breakfast Included,true,24,5,false,,17492,8183,1,0,0,2026-08-20T04:36:21.738Z
fe54fe14-2fc8-4c92-84ad-9759d959991a,t4,t4,Family on holiday,lp76eba,Radisson Hotel Colombo,7559276-BI-RFN,Superior Room,36248,Breakfast Included,true,24,5,false,,19850,10315,1,0,0,2026-08-20T04:36:24.265Z
aed3a47f-8063-4464-ad9f-745068b9619d,t4,t4,Family on holiday,lp76eba,Radisson Hotel Colombo,7559276-RO-RFN,Superior Room,27402,Room Only,true,24,5,false,,18439,7848,1,0,0,2026-08-20T04:36:27.371Z
b8d6d571-d8ec-4404-b1a1-981955522d56,t5,t5,Light sleeper,lp72a36,Best Western Elyon Colombo,513432-RO-RFN,Deluxe King Room,19568,Room Only,true,24,3,false,,19607,9810,1,0,0,2026-08-20T04:36:37.941Z
80ed12c9-13d3-47c5-944b-9036eb046790,t5,t5,Light sleeper,lp72a36,Best Western Elyon Colombo,513432-RO-RFN,Deluxe King Room,19568,Room Only,true,24,3,false,,19167,10174,1,0,0,2026-08-20T04:36:41.244Z
fe54fe14-2fc8-4c92-84ad-9759d959991a,t5,t5,Light sleeper,lp72a36,Best Western Elyon Colombo,1459894716-RO-RFN,"Deluxe Room, 2 Twin Beds, Non Smoking",19568,Room Only,true,,3,false,,18272,8171,1,0,0,2026-08-20T04:36:42.875Z
aed3a47f-8063-4464-ad9f-745068b9619d,t5,t5,Light sleeper,lp65589ffb,MaRadha Colombo,8208286-BI-RFN,Standard Double Room,42521,Breakfast Included,true,27,2,false,,18601,8303,1,0,0,2026-08-20T04:36:46.311Z
b8d6d571-d8ec-4404-b1a1-981955522d56,t6,t6,Beach weekender,lp656d40c7,Sheraton Colombo Hotel,5289360-RO-RFN,Deluxe Twin Room with City View with 15% spa discount per room + 15% F&B discount per room + Early check in an,56627,Room Only,true,36,5,false,,20438,9000,1,0,0,2026-08-20T04:36:58.736Z
fe54fe14-2fc8-4c92-84ad-9759d959991a,t6,t6,Beach weekender,lp7c172,Mirage Colombo,487132-BI-RFN,Standard Double Room,24581,Breakfast Included,true,27,5,false,,16773,6313,1,0,0,2026-08-20T04:36:59.986Z
80ed12c9-13d3-47c5-944b-9036eb046790,t6,t6,Beach weekender,lp67708,Supun Arcade Residency,481434-RO-RFN,One-Bedroom Apartment with 15% Discount on Food & Beverage,20768,Room Only,true,121,5,false,,20925,9712,1,0,0,2026-08-20T04:37:02.752Z
aed3a47f-8063-4464-ad9f-745068b9619d,t6,t6,Beach weekender,lpb1537,Shangri-La Colombo,2416743-RO-NRF,Deluxe Lake View Twin,68781,Room Only,false,42,5,false,,17954,7551,1,0,0,2026-08-20T04:37:04.618Z
b8d6d571-d8ec-4404-b1a1-981955522d56,t7,t7,Long-stay consultant,lp656d40c7,Sheraton Colombo Hotel,5289365-RO-RFN,Deluxe King Room with City View with 15% spa discount per room + 15% F&B discount per room + Early check in an,56627,Room Only,true,36,5,false,,16200,6595,1,0,0,2026-08-20T04:37:15.367Z
fe54fe14-2fc8-4c92-84ad-9759d959991a,t7,t7,Long-stay consultant,lp857b8,Zylan Colombo,481438-RO-RFN,Executive Room with Jacuzzi - 10% off on Food & Beverage,34557,Room Only,true,60,5,false,,17253,8114,1,0,0,2026-08-20T04:37:17.964Z
80ed12c9-13d3-47c5-944b-9036eb046790,t7,t7,Long-stay consultant,lp857b8,Zylan Colombo,1461137737-RO-RFN,Deluxe Triple Room,35761,Room Only,true,32,5,false,,17867,6865,1,0,0,2026-08-20T04:37:21.216Z
aed3a47f-8063-4464-ad9f-745068b9619d,t7,t7,Long-stay consultant,lp656d40c7,Sheraton Colombo Hotel,5289360-RO-RFN,Deluxe Twin Room with City View with 15% spa discount per room + 15% F&B discount per room + Early check in an,56627,Room Only,true,36,5,false,,16645,6026,1,0,0,2026-08-20T04:37:21.990Z
b8d6d571-d8ec-4404-b1a1-981955522d56,t8,t8,Value-seeking couple,lp6557c6e0,Granbell Hotel Colombo,4368098-RO-NRF,Superior Double City View,28807,Room Only,false,27,3,false,,18069,8051,1,0,0,2026-08-20T04:37:34.046Z
fe54fe14-2fc8-4c92-84ad-9759d959991a,t8,t8,Value-seeking couple,lp656d40c7,Sheraton Colombo Hotel,5289365-RO-RFN,Deluxe King Room with City View with 15% spa discount per room + 15% F&B discount per room + Early check in an,56627,Room Only,true,36,5,false,,16869,6641,1,0,0,2026-08-20T04:37:35.383Z
aed3a47f-8063-4464-ad9f-745068b9619d,t8,t8,Value-seeking couple,lp656d40c7,Sheraton Colombo Hotel,5289365-RO-RFN,Deluxe King Room with City View with 15% spa discount per room + 15% F&B discount per room + Early check in an,56627,Room Only,true,36,5,false,,16527,6355,1,0,0,2026-08-20T04:37:38.880Z
80ed12c9-13d3-47c5-944b-9036eb046790,t8,t8,Value-seeking couple,lp6557c6e0,Granbell Hotel Colombo,4368098-RO-NRF,Superior Double City View,28807,Room Only,false,27,3,false,,17803,7457,1,0,0,2026-08-20T04:37:39.459Z
b8d6d571-d8ec-4404-b1a1-981955522d56,t9,t9,Remote worker,lp65589ffb,MaRadha Colombo,8208286-RO-RFN,Standard Double Room,35408,Room Only,true,27,2,false,,16616,6820,1,0,0,2026-08-20T04:37:51.028Z
fe54fe14-2fc8-4c92-84ad-9759d959991a,t9,t9,Remote worker,lp40d3f,Global Towers Hotel & Apartments,476927-RO-RFN,Double or Twin Room,16041,Room Only,true,27,3,false,,17070,6218,1,0,0,2026-08-20T04:37:52.799Z
aed3a47f-8063-4464-ad9f-745068b9619d,t9,t9,Remote worker,lp65589ffb,MaRadha Colombo,8208286-BI-RFN,Standard Double Room,42521,Breakfast Included,true,27,2,false,,15170,5741,1,0,0,2026-08-20T04:37:54.485Z
80ed12c9-13d3-47c5-944b-9036eb046790,t9,t9,Remote worker,lp7c172,Mirage Colombo,487132-RO-RFN,Standard Double Room,20482,Room Only,true,27,5,false,,19437,10000,1,0,0,2026-08-20T04:37:59.262Z
aed3a47f-8063-4464-ad9f-745068b9619d,t10,t10,Business traveller,lpb1537,Shangri-La Colombo,2416733-RO-NRF,Deluxe Lake View King,68781,Room Only,false,42,5,false,,17148,7266,1,0,0,2026-08-20T04:38:11.977Z
b8d6d571-d8ec-4404-b1a1-981955522d56,t10,t10,Business traveller,lpb1537,Shangri-La Colombo,2416743-RO-NRF,Deluxe Lake View Twin,68781,Room Only,false,42,5,false,,21561,9811,1,0,0,2026-08-20T04:38:12.932Z
fe54fe14-2fc8-4c92-84ad-9759d959991a,t10,t10,Business traveller,lp857b8,Zylan Colombo,1461137737-RO-RFN,Deluxe Triple Room,35761,Room Only,true,32,5,false,,20814,9160,1,0,0,2026-08-20T04:38:13.982Z
80ed12c9-13d3-47c5-944b-9036eb046790,t10,t10,Business traveller,lp857b8,Zylan Colombo,1461137737-RO-RFN,Deluxe Triple Room,35761,Room Only,true,32,5,false,,17401,6647,1,0,0,2026-08-20T04:38:17.067Z
fe54fe14-2fc8-4c92-84ad-9759d959991a,t_attn,t_attn,Attention check,lpb1537,Shangri-La Colombo,2416733-RO-NRF,Deluxe Lake View King,68781,Room Only,false,42,5,true,true,16743,7478,1,0,0,2026-08-20T04:38:31.080Z
b8d6d571-d8ec-4404-b1a1-981955522d56,t_attn,t_attn,Attention check,lpb1537,Shangri-La Colombo,2416733-RO-NRF,Deluxe Lake View King,68781,Room Only,false,42,5,true,true,18889,8101,1,0,0,2026-08-20T04:38:32.153Z
aed3a47f-8063-4464-ad9f-745068b9619d,t_attn,t_attn,Attention check,lpb1537,Shangri-La Colombo,2416743-RO-NRF,Deluxe Lake View Twin,68781,Room Only,false,42,5,true,true,20614,10169,1,0,0,2026-08-20T04:38:33.179Z
80ed12c9-13d3-47c5-944b-9036eb046790,t_attn,t_attn,Attention check,lpb1537,Shangri-La Colombo,2416743-RO-NRF,Deluxe Lake View Twin,68781,Room Only,false,42,5,true,true,17444,5794,1,0,0,2026-08-20T04:38:34.867Z
dfbdc4a1-6a0d-46dc-a279-82469c93fd33,t1,t1,Evening walker,lp656d40c7,Sheraton Colombo Hotel,5289365-RO-RFN,Deluxe King Room with City View with 15% spa discount per room + 15% F&B discount per room + Early check in an,56627,Room Only,true,36,5,false,,15752,6725,1,0,0,2026-08-20T04:39:05.324Z
020442c7-1745-4f8a-8023-cb41cbe72d4d,t1,t1,Evening walker,lp6f007,Clock Inn Colombo,1321691605-BI-RFN,Standard Double Room,13715,Breakfast Included,true,25,2,false,,20365,10004,1,0,0,2026-08-20T04:39:10.196Z
9380633f-d760-4414-9673-76d6fe889693,t1,t1,Evening walker,lp65589ffb,MaRadha Colombo,8208286-RO-RFN,Standard Double Room,35408,Room Only,true,27,2,false,,17971,8199,1,0,0,2026-08-20T04:39:10.409Z
d126a8c8-82e1-4a8b-ada8-52308479a8d6,t1,t1,Evening walker,lpb1537,Shangri-La Colombo,2416733-RO-NRF,Deluxe Lake View King,68781,Room Only,false,42,5,false,,20607,9433,1,0,0,2026-08-20T04:39:11.277Z
dfbdc4a1-6a0d-46dc-a279-82469c93fd33,t2,t2,Business traveller,lp65589ffb,MaRadha Colombo,8208286-BI-RFN,Standard Double Room,42521,Breakfast Included,true,27,2,false,,18842,9385,1,0,0,2026-08-20T04:39:25.113Z
d126a8c8-82e1-4a8b-ada8-52308479a8d6,t2,t2,Business traveller,lp72a36,Best Western Elyon Colombo,1459894716-RO-RFN,"Deluxe Room, 2 Twin Beds, Non Smoking",19568,Room Only,true,,3,false,,16337,6229,1,0,0,2026-08-20T04:39:28.184Z
020442c7-1745-4f8a-8023-cb41cbe72d4d,t2,t2,Business traveller,lp656d40c7,Sheraton Colombo Hotel,1460149481-RO-RFN,Deluxe Twin Room with Ocean View with 15% spa discount per room + 15% F&B discount per room + Early check in a,63767,Room Only,true,36,5,false,,17745,7997,1,0,0,2026-08-20T04:39:28.624Z
9380633f-d760-4414-9673-76d6fe889693,t2,t2,Business traveller,lpb1537,Shangri-La Colombo,2416733-RO-RFN,Deluxe Lake View King,73076,Room Only,true,42,5,false,,19176,9798,1,0,0,2026-08-20T04:39:30.489Z
dfbdc4a1-6a0d-46dc-a279-82469c93fd33,t3,t3,Self-funded worker,lp65589ffb,MaRadha Colombo,8208286-RO-RFN,Standard Double Room,35408,Room Only,true,27,2,false,,16866,7373,1,0,0,2026-08-20T04:39:42.660Z
020442c7-1745-4f8a-8023-cb41cbe72d4d,t3,t3,Self-funded worker,lp65589ffb,MaRadha Colombo,8208286-RO-RFN,Standard Double Room,35408,Room Only,true,27,2,false,,16498,6991,1,0,0,2026-08-20T04:39:45.707Z
d126a8c8-82e1-4a8b-ada8-52308479a8d6,t3,t3,Self-funded worker,lp9855f,Fairway Colombo - Sri Lanka's First Hotel With Robot Technology,1459638294-BI-RFN,Superior Balcony Room,32800,Breakfast Included,true,31,5,false,,17845,8894,1,0,0,2026-08-20T04:39:46.391Z
9380633f-d760-4414-9673-76d6fe889693,t3,t3,Self-funded worker,lpb1537,Shangri-La Colombo,2416733-RO-RFN,Deluxe Lake View King,73076,Room Only,true,42,5,false,,16913,8112,1,0,0,2026-08-20T04:39:47.797Z
020442c7-1745-4f8a-8023-cb41cbe72d4d,t4,t4,Family on holiday,lp656d40c7,Sheraton Colombo Hotel,5289360-RO-RFN,Deluxe Twin Room with City View with 15% spa discount per room + 15% F&B discount per room + Early check in an,56627,Room Only,true,36,5,false,,15790,6536,1,0,0,2026-08-20T04:40:01.872Z
dfbdc4a1-6a0d-46dc-a279-82469c93fd33,t4,t4,Family on holiday,lp6f007,Clock Inn Colombo,1321691606-BI-RFN,Family Quadruple Room,16763,Breakfast Included,true,25,2,false,,19317,8065,1,0,0,2026-08-20T04:40:02.541Z
d126a8c8-82e1-4a8b-ada8-52308479a8d6,t4,t4,Family on holiday,lp76eba,Radisson Hotel Colombo,7559276-BI-RFN,Superior Room,36248,Breakfast Included,true,24,5,false,,18168,8120,1,0,0,2026-08-20T04:40:04.911Z
9380633f-d760-4414-9673-76d6fe889693,t4,t4,Family on holiday,lp76eba,Radisson Hotel Colombo,7559276-BI-RFN,Superior Room,36248,Breakfast Included,true,24,5,false,,17313,7534,1,0,0,2026-08-20T04:40:05.460Z
dfbdc4a1-6a0d-46dc-a279-82469c93fd33,t5,t5,Light sleeper,lp656d40c7,Sheraton Colombo Hotel,1460149481-RO-RFN,Deluxe Twin Room with Ocean View with 15% spa discount per room + 15% F&B discount per room + Early check in a,63767,Room Only,true,36,5,false,,17662,6381,1,0,0,2026-08-20T04:40:20.572Z
020442c7-1745-4f8a-8023-cb41cbe72d4d,t5,t5,Light sleeper,lp65589ffb,MaRadha Colombo,8208286-RO-RFN,Standard Double Room,35408,Room Only,true,27,2,false,,19296,9695,1,0,0,2026-08-20T04:40:21.609Z
9380633f-d760-4414-9673-76d6fe889693,t5,t5,Light sleeper,lp65589ffb,MaRadha Colombo,8208286-BI-RFN,Standard Double Room,42521,Breakfast Included,true,27,2,false,,16741,6404,1,0,0,2026-08-20T04:40:22.549Z
d126a8c8-82e1-4a8b-ada8-52308479a8d6,t5,t5,Light sleeper,lp72a36,Best Western Elyon Colombo,1459894716-RO-RFN,"Deluxe Room, 2 Twin Beds, Non Smoking",19568,Room Only,true,,3,false,,19992,9273,1,0,0,2026-08-20T04:40:25.282Z
020442c7-1745-4f8a-8023-cb41cbe72d4d,t6,t6,Beach weekender,lp65589ffb,MaRadha Colombo,8208286-BI-RFN,Standard Double Room,42521,Breakfast Included,true,27,2,false,,1242794,7607,1,0,0,2026-08-20T05:01:02.085Z
d126a8c8-82e1-4a8b-ada8-52308479a8d6,t6,t6,Beach weekender,lp7c172,Mirage Colombo,487132-RO-RFN,Standard Double Room,20482,Room Only,true,27,5,false,,1244042,6963,1,0,0,2026-08-20T05:01:03.374Z
dfbdc4a1-6a0d-46dc-a279-82469c93fd33,t6,t6,Beach weekender,lp7c172,Mirage Colombo,487132-RO-RFN,Standard Double Room,20482,Room Only,true,27,5,false,,1248980,10692,1,0,0,2026-08-20T05:01:03.663Z
9380633f-d760-4414-9673-76d6fe889693,t6,t6,Beach weekender,lpb1537,Shangri-La Colombo,2416733-RO-RFN,Deluxe Lake View King,73076,Room Only,true,42,5,false,,1247632,8594,1,0,0,2026-08-20T05:01:04.551Z
020442c7-1745-4f8a-8023-cb41cbe72d4d,t7,t7,Long-stay consultant,lp65589ffb,MaRadha Colombo,8208286-RO-RFN,Standard Double Room,35408,Room Only,true,27,2,false,,13897,4824,1,0,0,2026-08-20T05:01:17.316Z
dfbdc4a1-6a0d-46dc-a279-82469c93fd33,t7,t7,Long-stay consultant,lp65589ffb,MaRadha Colombo,8208286-RO-RFN,Standard Double Room,35408,Room Only,true,27,2,false,,14400,5715,1,0,0,2026-08-20T05:01:18.739Z
9380633f-d760-4414-9673-76d6fe889693,t7,t7,Long-stay consultant,lp656d40c7,Sheraton Colombo Hotel,1460149481-RO-RFN,Deluxe Twin Room with Ocean View with 15% spa discount per room + 15% F&B discount per room + Early check in a,63767,Room Only,true,36,5,false,,14487,5957,1,0,0,2026-08-20T05:01:19.389Z
d126a8c8-82e1-4a8b-ada8-52308479a8d6,t7,t7,Long-stay consultant,lp857b8,Zylan Colombo,481438-RO-RFN,Executive Room with Jacuzzi - 10% off on Food & Beverage,34557,Room Only,true,60,5,false,,16012,6740,1,0,0,2026-08-20T05:01:19.749Z
020442c7-1745-4f8a-8023-cb41cbe72d4d,t8,t8,Value-seeking couple,lp656d40c7,Sheraton Colombo Hotel,5289360-RO-RFN,Deluxe Twin Room with City View with 15% spa discount per room + 15% F&B discount per room + Early check in an,56627,Room Only,true,36,5,false,,15014,4915,1,0,0,2026-08-20T05:01:32.790Z
dfbdc4a1-6a0d-46dc-a279-82469c93fd33,t8,t8,Value-seeking couple,lp6557c6e0,Granbell Hotel Colombo,1459818931-RO-NRF,Superior Twin Room with City View,29667,Room Only,false,0,3,false,,17087,8225,1,0,0,2026-08-20T05:01:36.190Z
9380633f-d760-4414-9673-76d6fe889693,t8,t8,Value-seeking couple,lp656d40c7,Sheraton Colombo Hotel,5289360-RO-RFN,Deluxe Twin Room with City View with 15% spa discount per room + 15% F&B discount per room + Early check in an,56627,Room Only,true,36,5,false,,18908,10008,1,0,0,2026-08-20T05:01:38.652Z
d126a8c8-82e1-4a8b-ada8-52308479a8d6,t8,t8,Value-seeking couple,lp6557c6e0,Granbell Hotel Colombo,1459818931-RO-NRF,Superior Twin Room with City View,29667,Room Only,false,0,3,false,,20564,10179,1,0,0,2026-08-20T05:01:40.884Z
020442c7-1745-4f8a-8023-cb41cbe72d4d,t9,t9,Remote worker,lp65589ffb,MaRadha Colombo,8208286-RO-RFN,Standard Double Room,35408,Room Only,true,27,2,false,,20202,9874,1,0,0,2026-08-20T05:01:53.413Z
d126a8c8-82e1-4a8b-ada8-52308479a8d6,t9,t9,Remote worker,lp67708,Supun Arcade Residency,481434-RO-RFN,One-Bedroom Apartment with 15% Discount on Food & Beverage,20768,Room Only,true,121,5,false,,14669,5825,1,0,0,2026-08-20T05:01:55.919Z
dfbdc4a1-6a0d-46dc-a279-82469c93fd33,t9,t9,Remote worker,lp65589ffb,MaRadha Colombo,8208286-RO-RFN,Standard Double Room,35408,Room Only,true,27,2,false,,19367,9544,1,0,0,2026-08-20T05:01:55.974Z
9380633f-d760-4414-9673-76d6fe889693,t9,t9,Remote worker,lpb1537,Shangri-La Colombo,2416733-RO-RFN,Deluxe Lake View King,73076,Room Only,true,42,5,false,,19672,10118,1,0,0,2026-08-20T05:02:00.163Z
020442c7-1745-4f8a-8023-cb41cbe72d4d,t10,t10,Business traveller,lp65589ffb,MaRadha Colombo,8208286-RO-RFN,Standard Double Room,35408,Room Only,true,27,2,false,,16764,8155,1,0,0,2026-08-20T05:02:10.521Z
dfbdc4a1-6a0d-46dc-a279-82469c93fd33,t10,t10,Business traveller,lp656d40c7,Sheraton Colombo Hotel,5289360-RO-RFN,Deluxe Twin Room with City View with 15% spa discount per room + 15% F&B discount per room + Early check in an,56627,Room Only,true,36,5,false,,17255,6632,1,0,0,2026-08-20T05:02:13.574Z
d126a8c8-82e1-4a8b-ada8-52308479a8d6,t10,t10,Business traveller,lpc0df6,Fern Colombo,4237597-RO-RFN,Deluxe Twin Room,16245,Room Only,true,25,2,false,,17584,7586,1,0,0,2026-08-20T05:02:14.316Z
9380633f-d760-4414-9673-76d6fe889693,t10,t10,Business traveller,lpb1537,Shangri-La Colombo,2416743-RO-NRF,Deluxe Lake View Twin,68781,Room Only,false,42,5,false,,19076,7680,1,0,0,2026-08-20T05:02:19.573Z
020442c7-1745-4f8a-8023-cb41cbe72d4d,t_attn,t_attn,Attention check,lpb1537,Shangri-La Colombo,2416733-RO-NRF,Deluxe Lake View King,68781,Room Only,false,42,5,true,true,17329,6867,1,0,0,2026-08-20T05:02:29.282Z
dfbdc4a1-6a0d-46dc-a279-82469c93fd33,t_attn,t_attn,Attention check,lpb1537,Shangri-La Colombo,2416733-RO-RFN,Deluxe Lake View King,73076,Room Only,true,42,5,true,true,16518,6123,1,0,0,2026-08-20T05:02:30.756Z
d126a8c8-82e1-4a8b-ada8-52308479a8d6,t_attn,t_attn,Attention check,lpb1537,Shangri-La Colombo,2416743-RO-NRF,Deluxe Lake View Twin,68781,Room Only,false,42,5,true,true,16729,5628,1,0,0,2026-08-20T05:02:31.603Z
9380633f-d760-4414-9673-76d6fe889693,t_attn,t_attn,Attention check,lpb1537,Shangri-La Colombo,2416743-RO-NRF,Deluxe Lake View Twin,68781,Room Only,false,42,5,true,true,17968,7626,1,0,0,2026-08-20T05:02:37.895Z
00a577a1-56c6-4343-98d3-ad1084509dd0,t1,t1,Evening walker,lpb1537,Shangri-La Colombo,2416733-RO-NRF,Deluxe Lake View King,68781,Room Only,false,42,5,false,,15711,6225,1,0,0,2026-08-20T05:03:08.001Z
6a996d26-50da-4b6f-a3f5-e67193988a23,t1,t1,Evening walker,lpb1537,Shangri-La Colombo,2416733-RO-NRF,Deluxe Lake View King,68781,Room Only,false,42,5,false,,17212,7535,1,0,0,2026-08-20T05:03:09.291Z
ec800c26-1171-4250-b87d-c793487a9352,t1,t1,Evening walker,lp65589ffb,MaRadha Colombo,8208286-RO-RFN,Standard Double Room,35408,Room Only,true,27,2,false,,18196,7408,1,0,0,2026-08-20T05:03:10.602Z
4eeac18e-fa92-4794-bf7d-e0559d90c2b4,t1,t1,Evening walker,lp33ddb,"Taj Samudra, Colombo",478634-BI-RFN,Deluxe Room City View Twin Bed,43993,Breakfast Included,true,35,5,false,,20190,10341,1,0,0,2026-08-20T05:03:16.114Z
ec800c26-1171-4250-b87d-c793487a9352,t2,t2,Business traveller,lp656d40c7,Sheraton Colombo Hotel,5289365-RO-RFN,Deluxe King Room with City View with 15% spa discount per room + 15% F&B discount per room + Early check in an,56627,Room Only,true,36,5,false,,14665,5684,1,0,0,2026-08-20T05:03:26.087Z
6a996d26-50da-4b6f-a3f5-e67193988a23,t2,t2,Business traveller,lp857b8,Zylan Colombo,481438-RO-RFN,Executive Room with Jacuzzi - 10% off on Food & Beverage,34557,Room Only,true,60,5,false,,16292,7260,1,0,0,2026-08-20T05:03:26.123Z
00a577a1-56c6-4343-98d3-ad1084509dd0,t2,t2,Business traveller,lp65589ffb,MaRadha Colombo,8208286-RO-RFN,Standard Double Room,35408,Room Only,true,27,2,false,,17355,6693,1,0,0,2026-08-20T05:03:26.366Z
4eeac18e-fa92-4794-bf7d-e0559d90c2b4,t2,t2,Business traveller,lp857b8,Zylan Colombo,481438-RO-RFN,Executive Room with Jacuzzi - 10% off on Food & Beverage,34557,Room Only,true,60,5,false,,17358,7040,1,0,0,2026-08-20T05:03:34.137Z
00a577a1-56c6-4343-98d3-ad1084509dd0,t3,t3,Self-funded worker,lpb1537,Shangri-La Colombo,2416733-RO-NRF,Deluxe Lake View King,68781,Room Only,false,42,5,false,,16870,7057,1,0,0,2026-08-20T05:03:43.983Z
6a996d26-50da-4b6f-a3f5-e67193988a23,t3,t3,Self-funded worker,lp81760,The Steuart by Citrus,1459938501-RO-NRF,"Premium Room, City View - Early check-in or late check-out subject to availability",22604,Room Only,false,123,5,false,,18798,7673,1,0,0,2026-08-20T05:03:45.423Z
ec800c26-1171-4250-b87d-c793487a9352,t3,t3,Self-funded worker,lp656d40c7,Sheraton Colombo Hotel,1460149481-RO-RFN,Deluxe Twin Room with Ocean View with 15% spa discount per room + 15% F&B discount per room + Early check in a,63767,Room Only,true,36,5,false,,20566,9899,1,0,0,2026-08-20T05:03:47.196Z
4eeac18e-fa92-4794-bf7d-e0559d90c2b4,t3,t3,Self-funded worker,lp655a9e91,Zest Metropole,4358364-BI-RFN,Deluxe Double Room,26743,Breakfast Included,true,20,5,false,,17727,7667,1,0,0,2026-08-20T05:03:52.386Z
00a577a1-56c6-4343-98d3-ad1084509dd0,t4,t4,Family on holiday,lp656d40c7,Sheraton Colombo Hotel,1460149481-RO-RFN,Deluxe Twin Room with Ocean View with 15% spa discount per room + 15% F&B discount per room + Early check in a,63767,Room Only,true,36,5,false,,17672,6999,1,0,0,2026-08-20T05:04:02.388Z
6a996d26-50da-4b6f-a3f5-e67193988a23,t4,t4,Family on holiday,lp76eba,Radisson Hotel Colombo,7559276-BI-RFN,Superior Room,36248,Breakfast Included,true,24,5,false,,19991,9103,1,0,0,2026-08-20T05:04:06.350Z
ec800c26-1171-4250-b87d-c793487a9352,t4,t4,Family on holiday,lp656d40c7,Sheraton Colombo Hotel,5289360-RO-RFN,Deluxe Twin Room with City View with 15% spa discount per room + 15% F&B discount per room + Early check in an,56627,Room Only,true,36,5,false,,20449,9821,1,0,0,2026-08-20T05:04:08.004Z
4eeac18e-fa92-4794-bf7d-e0559d90c2b4,t4,t4,Family on holiday,lp65589ffb,MaRadha Colombo,8208286-BI-RFN,Standard Double Room,42521,Breakfast Included,true,27,2,false,,18721,9249,1,0,0,2026-08-20T05:04:11.549Z
00a577a1-56c6-4343-98d3-ad1084509dd0,t5,t5,Light sleeper,lpb1537,Shangri-La Colombo,2416733-RO-NRF,Deluxe Lake View King,68781,Room Only,false,42,5,false,,16092,7023,1,0,0,2026-08-20T05:04:18.880Z
6a996d26-50da-4b6f-a3f5-e67193988a23,t5,t5,Light sleeper,lp67708,Supun Arcade Residency,481434-BI-RFN,One-Bedroom Apartment with 15% Discount on Food & Beverage,24663,Breakfast Included,true,121,5,false,,19242,9533,1,0,0,2026-08-20T05:04:25.996Z
ec800c26-1171-4250-b87d-c793487a9352,t5,t5,Light sleeper,lp65589ffb,MaRadha Colombo,8208286-RO-RFN,Standard Double Room,35408,Room Only,true,27,2,false,,18464,7961,1,0,0,2026-08-20T05:04:26.891Z
4eeac18e-fa92-4794-bf7d-e0559d90c2b4,t5,t5,Light sleeper,lp67708,Supun Arcade Residency,481434-BI-RFN,One-Bedroom Apartment with 15% Discount on Food & Beverage,24663,Breakfast Included,true,121,5,false,,16983,9019,1,0,0,2026-08-20T05:04:28.893Z
00a577a1-56c6-4343-98d3-ad1084509dd0,t6,t6,Beach weekender,lp656d40c7,Sheraton Colombo Hotel,5289365-RO-RFN,Deluxe King Room with City View with 15% spa discount per room + 15% F&B discount per room + Early check in an,56627,Room Only,true,36,5,false,,17442,8541,1,0,0,2026-08-20T05:04:36.923Z
6a996d26-50da-4b6f-a3f5-e67193988a23,t6,t6,Beach weekender,lp7c172,Mirage Colombo,487132-BI-RFN,Standard Double Room,24581,Breakfast Included,true,27,5,false,,15231,6966,1,0,0,2026-08-20T05:04:41.996Z
ec800c26-1171-4250-b87d-c793487a9352,t6,t6,Beach weekender,lp7c172,Mirage Colombo,487132-RO-RFN,Standard Double Room,20482,Room Only,true,27,5,false,,18723,8190,1,0,0,2026-08-20T05:04:45.940Z
4eeac18e-fa92-4794-bf7d-e0559d90c2b4,t6,t6,Beach weekender,lp7c172,Mirage Colombo,487132-RO-RFN,Standard Double Room,20482,Room Only,true,27,5,false,,19522,9273,1,0,0,2026-08-20T05:04:48.767Z
00a577a1-56c6-4343-98d3-ad1084509dd0,t7,t7,Long-stay consultant,lp656d40c7,Sheraton Colombo Hotel,5289365-RO-RFN,Deluxe King Room with City View with 15% spa discount per room + 15% F&B discount per room + Early check in an,56627,Room Only,true,36,5,false,,16789,7416,1,0,0,2026-08-20T05:04:54.618Z
6a996d26-50da-4b6f-a3f5-e67193988a23,t7,t7,Long-stay consultant,lpc0df6,Fern Colombo,4237595-RO-RFN,King Room,16245,Room Only,true,25,2,false,,15311,5447,1,0,0,2026-08-20T05:04:57.689Z
ec800c26-1171-4250-b87d-c793487a9352,t7,t7,Long-stay consultant,lp65589ffb,MaRadha Colombo,8208286-BI-RFN,Standard Double Room,42521,Breakfast Included,true,27,2,false,,17988,7624,1,0,0,2026-08-20T05:05:04.338Z
4eeac18e-fa92-4794-bf7d-e0559d90c2b4,t7,t7,Long-stay consultant,lpc0df6,Fern Colombo,4237595-RO-RFN,King Room,16245,Room Only,true,25,2,false,,21063,10470,1,0,0,2026-08-20T05:05:10.174Z
00a577a1-56c6-4343-98d3-ad1084509dd0,t8,t8,Value-seeking couple,lpb1537,Shangri-La Colombo,2416743-RO-NRF,Deluxe Lake View Twin,68781,Room Only,false,42,5,false,,16797,7667,1,0,0,2026-08-20T05:05:11.781Z
6a996d26-50da-4b6f-a3f5-e67193988a23,t8,t8,Value-seeking couple,lp6574b103,"Amari Colombo, Sri Lanka",844831-RO-RFN,Superior City View Twin,42203,Room Only,true,29,5,false,,17648,7369,1,0,0,2026-08-20T05:05:15.903Z
ec800c26-1171-4250-b87d-c793487a9352,t8,t8,Value-seeking couple,lpb1537,Shangri-La Colombo,2416733-RO-NRF,Deluxe Lake View King,68781,Room Only,false,42,5,false,,21724,9650,1,0,0,2026-08-20T05:05:26.574Z
4eeac18e-fa92-4794-bf7d-e0559d90c2b4,t8,t8,Value-seeking couple,lp656d40c7,Sheraton Colombo Hotel,5289360-RO-RFN,Deluxe Twin Room with City View with 15% spa discount per room + 15% F&B discount per room + Early check in an,56627,Room Only,true,36,5,false,,18285,9338,1,0,0,2026-08-20T05:05:28.852Z
00a577a1-56c6-4343-98d3-ad1084509dd0,t9,t9,Remote worker,lp76eba,Radisson Hotel Colombo,7559276-RO-RFN,Superior Room,27402,Room Only,true,24,5,false,,18421,9275,1,0,0,2026-08-20T05:05:30.696Z
6a996d26-50da-4b6f-a3f5-e67193988a23,t9,t9,Remote worker,lp7c172,Mirage Colombo,487132-RO-RFN,Standard Double Room,20482,Room Only,true,27,5,false,,15561,7162,1,0,0,2026-08-20T05:05:32.012Z
ec800c26-1171-4250-b87d-c793487a9352,t9,t9,Remote worker,lp65589ffb,MaRadha Colombo,8208286-RO-RFN,Standard Double Room,35408,Room Only,true,27,2,false,,18484,9024,1,0,0,2026-08-20T05:05:45.462Z
4eeac18e-fa92-4794-bf7d-e0559d90c2b4,t9,t9,Remote worker,lp67708,Supun Arcade Residency,481434-RO-RFN,One-Bedroom Apartment with 15% Discount on Food & Beverage,20768,Room Only,true,121,5,false,,20192,8824,1,0,0,2026-08-20T05:05:49.602Z
6a996d26-50da-4b6f-a3f5-e67193988a23,t10,t10,Business traveller,lp72a36,Best Western Elyon Colombo,513432-RO-RFN,Deluxe King Room,19568,Room Only,true,24,3,false,,17581,7952,1,0,0,2026-08-20T05:05:49.926Z
00a577a1-56c6-4343-98d3-ad1084509dd0,t10,t10,Business traveller,lp656d40c7,Sheraton Colombo Hotel,1460149481-RO-RFN,Deluxe Twin Room with Ocean View with 15% spa discount per room + 15% F&B discount per room + Early check in a,63767,Room Only,true,36,5,false,,19933,9921,1,0,0,2026-08-20T05:05:50.959Z
ec800c26-1171-4250-b87d-c793487a9352,t10,t10,Business traveller,lp65589ffb,MaRadha Colombo,8208286-RO-RFN,Standard Double Room,35408,Room Only,true,27,2,false,,17326,7867,1,0,0,2026-08-20T05:06:03.520Z
4eeac18e-fa92-4794-bf7d-e0559d90c2b4,t10,t10,Business traveller,lp72a36,Best Western Elyon Colombo,1459894716-RO-RFN,"Deluxe Room, 2 Twin Beds, Non Smoking",19568,Room Only,true,,3,false,,18360,8951,1,0,0,2026-08-20T05:06:08.719Z
00a577a1-56c6-4343-98d3-ad1084509dd0,t_attn,t_attn,Attention check,lpb1537,Shangri-La Colombo,2416743-RO-NRF,Deluxe Lake View Twin,68781,Room Only,false,42,5,true,true,18614,8705,1,0,0,2026-08-20T05:06:09.952Z
6a996d26-50da-4b6f-a3f5-e67193988a23,t_attn,t_attn,Attention check,lpb1537,Shangri-La Colombo,2416733-RO-NRF,Deluxe Lake View King,68781,Room Only,false,42,5,true,true,19635,10167,1,0,0,2026-08-20T05:06:10.087Z
ec800c26-1171-4250-b87d-c793487a9352,t_attn,t_attn,Attention check,lpb1537,Shangri-La Colombo,2416743-RO-NRF,Deluxe Lake View Twin,68781,Room Only,false,42,5,true,true,19048,8335,1,0,0,2026-08-20T05:06:23.338Z
4eeac18e-fa92-4794-bf7d-e0559d90c2b4,t_attn,t_attn,Attention check,lpb1537,Shangri-La Colombo,2416743-RO-NRF,Deluxe Lake View Twin,68781,Room Only,false,42,5,true,true,19968,9700,1,0,0,2026-08-20T05:06:29.073Z
fa878b73-4d79-4a1d-933d-f6c79600e7ab,t1,t1,Evening walker,lp71118,CityRest Fort,1459617182-RO-RFN,Standard Double Room,11502,Room Only,true,,2,false,,16454,7315,1,0,0,2026-08-20T05:06:59.637Z
850bccd4-9c13-445f-864e-7ed5ed39085b,t1,t1,Evening walker,lp3e58e,The Kingsbury Colombo,479092-BI-RFN,Superior Room,37797,Breakfast Included,true,23,2,false,,18689,8374,1,0,0,2026-08-20T05:07:02.497Z
fe7b8bcd-054a-4334-8610-6290d5f3da09,t1,t1,Evening walker,lp3e58e,The Kingsbury Colombo,479092-BI-RFN,Superior Room,37797,Breakfast Included,true,23,2,false,,16372,6690,1,0,0,2026-08-20T05:07:03.304Z
2a79c63b-9587-4e3f-99ac-d3d39dfa48e4,t1,t1,Evening walker,lpb1537,Shangri-La Colombo,2416733-RO-NRF,Deluxe Lake View King,68781,Room Only,false,42,5,false,,17813,7419,1,0,0,2026-08-20T05:07:03.535Z
fa878b73-4d79-4a1d-933d-f6c79600e7ab,t2,t2,Business traveller,lpc0df6,Fern Colombo,4237595-RO-RFN,King Room,16245,Room Only,true,25,2,false,,16349,6177,1,0,0,2026-08-20T05:07:16.454Z
850bccd4-9c13-445f-864e-7ed5ed39085b,t2,t2,Business traveller,lp5f0e5,Paradise Road Tintagel Colombo,476937-BI-RFN,Executive Suite,105766,Breakfast Included,true,32,2,false,,17887,8424,1,0,0,2026-08-20T05:07:20.879Z
2a79c63b-9587-4e3f-99ac-d3d39dfa48e4,t2,t2,Business traveller,lpc0df6,Fern Colombo,4237595-RO-RFN,King Room,16245,Room Only,true,25,2,false,,17647,9324,1,0,0,2026-08-20T05:07:21.572Z
fe7b8bcd-054a-4334-8610-6290d5f3da09,t2,t2,Business traveller,lp857b8,Zylan Colombo,481438-RO-RFN,Executive Room with Jacuzzi - 10% off on Food & Beverage,34557,Room Only,true,60,5,false,,19318,10401,1,0,0,2026-08-20T05:07:22.973Z
fa878b73-4d79-4a1d-933d-f6c79600e7ab,t3,t3,Self-funded worker,lp71118,CityRest Fort,1459617182-RO-RFN,Standard Double Room,11502,Room Only,true,,2,false,,18459,8876,1,0,0,2026-08-20T05:07:35.382Z
850bccd4-9c13-445f-864e-7ed5ed39085b,t3,t3,Self-funded worker,lp81760,The Steuart by Citrus,1459938501-RO-NRF,"Premium Room, City View - Early check-in or late check-out subject to availability",22604,Room Only,false,123,5,false,,17477,7677,1,0,0,2026-08-20T05:07:38.804Z
2a79c63b-9587-4e3f-99ac-d3d39dfa48e4,t3,t3,Self-funded worker,lp6f007,Clock Inn Colombo,1321691605-BI-RFN,Standard Double Room,13715,Breakfast Included,true,25,2,false,,18147,9816,1,0,0,2026-08-20T05:07:40.316Z
fe7b8bcd-054a-4334-8610-6290d5f3da09,t3,t3,Self-funded worker,lp81760,The Steuart by Citrus,1459938501-RO-NRF,"Premium Room, City View - Early check-in or late check-out subject to availability",22604,Room Only,false,123,5,false,,17297,7802,1,0,0,2026-08-20T05:07:40.816Z
fa878b73-4d79-4a1d-933d-f6c79600e7ab,t4,t4,Family on holiday,lp65589ffb,MaRadha Colombo,8208286-BI-RFN,Standard Double Room,42521,Breakfast Included,true,27,2,false,,20442,10415,1,0,0,2026-08-20T05:07:56.359Z
850bccd4-9c13-445f-864e-7ed5ed39085b,t4,t4,Family on holiday,lp76eba,Radisson Hotel Colombo,7559276-BI-RFN,Superior Room,36248,Breakfast Included,true,24,5,false,,19756,9102,1,0,0,2026-08-20T05:07:58.918Z
fe7b8bcd-054a-4334-8610-6290d5f3da09,t4,t4,Family on holiday,lp65589ffb,MaRadha Colombo,8208286-BI-RFN,Standard Double Room,42521,Breakfast Included,true,27,2,false,,17755,9318,1,0,0,2026-08-20T05:07:59.119Z
2a79c63b-9587-4e3f-99ac-d3d39dfa48e4,t4,t4,Family on holiday,lp6f007,Clock Inn Colombo,1321691605-BI-RFN,Standard Double Room,13715,Breakfast Included,true,25,2,false,,19299,9065,1,0,0,2026-08-20T05:07:59.955Z
fa878b73-4d79-4a1d-933d-f6c79600e7ab,t5,t5,Light sleeper,lp6e625,Hotel Janaki,479119-BI-RFN,Deluxe Double Room,15319,Breakfast Included,true,14,2,false,,17701,8722,1,0,0,2026-08-20T05:08:15.352Z
2a79c63b-9587-4e3f-99ac-d3d39dfa48e4,t5,t5,Light sleeper,lp6e625,Hotel Janaki,479121-BI-RFN,Deluxe Room with Pool View,15319,Breakfast Included,true,14,2,false,,17483,8480,1,0,0,2026-08-20T05:08:17.831Z
850bccd4-9c13-445f-864e-7ed5ed39085b,t5,t5,Light sleeper,lp67708,Supun Arcade Residency,481434-BI-RFN,One-Bedroom Apartment with 15% Discount on Food & Beverage,24663,Breakfast Included,true,121,5,false,,20522,9889,1,0,0,2026-08-20T05:08:19.772Z
fe7b8bcd-054a-4334-8610-6290d5f3da09,t5,t5,Light sleeper,lp6e625,Hotel Janaki,479119-BI-RFN,Deluxe Double Room,15319,Breakfast Included,true,14,2,false,,20541,10125,1,0,0,2026-08-20T05:08:19.979Z
fa878b73-4d79-4a1d-933d-f6c79600e7ab,t6,t6,Beach weekender,lp40d3f,Global Towers Hotel & Apartments,476929-RO-RFN,Two-Bedroom Apartment with Sea View/City view,41030,Room Only,true,124,3,false,,17070,6074,1,0,0,2026-08-20T05:08:32.877Z
2a79c63b-9587-4e3f-99ac-d3d39dfa48e4,t6,t6,Beach weekender,lp40d3f,Global Towers Hotel & Apartments,476927-RO-RFN,Double or Twin Room,16041,Room Only,true,27,3,false,,16570,6079,1,0,0,2026-08-20T05:08:34.751Z
850bccd4-9c13-445f-864e-7ed5ed39085b,t6,t6,Beach weekender,lp7c172,Mirage Colombo,487132-BI-RFN,Standard Double Room,24581,Breakfast Included,true,27,5,false,,15740,8207,1,0,0,2026-08-20T05:08:35.856Z
fe7b8bcd-054a-4334-8610-6290d5f3da09,t6,t6,Beach weekender,lp40d3f,Global Towers Hotel & Apartments,476927-RO-RFN,Double or Twin Room,16041,Room Only,true,27,3,false,,19933,9223,1,0,0,2026-08-20T05:08:40.235Z
fa878b73-4d79-4a1d-933d-f6c79600e7ab,t7,t7,Long-stay consultant,lp5f0e5,Paradise Road Tintagel Colombo,476937-BI-RFN,Executive Suite,105766,Breakfast Included,true,32,2,false,,16818,5808,1,0,0,2026-08-20T05:08:50.249Z
2a79c63b-9587-4e3f-99ac-d3d39dfa48e4,t7,t7,Long-stay consultant,lpc0df6,Fern Colombo,4237595-RO-RFN,King Room,16245,Room Only,true,25,2,false,,19955,9183,1,0,0,2026-08-20T05:08:55.203Z
850bccd4-9c13-445f-864e-7ed5ed39085b,t7,t7,Long-stay consultant,lp857b8,Zylan Colombo,1461137737-RO-RFN,Deluxe Triple Room,35761,Room Only,true,32,5,false,,19343,9268,1,0,0,2026-08-20T05:08:55.535Z
fe7b8bcd-054a-4334-8610-6290d5f3da09,t7,t7,Long-stay consultant,lp857b8,Zylan Colombo,481438-RO-RFN,Executive Room with Jacuzzi - 10% off on Food & Beverage,34557,Room Only,true,60,5,false,,20339,10202,1,0,0,2026-08-20T05:09:00.894Z
fa878b73-4d79-4a1d-933d-f6c79600e7ab,t8,t8,Value-seeking couple,lp6557c6e0,Granbell Hotel Colombo,1459818931-RO-NRF,Superior Twin Room with City View,29667,Room Only,false,0,3,false,,16207,6739,1,0,0,2026-08-20T05:09:06.957Z
850bccd4-9c13-445f-864e-7ed5ed39085b,t8,t8,Value-seeking couple,lpb1537,Shangri-La Colombo,2416743-RO-NRF,Deluxe Lake View Twin,68781,Room Only,false,42,5,false,,17072,6444,1,0,0,2026-08-20T05:09:13.011Z
2a79c63b-9587-4e3f-99ac-d3d39dfa48e4,t8,t8,Value-seeking couple,lpb1537,Shangri-La Colombo,2416733-RO-RFN,Deluxe Lake View King,73076,Room Only,true,42,5,false,,18380,9562,1,0,0,2026-08-20T05:09:13.967Z
fe7b8bcd-054a-4334-8610-6290d5f3da09,t8,t8,Value-seeking couple,lp5f0e5,Paradise Road Tintagel Colombo,476937-RO-RFN,Executive Suite,96633,Room Only,true,32,2,false,,20211,9366,1,0,0,2026-08-20T05:09:21.680Z
fa878b73-4d79-4a1d-933d-f6c79600e7ab,t9,t9,Remote worker,lp7c172,Mirage Colombo,487132-BI-RFN,Standard Double Room,24581,Breakfast Included,true,27,5,false,,17746,6975,1,0,0,2026-08-20T05:09:25.307Z
2a79c63b-9587-4e3f-99ac-d3d39dfa48e4,t9,t9,Remote worker,lp67708,Supun Arcade Residency,481434-BI-RFN,One-Bedroom Apartment with 15% Discount on Food & Beverage,24663,Breakfast Included,true,121,5,false,,17118,6615,1,0,0,2026-08-20T05:09:31.415Z
850bccd4-9c13-445f-864e-7ed5ed39085b,t9,t9,Remote worker,lp67708,Supun Arcade Residency,481434-RO-RFN,One-Bedroom Apartment with 15% Discount on Food & Beverage,20768,Room Only,true,121,5,false,,18702,10041,1,0,0,2026-08-20T05:09:32.051Z
fe7b8bcd-054a-4334-8610-6290d5f3da09,t9,t9,Remote worker,lp40d3f,Global Towers Hotel & Apartments,476929-RO-RFN,Two-Bedroom Apartment with Sea View/City view,41030,Room Only,true,124,3,false,,17146,7010,1,0,0,2026-08-20T05:09:39.148Z
fa878b73-4d79-4a1d-933d-f6c79600e7ab,t10,t10,Business traveller,lpc0df6,Fern Colombo,4237595-RO-RFN,King Room,16245,Room Only,true,25,2,false,,14113,6358,1,0,0,2026-08-20T05:09:39.967Z
850bccd4-9c13-445f-864e-7ed5ed39085b,t10,t10,Business traveller,lp72a36,Best Western Elyon Colombo,513432-RO-RFN,Deluxe King Room,19568,Room Only,true,24,3,false,,15750,6282,1,0,0,2026-08-20T05:09:48.448Z
2a79c63b-9587-4e3f-99ac-d3d39dfa48e4,t10,t10,Business traveller,lp72a36,Best Western Elyon Colombo,513432-RO-RFN,Deluxe King Room,19568,Room Only,true,24,3,false,,21785,10599,1,0,0,2026-08-20T05:09:53.636Z
fe7b8bcd-054a-4334-8610-6290d5f3da09,t10,t10,Business traveller,lp5f0e5,Paradise Road Tintagel Colombo,476937-BI-RFN,Executive Suite,105766,Breakfast Included,true,32,2,false,,14565,6041,1,0,0,2026-08-20T05:09:54.105Z
fa878b73-4d79-4a1d-933d-f6c79600e7ab,t_attn,t_attn,Attention check,lpb1537,Shangri-La Colombo,2416733-RO-NRF,Deluxe Lake View King,68781,Room Only,false,42,5,true,true,17930,8303,1,0,0,2026-08-20T05:09:58.260Z
850bccd4-9c13-445f-864e-7ed5ed39085b,t_attn,t_attn,Attention check,lpb1537,Shangri-La Colombo,2416733-RO-RFN,Deluxe Lake View King,73076,Room Only,true,42,5,true,true,19718,10066,1,0,0,2026-08-20T05:10:08.652Z
2a79c63b-9587-4e3f-99ac-d3d39dfa48e4,t_attn,t_attn,Attention check,lpb1537,Shangri-La Colombo,2416733-RO-NRF,Deluxe Lake View King,68781,Room Only,false,42,5,true,true,17129,6858,1,0,0,2026-08-20T05:10:11.461Z
fe7b8bcd-054a-4334-8610-6290d5f3da09,t_attn,t_attn,Attention check,lpb1537,Shangri-La Colombo,2416733-RO-NRF,Deluxe Lake View King,68781,Room Only,false,42,5,true,true,19283,9767,1,0,0,2026-08-20T05:10:13.774Z
f6b34aa2-6986-466e-a4e7-ada84a35ff2a,t1,t1,Evening walker,lpb1537,Shangri-La Colombo,2416733-RO-NRF,Deluxe Lake View King,68781,Room Only,false,42,5,false,,15861,6078,1,0,0,2026-08-20T05:10:42.914Z
178c6fa8-8c4d-42a9-828e-7d133b6a9861,t1,t1,Evening walker,lp3e58e,The Kingsbury Colombo,479092-RO-RFN,Superior Room,37025,Room Only,true,23,2,false,,16645,8208,1,0,0,2026-08-20T05:10:43.228Z
52c871f7-1a16-4cc5-aae9-8aa5938d7092,t1,t1,Evening walker,lp3e58e,The Kingsbury Colombo,479092-RO-RFN,Superior Room,37025,Room Only,true,23,2,false,,18552,8327,1,0,0,2026-08-20T05:10:45.871Z
c5440048-3e16-412a-8c8e-4211b2598805,t1,t1,Evening walker,lp656d40c7,Sheraton Colombo Hotel,5289360-RO-RFN,Deluxe Twin Room with City View with 15% spa discount per room + 15% F&B discount per room + Early check in an,56627,Room Only,true,36,5,false,,22022,10178,1,0,0,2026-08-20T05:10:49.506Z
178c6fa8-8c4d-42a9-828e-7d133b6a9861,t2,t2,Business traveller,lp857b8,Zylan Colombo,481438-RO-RFN,Executive Room with Jacuzzi - 10% off on Food & Beverage,34557,Room Only,true,60,5,false,,16162,5913,1,0,0,2026-08-20T05:10:59.811Z
f6b34aa2-6986-466e-a4e7-ada84a35ff2a,t2,t2,Business traveller,lp857b8,Zylan Colombo,481438-RO-RFN,Executive Room with Jacuzzi - 10% off on Food & Beverage,34557,Room Only,true,60,5,false,,19133,9115,1,0,0,2026-08-20T05:11:02.441Z
52c871f7-1a16-4cc5-aae9-8aa5938d7092,t2,t2,Business traveller,lp857b8,Zylan Colombo,481438-RO-RFN,Executive Room with Jacuzzi - 10% off on Food & Beverage,34557,Room Only,true,60,5,false,,17682,8399,1,0,0,2026-08-20T05:11:04.011Z
c5440048-3e16-412a-8c8e-4211b2598805,t2,t2,Business traveller,lpb1537,Shangri-La Colombo,2416733-RO-NRF,Deluxe Lake View King,68781,Room Only,false,42,5,false,,18805,7925,1,0,0,2026-08-20T05:11:08.817Z
178c6fa8-8c4d-42a9-828e-7d133b6a9861,t3,t3,Self-funded worker,lp3e58e,The Kingsbury Colombo,479092-BI-RFN,Superior Room,37797,Breakfast Included,true,23,2,false,,18309,9161,1,0,0,2026-08-20T05:11:18.596Z
f6b34aa2-6986-466e-a4e7-ada84a35ff2a,t3,t3,Self-funded worker,lp81760,The Steuart by Citrus,1459938501-RO-NRF,"Premium Room, City View - Early check-in or late check-out subject to availability",22604,Room Only,false,123,5,false,,16638,5827,1,0,0,2026-08-20T05:11:19.453Z
52c871f7-1a16-4cc5-aae9-8aa5938d7092,t3,t3,Self-funded worker,lp81760,The Steuart by Citrus,1459938501-RO-NRF,"Premium Room, City View - Early check-in or late check-out subject to availability",22604,Room Only,false,123,5,false,,16029,6391,1,0,0,2026-08-20T05:11:20.504Z
c5440048-3e16-412a-8c8e-4211b2598805,t3,t3,Self-funded worker,lp65589ffb,MaRadha Colombo,8208286-BI-RFN,Standard Double Room,42521,Breakfast Included,true,27,2,false,,17763,8161,1,0,0,2026-08-20T05:11:27.197Z
178c6fa8-8c4d-42a9-828e-7d133b6a9861,t4,t4,Family on holiday,lp76eba,Radisson Hotel Colombo,7559276-RO-RFN,Superior Room,27402,Room Only,true,24,5,false,,17944,7191,1,0,0,2026-08-20T05:11:36.877Z
52c871f7-1a16-4cc5-aae9-8aa5938d7092,t4,t4,Family on holiday,lp76eba,Radisson Hotel Colombo,7559276-RO-RFN,Superior Room,27402,Room Only,true,24,5,false,,16198,6552,1,0,0,2026-08-20T05:11:37.027Z
f6b34aa2-6986-466e-a4e7-ada84a35ff2a,t4,t4,Family on holiday,lp67286,Colombo Court Hotel & Spa,481449-RO-RFN,Suite,52144,Room Only,true,44,5,false,,19372,9688,1,0,0,2026-08-20T05:11:39.167Z
c5440048-3e16-412a-8c8e-4211b2598805,t4,t4,Family on holiday,lp65589ffb,MaRadha Colombo,8208286-RO-RFN,Standard Double Room,35408,Room Only,true,27,2,false,,18454,8471,1,0,0,2026-08-20T05:11:45.992Z
52c871f7-1a16-4cc5-aae9-8aa5938d7092,t5,t5,Light sleeper,lp6e625,Hotel Janaki,479119-BI-RFN,Deluxe Double Room,15319,Breakfast Included,true,14,2,false,,18216,10074,1,0,0,2026-08-20T05:11:55.579Z
178c6fa8-8c4d-42a9-828e-7d133b6a9861,t5,t5,Light sleeper,lp72a36,Best Western Elyon Colombo,1459894716-RO-RFN,"Deluxe Room, 2 Twin Beds, Non Smoking",19568,Room Only,true,,3,false,,19139,8661,1,0,0,2026-08-20T05:11:56.392Z
f6b34aa2-6986-466e-a4e7-ada84a35ff2a,t5,t5,Light sleeper,lp6e625,Hotel Janaki,479121-BI-RFN,Deluxe Room with Pool View,15319,Breakfast Included,true,14,2,false,,20099,10110,1,0,0,2026-08-20T05:11:59.925Z
c5440048-3e16-412a-8c8e-4211b2598805,t5,t5,Light sleeper,lp67708,Supun Arcade Residency,481434-RO-RFN,One-Bedroom Apartment with 15% Discount on Food & Beverage,20768,Room Only,true,121,5,false,,15794,5927,1,0,0,2026-08-20T05:12:02.109Z
52c871f7-1a16-4cc5-aae9-8aa5938d7092,t6,t6,Beach weekender,lp7c172,Mirage Colombo,487132-BI-RFN,Standard Double Room,24581,Breakfast Included,true,27,5,false,,17325,7115,1,0,0,2026-08-20T05:12:13.425Z
178c6fa8-8c4d-42a9-828e-7d133b6a9861,t6,t6,Beach weekender,lp40d3f,Global Towers Hotel & Apartments,476927-RO-RFN,Double or Twin Room,16041,Room Only,true,27,3,false,,18929,8210,1,0,0,2026-08-20T05:12:15.685Z
f6b34aa2-6986-466e-a4e7-ada84a35ff2a,t6,t6,Beach weekender,lp7c172,Mirage Colombo,487132-RO-RFN,Standard Double Room,20482,Room Only,true,27,5,false,,18375,8988,1,0,0,2026-08-20T05:12:18.647Z
c5440048-3e16-412a-8c8e-4211b2598805,t6,t6,Beach weekender,lp656d40c7,Sheraton Colombo Hotel,1460149481-RO-RFN,Deluxe Twin Room with Ocean View with 15% spa discount per room + 15% F&B discount per room + Early check in a,63767,Room Only,true,36,5,false,,17839,7176,1,0,0,2026-08-20T05:12:20.272Z
52c871f7-1a16-4cc5-aae9-8aa5938d7092,t7,t7,Long-stay consultant,lp857b8,Zylan Colombo,1461137737-RO-RFN,Deluxe Triple Room,35761,Room Only,true,32,5,false,,16890,8807,1,0,0,2026-08-20T05:12:30.845Z
178c6fa8-8c4d-42a9-828e-7d133b6a9861,t7,t7,Long-stay consultant,lpc0df6,Fern Colombo,4237597-RO-RFN,Deluxe Twin Room,16245,Room Only,true,25,2,false,,18537,10245,1,0,0,2026-08-20T05:12:34.808Z
f6b34aa2-6986-466e-a4e7-ada84a35ff2a,t7,t7,Long-stay consultant,lpc0df6,Fern Colombo,4237595-RO-RFN,King Room,16245,Room Only,true,25,2,false,,17095,7575,1,0,0,2026-08-20T05:12:36.214Z
c5440048-3e16-412a-8c8e-4211b2598805,t7,t7,Long-stay consultant,lp857b8,Zylan Colombo,1461137737-RO-RFN,Deluxe Triple Room,35761,Room Only,true,32,5,false,,19605,10159,1,0,0,2026-08-20T05:12:40.236Z
52c871f7-1a16-4cc5-aae9-8aa5938d7092,t8,t8,Value-seeking couple,lp656d3aa9,Sofia Colombo City Hotel,5336222-RO-RFN,Deluxe Twin Room with Sea View,27990,Room Only,true,21,3,false,,18646,8544,1,0,0,2026-08-20T05:12:50.674Z
178c6fa8-8c4d-42a9-828e-7d133b6a9861,t8,t8,Value-seeking couple,lp656d40c7,Sheraton Colombo Hotel,5289365-RO-RFN,Deluxe King Room with City View with 15% spa discount per room + 15% F&B discount per room + Early check in an,56627,Room Only,true,36,5,false,,18016,7256,1,0,0,2026-08-20T05:12:53.328Z
f6b34aa2-6986-466e-a4e7-ada84a35ff2a,t8,t8,Value-seeking couple,lp6557c6e0,Granbell Hotel Colombo,1459818931-RO-NRF,Superior Twin Room with City View,29667,Room Only,false,0,3,false,,19634,10027,1,0,0,2026-08-20T05:12:56.216Z
c5440048-3e16-412a-8c8e-4211b2598805,t8,t8,Value-seeking couple,lpb1537,Shangri-La Colombo,2416733-RO-RFN,Deluxe Lake View King,73076,Room Only,true,42,5,false,,18633,8706,1,0,0,2026-08-20T05:12:59.247Z
178c6fa8-8c4d-42a9-828e-7d133b6a9861,t9,t9,Remote worker,lp40d3f,Global Towers Hotel & Apartments,476929-RO-RFN,Two-Bedroom Apartment with Sea View/City view,41030,Room Only,true,124,3,false,,15476,6913,1,0,0,2026-08-20T05:13:09.181Z
52c871f7-1a16-4cc5-aae9-8aa5938d7092,t9,t9,Remote worker,lp40d3f,Global Towers Hotel & Apartments,476927-RO-RFN,Double or Twin Room,16041,Room Only,true,27,3,false,,18286,8730,1,0,0,2026-08-20T05:13:09.372Z
f6b34aa2-6986-466e-a4e7-ada84a35ff2a,t9,t9,Remote worker,lp7c172,Mirage Colombo,487132-BI-RFN,Standard Double Room,24581,Breakfast Included,true,27,5,false,,16694,6581,1,0,0,2026-08-20T05:13:13.293Z
c5440048-3e16-412a-8c8e-4211b2598805,t9,t9,Remote worker,lp7c172,Mirage Colombo,487132-BI-RFN,Standard Double Room,24581,Breakfast Included,true,27,5,false,,16492,7134,1,0,0,2026-08-20T05:13:16.078Z
178c6fa8-8c4d-42a9-828e-7d133b6a9861,t10,t10,Business traveller,lp5f0e5,Paradise Road Tintagel Colombo,476937-RO-RFN,Executive Suite,96633,Room Only,true,32,2,false,,15740,6801,1,0,0,2026-08-20T05:13:25.360Z
52c871f7-1a16-4cc5-aae9-8aa5938d7092,t10,t10,Business traveller,lp5f0e5,Paradise Road Tintagel Colombo,476937-BI-RFN,Executive Suite,105766,Breakfast Included,true,32,2,false,,19044,8642,1,0,0,2026-08-20T05:13:28.959Z
c5440048-3e16-412a-8c8e-4211b2598805,t10,t10,Business traveller,lp65589ffb,MaRadha Colombo,8208286-RO-RFN,Standard Double Room,35408,Room Only,true,27,2,false,,15292,5906,1,0,0,2026-08-20T05:13:31.936Z
f6b34aa2-6986-466e-a4e7-ada84a35ff2a,t10,t10,Business traveller,lpc0df6,Fern Colombo,4237597-RO-RFN,Deluxe Twin Room,16245,Room Only,true,25,2,false,,18778,9390,1,0,0,2026-08-20T05:13:32.422Z
178c6fa8-8c4d-42a9-828e-7d133b6a9861,t_attn,t_attn,Attention check,lpb1537,Shangri-La Colombo,2416743-RO-NRF,Deluxe Lake View Twin,68781,Room Only,false,42,5,true,true,16247,7158,1,0,0,2026-08-20T05:13:41.958Z
52c871f7-1a16-4cc5-aae9-8aa5938d7092,t_attn,t_attn,Attention check,lpb1537,Shangri-La Colombo,2416743-RO-NRF,Deluxe Lake View Twin,68781,Room Only,false,42,5,true,true,16919,7355,1,0,0,2026-08-20T05:13:46.243Z
c5440048-3e16-412a-8c8e-4211b2598805,t_attn,t_attn,Attention check,lpb1537,Shangri-La Colombo,2416733-RO-RFN,Deluxe Lake View King,73076,Room Only,true,42,5,true,true,16287,6867,1,0,0,2026-08-20T05:13:48.555Z
f6b34aa2-6986-466e-a4e7-ada84a35ff2a,t_attn,t_attn,Attention check,lpb1537,Shangri-La Colombo,2416733-RO-NRF,Deluxe Lake View King,68781,Room Only,false,42,5,true,true,18305,6931,1,0,0,2026-08-20T05:13:51.096Z
393dc15c-a1f1-418b-9f55-83a136c4cf8b,t1,t1,Evening walker,lp71118,CityRest Fort,1459617182-RO-RFN,Standard Double Room,11502,Room Only,true,,2,false,,15874,6120,1,0,0,2026-08-20T05:14:23.287Z
3e2ed41c-287f-4a03-b307-e158cd9f4d21,t1,t1,Evening walker,lp33ddb,"Taj Samudra, Colombo",478631-BI-RFN,Deluxe Room City View Queen Bed,43993,Breakfast Included,true,35,5,false,,20326,9866,1,0,0,2026-08-20T05:14:25.602Z
46b90549-75eb-4e09-a1da-b93088fc7852,t1,t1,Evening walker,lp71118,CityRest Fort,1459617182-RO-RFN,Standard Double Room,11502,Room Only,true,,2,false,,21609,10953,1,0,0,2026-08-20T05:14:28.676Z
4f964486-e0ef-478e-9c5e-f8a556f53459,t1,t1,Evening walker,lp656d40c7,Sheraton Colombo Hotel,5289365-RO-RFN,Deluxe King Room with City View with 15% spa discount per room + 15% F&B discount per room + Early check in an,56627,Room Only,true,36,5,false,,21493,10613,1,0,0,2026-08-20T05:14:28.775Z
393dc15c-a1f1-418b-9f55-83a136c4cf8b,t2,t2,Business traveller,lp5f0e5,Paradise Road Tintagel Colombo,476937-BI-RFN,Executive Suite,105766,Breakfast Included,true,32,2,false,,18661,9513,1,0,0,2026-08-20T05:14:42.582Z
3e2ed41c-287f-4a03-b307-e158cd9f4d21,t2,t2,Business traveller,lp72a36,Best Western Elyon Colombo,1459894716-RO-RFN,"Deluxe Room, 2 Twin Beds, Non Smoking",19568,Room Only,true,,3,false,,18172,6921,1,0,0,2026-08-20T05:14:44.416Z
46b90549-75eb-4e09-a1da-b93088fc7852,t2,t2,Business traveller,lpc0df6,Fern Colombo,4237595-RO-RFN,King Room,16245,Room Only,true,25,2,false,,15231,5947,1,0,0,2026-08-20T05:14:44.645Z
4f964486-e0ef-478e-9c5e-f8a556f53459,t2,t2,Business traveller,lp857b8,Zylan Colombo,481438-RO-RFN,Executive Room with Jacuzzi - 10% off on Food & Beverage,34557,Room Only,true,60,5,false,,15631,6981,1,0,0,2026-08-20T05:14:44.849Z
393dc15c-a1f1-418b-9f55-83a136c4cf8b,t3,t3,Self-funded worker,lp71118,CityRest Fort,1459617182-RO-RFN,Standard Double Room,11502,Room Only,true,,2,false,,15162,6697,1,0,0,2026-08-20T05:14:58.093Z
3e2ed41c-287f-4a03-b307-e158cd9f4d21,t3,t3,Self-funded worker,lp655a9e91,Zest Metropole,4358364-BI-RFN,Deluxe Double Room,26743,Breakfast Included,true,20,5,false,,15182,6969,1,0,0,2026-08-20T05:15:00.094Z
4f964486-e0ef-478e-9c5e-f8a556f53459,t3,t3,Self-funded worker,lp65589ffb,MaRadha Colombo,8208286-RO-RFN,Standard Double Room,35408,Room Only,true,27,2,false,,17144,9319,1,0,0,2026-08-20T05:15:02.479Z
46b90549-75eb-4e09-a1da-b93088fc7852,t3,t3,Self-funded worker,lp6f007,Clock Inn Colombo,1321691605-BI-RFN,Standard Double Room,13715,Breakfast Included,true,25,2,false,,17554,6581,1,0,0,2026-08-20T05:15:02.677Z
393dc15c-a1f1-418b-9f55-83a136c4cf8b,t4,t4,Family on holiday,lp6f007,Clock Inn Colombo,1321691606-BI-RFN,Family Quadruple Room,16763,Breakfast Included,true,25,2,false,,16782,6458,1,0,0,2026-08-20T05:15:15.422Z
46b90549-75eb-4e09-a1da-b93088fc7852,t4,t4,Family on holiday,lp76eba,Radisson Hotel Colombo,7559276-BI-RFN,Superior Room,36248,Breakfast Included,true,24,5,false,,16354,6314,1,0,0,2026-08-20T05:15:19.454Z
3e2ed41c-287f-4a03-b307-e158cd9f4d21,t4,t4,Family on holiday,lp65589ffb,MaRadha Colombo,8208286-RO-RFN,Standard Double Room,35408,Room Only,true,27,2,false,,19132,9648,1,0,0,2026-08-20T05:15:19.580Z
4f964486-e0ef-478e-9c5e-f8a556f53459,t4,t4,Family on holiday,lp656d40c7,Sheraton Colombo Hotel,5289360-RO-RFN,Deluxe Twin Room with City View with 15% spa discount per room + 15% F&B discount per room + Early check in an,56627,Room Only,true,36,5,false,,18378,9867,1,0,0,2026-08-20T05:15:21.191Z
393dc15c-a1f1-418b-9f55-83a136c4cf8b,t5,t5,Light sleeper,lp72a36,Best Western Elyon Colombo,1459894716-RO-RFN,"Deluxe Room, 2 Twin Beds, Non Smoking",19568,Room Only,true,,3,false,,20314,10384,1,0,0,2026-08-20T05:15:36.084Z
4f964486-e0ef-478e-9c5e-f8a556f53459,t5,t5,Light sleeper,lpb1537,Shangri-La Colombo,2416733-RO-RFN,Deluxe Lake View King,73076,Room Only,true,42,5,false,,15760,6949,1,0,0,2026-08-20T05:15:37.303Z
46b90549-75eb-4e09-a1da-b93088fc7852,t5,t5,Light sleeper,lp6e625,Hotel Janaki,479121-BI-RFN,Deluxe Room with Pool View,15319,Breakfast Included,true,14,2,false,,18040,8311,1,0,0,2026-08-20T05:15:37.819Z
3e2ed41c-287f-4a03-b307-e158cd9f4d21,t5,t5,Light sleeper,lp6e625,Hotel Janaki,479121-BI-RFN,Deluxe Room with Pool View,15319,Breakfast Included,true,14,2,false,,18879,9826,1,0,0,2026-08-20T05:15:38.796Z
4f964486-e0ef-478e-9c5e-f8a556f53459,t6,t6,Beach weekender,lp65589ffb,MaRadha Colombo,8208286-RO-RFN,Standard Double Room,35408,Room Only,true,27,2,false,,16347,6701,1,0,0,2026-08-20T05:15:54.003Z
393dc15c-a1f1-418b-9f55-83a136c4cf8b,t6,t6,Beach weekender,lp76eba,Radisson Hotel Colombo,7559276-BI-RFN,Superior Room,36248,Breakfast Included,true,24,5,false,,17459,8170,1,0,0,2026-08-20T05:15:54.104Z
3e2ed41c-287f-4a03-b307-e158cd9f4d21,t6,t6,Beach weekender,lp67708,Supun Arcade Residency,481434-BI-RFN,One-Bedroom Apartment with 15% Discount on Food & Beverage,24663,Breakfast Included,true,121,5,false,,17246,7230,1,0,0,2026-08-20T05:15:56.381Z
46b90549-75eb-4e09-a1da-b93088fc7852,t6,t6,Beach weekender,lpb1537,Shangri-La Colombo,2416733-RO-NRF,Deluxe Lake View King,68781,Room Only,false,42,5,false,,19705,10315,1,0,0,2026-08-20T05:15:57.864Z
4f964486-e0ef-478e-9c5e-f8a556f53459,t7,t7,Long-stay consultant,lpb1537,Shangri-La Colombo,2416743-RO-NRF,Deluxe Lake View Twin,68781,Room Only,false,42,5,false,,16451,6106,1,0,0,2026-08-20T05:16:10.942Z
393dc15c-a1f1-418b-9f55-83a136c4cf8b,t7,t7,Long-stay consultant,lpc0df6,Fern Colombo,4237597-RO-RFN,Deluxe Twin Room,16245,Room Only,true,25,2,false,,18603,10205,1,0,0,2026-08-20T05:16:13.096Z
3e2ed41c-287f-4a03-b307-e158cd9f4d21,t7,t7,Long-stay consultant,lp857b8,Zylan Colombo,1461137737-RO-RFN,Deluxe Triple Room,35761,Room Only,true,32,5,false,,18557,8822,1,0,0,2026-08-20T05:16:15.488Z
46b90549-75eb-4e09-a1da-b93088fc7852,t7,t7,Long-stay consultant,lp857b8,Zylan Colombo,1461137737-RO-RFN,Deluxe Triple Room,35761,Room Only,true,32,5,false,,19274,9405,1,0,0,2026-08-20T05:16:17.465Z
393dc15c-a1f1-418b-9f55-83a136c4cf8b,t8,t8,Value-seeking couple,lp5f0e5,Paradise Road Tintagel Colombo,476937-RO-RFN,Executive Suite,96633,Room Only,true,32,2,false,,16457,7457,1,0,0,2026-08-20T05:16:30.165Z
4f964486-e0ef-478e-9c5e-f8a556f53459,t8,t8,Value-seeking couple,lp65589ffb,MaRadha Colombo,8208286-BI-RFN,Standard Double Room,42521,Breakfast Included,true,27,2,false,,18561,9558,1,0,0,2026-08-20T05:16:30.330Z
3e2ed41c-287f-4a03-b307-e158cd9f4d21,t8,t8,Value-seeking couple,lp6557c6e0,Granbell Hotel Colombo,1459818931-RO-NRF,Superior Twin Room with City View,29667,Room Only,false,0,3,false,,18672,8222,1,0,0,2026-08-20T05:16:34.506Z
46b90549-75eb-4e09-a1da-b93088fc7852,t8,t8,Value-seeking couple,lp656d40c7,Sheraton Colombo Hotel,5289360-RO-RFN,Deluxe Twin Room with City View with 15% spa discount per room + 15% F&B discount per room + Early check in an,56627,Room Only,true,36,5,false,,16512,8069,1,0,0,2026-08-20T05:16:34.527Z
393dc15c-a1f1-418b-9f55-83a136c4cf8b,t9,t9,Remote worker,lp7c172,Mirage Colombo,487132-BI-RFN,Standard Double Room,24581,Breakfast Included,true,27,5,false,,16073,6545,1,0,0,2026-08-20T05:16:46.827Z
4f964486-e0ef-478e-9c5e-f8a556f53459,t9,t9,Remote worker,lp65589ffb,MaRadha Colombo,8208286-BI-RFN,Standard Double Room,42521,Breakfast Included,true,27,2,false,,16416,7937,1,0,0,2026-08-20T05:16:47.219Z
46b90549-75eb-4e09-a1da-b93088fc7852,t9,t9,Remote worker,lp40d3f,Global Towers Hotel & Apartments,476927-RO-RFN,Double or Twin Room,16041,Room Only,true,27,3,false,,17947,7511,1,0,0,2026-08-20T05:16:52.807Z
3e2ed41c-287f-4a03-b307-e158cd9f4d21,t9,t9,Remote worker,lp7c172,Mirage Colombo,487132-BI-RFN,Standard Double Room,24581,Breakfast Included,true,27,5,false,,19516,9067,1,0,0,2026-08-20T05:16:54.437Z
393dc15c-a1f1-418b-9f55-83a136c4cf8b,t10,t10,Business traveller,lpc0df6,Fern Colombo,4237597-RO-RFN,Deluxe Twin Room,16245,Room Only,true,25,2,false,,14813,6381,1,0,0,2026-08-20T05:17:01.996Z
4f964486-e0ef-478e-9c5e-f8a556f53459,t10,t10,Business traveller,lp656d40c7,Sheraton Colombo Hotel,1460149481-RO-RFN,Deluxe Twin Room with Ocean View with 15% spa discount per room + 15% F&B discount per room + Early check in a,63767,Room Only,true,36,5,false,,16588,6318,1,0,0,2026-08-20T05:17:05.480Z
46b90549-75eb-4e09-a1da-b93088fc7852,t10,t10,Business traveller,lp857b8,Zylan Colombo,1461137737-RO-RFN,Deluxe Triple Room,35761,Room Only,true,32,5,false,,16643,5854,1,0,0,2026-08-20T05:17:09.804Z
3e2ed41c-287f-4a03-b307-e158cd9f4d21,t10,t10,Business traveller,lp72a36,Best Western Elyon Colombo,513432-RO-RFN,Deluxe King Room,19568,Room Only,true,24,3,false,,18938,8653,1,0,0,2026-08-20T05:17:13.812Z
393dc15c-a1f1-418b-9f55-83a136c4cf8b,t_attn,t_attn,Attention check,lpb1537,Shangri-La Colombo,2416733-RO-NRF,Deluxe Lake View King,68781,Room Only,false,42,5,true,true,19579,8601,1,0,0,2026-08-20T05:17:21.894Z
4f964486-e0ef-478e-9c5e-f8a556f53459,t_attn,t_attn,Attention check,lpb1537,Shangri-La Colombo,2416743-RO-NRF,Deluxe Lake View Twin,68781,Room Only,false,42,5,true,true,16518,6422,1,0,0,2026-08-20T05:17:22.386Z
46b90549-75eb-4e09-a1da-b93088fc7852,t_attn,t_attn,Attention check,lpb1537,Shangri-La Colombo,2416733-RO-NRF,Deluxe Lake View King,68781,Room Only,false,42,5,true,true,18698,8896,1,0,0,2026-08-20T05:17:29.055Z
3e2ed41c-287f-4a03-b307-e158cd9f4d21,t_attn,t_attn,Attention check,lpb1537,Shangri-La Colombo,2416743-RO-NRF,Deluxe Lake View Twin,68781,Room Only,false,42,5,true,true,20645,10545,1,0,0,2026-08-20T05:17:34.860Z
af3d082b-12b3-4219-966d-838f87815d92,t1,t1,Evening walker,lp3e58e,The Kingsbury Colombo,479092-BI-RFN,Superior Room,37797,Breakfast Included,true,23,2,false,,16507,7488,1,0,0,2026-08-20T05:18:10.443Z
c1cc0b17-3df4-44a6-9b85-c62da9943848,t1,t1,Evening walker,lpb1537,Shangri-La Colombo,2416733-RO-NRF,Deluxe Lake View King,68781,Room Only,false,42,5,false,,16683,6951,1,0,0,2026-08-20T05:18:14.174Z
5f1fd108-0404-49ca-be37-3130ba802554,t1,t1,Evening walker,lp71118,CityRest Fort,1459617182-RO-RFN,Standard Double Room,11502,Room Only,true,,2,false,,20778,8838,1,0,0,2026-08-20T05:18:16.351Z
8deb26e4-193f-4d20-9f4d-9338113f5a03,t1,t1,Evening walker,lp71118,CityRest Fort,1459617182-RO-RFN,Standard Double Room,11502,Room Only,true,,2,false,,16402,7317,1,0,0,2026-08-20T05:18:17.354Z
af3d082b-12b3-4219-966d-838f87815d92,t2,t2,Business traveller,lp65589ffb,MaRadha Colombo,8208286-BI-RFN,Standard Double Room,42521,Breakfast Included,true,27,2,false,,17543,7310,1,0,0,2026-08-20T05:18:28.356Z
c1cc0b17-3df4-44a6-9b85-c62da9943848,t2,t2,Business traveller,lpc0df6,Fern Colombo,4237595-RO-RFN,King Room,16245,Room Only,true,25,2,false,,16304,5480,1,0,0,2026-08-20T05:18:31.062Z
5f1fd108-0404-49ca-be37-3130ba802554,t2,t2,Business traveller,lp857b8,Zylan Colombo,1461137737-RO-RFN,Deluxe Triple Room,35761,Room Only,true,32,5,false,,16090,6324,1,0,0,2026-08-20T05:18:32.809Z
8deb26e4-193f-4d20-9f4d-9338113f5a03,t2,t2,Business traveller,lp857b8,Zylan Colombo,1461137737-RO-RFN,Deluxe Triple Room,35761,Room Only,true,32,5,false,,17544,7715,1,0,0,2026-08-20T05:18:35.368Z
af3d082b-12b3-4219-966d-838f87815d92,t3,t3,Self-funded worker,lp65589ffb,MaRadha Colombo,8208286-RO-RFN,Standard Double Room,35408,Room Only,true,27,2,false,,14737,6438,1,0,0,2026-08-20T05:18:43.512Z
c1cc0b17-3df4-44a6-9b85-c62da9943848,t3,t3,Self-funded worker,lp3e58e,The Kingsbury Colombo,479092-RO-RFN,Superior Room,37025,Room Only,true,23,2,false,,16667,7417,1,0,0,2026-08-20T05:18:48.069Z
8deb26e4-193f-4d20-9f4d-9338113f5a03,t3,t3,Self-funded worker,lp6f007,Clock Inn Colombo,1321691605-BI-RFN,Standard Double Room,13715,Breakfast Included,true,25,2,false,,14350,5860,1,0,0,2026-08-20T05:18:50.101Z
5f1fd108-0404-49ca-be37-3130ba802554,t3,t3,Self-funded worker,lp3e58e,The Kingsbury Colombo,479092-RO-RFN,Superior Room,37025,Room Only,true,23,2,false,,17553,7273,1,0,0,2026-08-20T05:18:50.816Z
af3d082b-12b3-4219-966d-838f87815d92,t4,t4,Family on holiday,lp65589ffb,MaRadha Colombo,8208286-BI-RFN,Standard Double Room,42521,Breakfast Included,true,27,2,false,,18513,8092,1,0,0,2026-08-20T05:19:02.367Z
c1cc0b17-3df4-44a6-9b85-c62da9943848,t4,t4,Family on holiday,lp65589ffb,MaRadha Colombo,8208286-RO-RFN,Standard Double Room,35408,Room Only,true,27,2,false,,17890,9865,1,0,0,2026-08-20T05:19:06.295Z
8deb26e4-193f-4d20-9f4d-9338113f5a03,t4,t4,Family on holiday,lp65589ffb,MaRadha Colombo,8208286-BI-RFN,Standard Double Room,42521,Breakfast Included,true,27,2,false,,19315,9775,1,0,0,2026-08-20T05:19:09.741Z
5f1fd108-0404-49ca-be37-3130ba802554,t4,t4,Family on holiday,lp65589ffb,MaRadha Colombo,8208286-BI-RFN,Standard Double Room,42521,Breakfast Included,true,27,2,false,,19971,9519,1,0,0,2026-08-20T05:19:11.115Z
af3d082b-12b3-4219-966d-838f87815d92,t5,t5,Light sleeper,lp65589ffb,MaRadha Colombo,8208286-RO-RFN,Standard Double Room,35408,Room Only,true,27,2,false,,17717,7922,1,0,0,2026-08-20T05:19:20.517Z
c1cc0b17-3df4-44a6-9b85-c62da9943848,t5,t5,Light sleeper,lp72a36,Best Western Elyon Colombo,1459894716-RO-RFN,"Deluxe Room, 2 Twin Beds, Non Smoking",19568,Room Only,true,,3,false,,18851,9708,1,0,0,2026-08-20T05:19:25.503Z
8deb26e4-193f-4d20-9f4d-9338113f5a03,t5,t5,Light sleeper,lp72a36,Best Western Elyon Colombo,513432-RO-RFN,Deluxe King Room,19568,Room Only,true,24,3,false,,17172,6767,1,0,0,2026-08-20T05:19:27.243Z
5f1fd108-0404-49ca-be37-3130ba802554,t5,t5,Light sleeper,lp72a36,Best Western Elyon Colombo,1459894716-RO-RFN,"Deluxe Room, 2 Twin Beds, Non Smoking",19568,Room Only,true,,3,false,,18595,8343,1,0,0,2026-08-20T05:19:30.083Z
af3d082b-12b3-4219-966d-838f87815d92,t6,t6,Beach weekender,lp67708,Supun Arcade Residency,481434-RO-RFN,One-Bedroom Apartment with 15% Discount on Food & Beverage,20768,Room Only,true,121,5,false,,15881,5824,1,0,0,2026-08-20T05:19:36.861Z
8deb26e4-193f-4d20-9f4d-9338113f5a03,t6,t6,Beach weekender,lp40d3f,Global Towers Hotel & Apartments,476929-RO-RFN,Two-Bedroom Apartment with Sea View/City view,41030,Room Only,true,124,3,false,,16308,6492,1,0,0,2026-08-20T05:19:43.877Z
c1cc0b17-3df4-44a6-9b85-c62da9943848,t6,t6,Beach weekender,lp7c172,Mirage Colombo,487132-RO-RFN,Standard Double Room,20482,Room Only,true,27,5,false,,19632,9498,1,0,0,2026-08-20T05:19:45.709Z
5f1fd108-0404-49ca-be37-3130ba802554,t6,t6,Beach weekender,lp7c172,Mirage Colombo,487132-BI-RFN,Standard Double Room,24581,Breakfast Included,true,27,5,false,,18262,8777,1,0,0,2026-08-20T05:19:48.933Z
af3d082b-12b3-4219-966d-838f87815d92,t7,t7,Long-stay consultant,lp857b8,Zylan Colombo,481438-RO-RFN,Executive Room with Jacuzzi - 10% off on Food & Beverage,34557,Room Only,true,60,5,false,,19674,10581,1,0,0,2026-08-20T05:19:56.861Z
c1cc0b17-3df4-44a6-9b85-c62da9943848,t7,t7,Long-stay consultant,lp857b8,Zylan Colombo,481438-RO-RFN,Executive Room with Jacuzzi - 10% off on Food & Beverage,34557,Room Only,true,60,5,false,,15240,7250,1,0,0,2026-08-20T05:20:01.292Z
8deb26e4-193f-4d20-9f4d-9338113f5a03,t7,t7,Long-stay consultant,lpc0df6,Fern Colombo,4237595-RO-RFN,King Room,16245,Room Only,true,25,2,false,,17159,7058,1,0,0,2026-08-20T05:20:01.629Z
5f1fd108-0404-49ca-be37-3130ba802554,t7,t7,Long-stay consultant,lp857b8,Zylan Colombo,481438-RO-RFN,Executive Room with Jacuzzi - 10% off on Food & Beverage,34557,Room Only,true,60,5,false,,19124,7523,1,0,0,2026-08-20T05:20:08.417Z
af3d082b-12b3-4219-966d-838f87815d92,t8,t8,Value-seeking couple,lp656d40c7,Sheraton Colombo Hotel,5289360-RO-RFN,Deluxe Twin Room with City View with 15% spa discount per room + 15% F&B discount per room + Early check in an,56627,Room Only,true,36,5,false,,16303,5898,1,0,0,2026-08-20T05:20:13.521Z
8deb26e4-193f-4d20-9f4d-9338113f5a03,t8,t8,Value-seeking couple,lp6574b103,"Amari Colombo, Sri Lanka",844831-RO-RFN,Superior City View Twin,42203,Room Only,true,29,5,false,,17862,9177,1,0,0,2026-08-20T05:20:19.826Z
c1cc0b17-3df4-44a6-9b85-c62da9943848,t8,t8,Value-seeking couple,lp656d40c7,Sheraton Colombo Hotel,5289360-RO-RFN,Deluxe Twin Room with City View with 15% spa discount per room + 15% F&B discount per room + Early check in an,56627,Room Only,true,36,5,false,,20059,10629,1,0,0,2026-08-20T05:20:21.699Z
5f1fd108-0404-49ca-be37-3130ba802554,t8,t8,Value-seeking couple,lp5f0e5,Paradise Road Tintagel Colombo,476937-BI-RFN,Executive Suite,105766,Breakfast Included,true,32,2,false,,17874,7173,1,0,0,2026-08-20T05:20:26.909Z
af3d082b-12b3-4219-966d-838f87815d92,t9,t9,Remote worker,lp656d40c7,Sheraton Colombo Hotel,5289365-RO-RFN,Deluxe King Room with City View with 15% spa discount per room + 15% F&B discount per room + Early check in an,56627,Room Only,true,36,5,false,,18132,7946,1,0,0,2026-08-20T05:20:32.247Z
8deb26e4-193f-4d20-9f4d-9338113f5a03,t9,t9,Remote worker,lp67708,Supun Arcade Residency,481434-RO-RFN,One-Bedroom Apartment with 15% Discount on Food & Beverage,20768,Room Only,true,121,5,false,,15804,7048,1,0,0,2026-08-20T05:20:35.973Z
c1cc0b17-3df4-44a6-9b85-c62da9943848,t9,t9,Remote worker,lp7c172,Mirage Colombo,487132-RO-RFN,Standard Double Room,20482,Room Only,true,27,5,false,,19325,9974,1,0,0,2026-08-20T05:20:41.424Z
5f1fd108-0404-49ca-be37-3130ba802554,t9,t9,Remote worker,lp40d3f,Global Towers Hotel & Apartments,476929-RO-RFN,Two-Bedroom Apartment with Sea View/City view,41030,Room Only,true,124,3,false,,18936,8833,1,0,0,2026-08-20T05:20:46.197Z
af3d082b-12b3-4219-966d-838f87815d92,t10,t10,Business traveller,lp65589ffb,MaRadha Colombo,8208286-RO-RFN,Standard Double Room,35408,Room Only,true,27,2,false,,18460,7408,1,0,0,2026-08-20T05:20:51.116Z
8deb26e4-193f-4d20-9f4d-9338113f5a03,t10,t10,Business traveller,lp72a36,Best Western Elyon Colombo,1459894716-RO-RFN,"Deluxe Room, 2 Twin Beds, Non Smoking",19568,Room Only,true,,3,false,,19864,9898,1,0,0,2026-08-20T05:20:56.417Z
c1cc0b17-3df4-44a6-9b85-c62da9943848,t10,t10,Business traveller,lpc0df6,Fern Colombo,4237597-RO-RFN,Deluxe Twin Room,16245,Room Only,true,25,2,false,,19313,9435,1,0,0,2026-08-20T05:21:01.142Z
5f1fd108-0404-49ca-be37-3130ba802554,t10,t10,Business traveller,lp72a36,Best Western Elyon Colombo,1459894716-RO-RFN,"Deluxe Room, 2 Twin Beds, Non Smoking",19568,Room Only,true,,3,false,,16526,6439,1,0,0,2026-08-20T05:21:03.078Z
af3d082b-12b3-4219-966d-838f87815d92,t_attn,t_attn,Attention check,lpb1537,Shangri-La Colombo,2416733-RO-NRF,Deluxe Lake View King,68781,Room Only,false,42,5,true,true,18751,8657,1,0,0,2026-08-20T05:21:10.431Z
8deb26e4-193f-4d20-9f4d-9338113f5a03,t_attn,t_attn,Attention check,lpb1537,Shangri-La Colombo,2416733-RO-NRF,Deluxe Lake View King,68781,Room Only,false,42,5,true,true,17678,8629,1,0,0,2026-08-20T05:21:14.443Z
c1cc0b17-3df4-44a6-9b85-c62da9943848,t_attn,t_attn,Attention check,lpb1537,Shangri-La Colombo,2416743-RO-NRF,Deluxe Lake View Twin,68781,Room Only,false,42,5,true,true,16850,6554,1,0,0,2026-08-20T05:21:18.333Z
5f1fd108-0404-49ca-be37-3130ba802554,t_attn,t_attn,Attention check,lpb1537,Shangri-La Colombo,2416733-RO-NRF,Deluxe Lake View King,68781,Room Only,false,42,5,true,true,17507,6627,1,0,0,2026-08-20T05:21:20.969Z
4b46e583-4a54-4cab-bfce-10137fb09fe7,t1,t1,Evening walker,lpb1537,Shangri-La Colombo,2416743-RO-NRF,Deluxe Lake View Twin,68781,Room Only,false,42,5,false,,16071,7401,1,0,0,2026-08-20T05:21:53.089Z
f7fba6dd-f0d7-4973-8ebf-5b968059f63f,t1,t1,Evening walker,lp3e58e,The Kingsbury Colombo,479092-BI-RFN,Superior Room,37797,Breakfast Included,true,23,2,false,,20834,10585,1,0,0,2026-08-20T05:21:55.461Z
56d6c3b9-022f-4f31-950f-eb23cf0a94f3,t1,t1,Evening walker,lp6f007,Clock Inn Colombo,1321691605-BI-RFN,Standard Double Room,13715,Breakfast Included,true,25,2,false,,19799,10796,1,0,0,2026-08-20T05:21:55.694Z
bed498e3-89fd-496a-b4b4-39ce2daa06c9,t1,t1,Evening walker,lp71118,CityRest Fort,1459617182-RO-RFN,Standard Double Room,11502,Room Only,true,,2,false,,19708,9541,1,0,0,2026-08-20T05:21:56.167Z
4b46e583-4a54-4cab-bfce-10137fb09fe7,t2,t2,Business traveller,lp72a36,Best Western Elyon Colombo,513432-RO-RFN,Deluxe King Room,19568,Room Only,true,24,3,false,,17141,6108,1,0,0,2026-08-20T05:22:11.566Z
f7fba6dd-f0d7-4973-8ebf-5b968059f63f,t2,t2,Business traveller,lp72a36,Best Western Elyon Colombo,1459894716-RO-RFN,"Deluxe Room, 2 Twin Beds, Non Smoking",19568,Room Only,true,,3,false,,17477,7601,1,0,0,2026-08-20T05:22:13.388Z
bed498e3-89fd-496a-b4b4-39ce2daa06c9,t2,t2,Business traveller,lpc0df6,Fern Colombo,4237597-RO-RFN,Deluxe Twin Room,16245,Room Only,true,25,2,false,,17744,8355,1,0,0,2026-08-20T05:22:14.360Z
56d6c3b9-022f-4f31-950f-eb23cf0a94f3,t2,t2,Business traveller,lpc0df6,Fern Colombo,4237597-RO-RFN,Deluxe Twin Room,16245,Room Only,true,25,2,false,,19709,9626,1,0,0,2026-08-20T05:22:15.814Z
4b46e583-4a54-4cab-bfce-10137fb09fe7,t3,t3,Self-funded worker,lp81760,The Steuart by Citrus,1459938501-BI-NRF,"Premium Room, City View - Early check-in or late check-out subject to availability",25519,Breakfast Included,false,123,5,false,,16826,6979,1,0,0,2026-08-20T05:22:28.853Z
f7fba6dd-f0d7-4973-8ebf-5b968059f63f,t3,t3,Self-funded worker,lp9855f,Fairway Colombo - Sri Lanka's First Hotel With Robot Technology,1459963988-RO-RFN,Superior Twin Room,28429,Room Only,true,22,5,false,,15368,6155,1,0,0,2026-08-20T05:22:29.378Z
56d6c3b9-022f-4f31-950f-eb23cf0a94f3,t3,t3,Self-funded worker,lp6e625,Hotel Janaki,479119-BI-RFN,Deluxe Double Room,15319,Breakfast Included,true,14,2,false,,16977,6330,1,0,0,2026-08-20T05:22:33.119Z
bed498e3-89fd-496a-b4b4-39ce2daa06c9,t3,t3,Self-funded worker,lp81760,The Steuart by Citrus,1459938501-BI-NRF,"Premium Room, City View - Early check-in or late check-out subject to availability",25519,Breakfast Included,false,123,5,false,,19243,8832,1,0,0,2026-08-20T05:22:33.973Z
f7fba6dd-f0d7-4973-8ebf-5b968059f63f,t4,t4,Family on holiday,lp67286,Colombo Court Hotel & Spa,481449-RO-RFN,Suite,52144,Room Only,true,44,5,false,,17052,6611,1,0,0,2026-08-20T05:22:47.037Z
4b46e583-4a54-4cab-bfce-10137fb09fe7,t4,t4,Family on holiday,lp65589ffb,MaRadha Colombo,8208286-BI-RFN,Standard Double Room,42521,Breakfast Included,true,27,2,false,,17964,8131,1,0,0,2026-08-20T05:22:47.177Z
bed498e3-89fd-496a-b4b4-39ce2daa06c9,t4,t4,Family on holiday,lp65589ffb,MaRadha Colombo,8208286-RO-RFN,Standard Double Room,35408,Room Only,true,27,2,false,,18545,8693,1,0,0,2026-08-20T05:22:52.871Z
56d6c3b9-022f-4f31-950f-eb23cf0a94f3,t4,t4,Family on holiday,lp76eba,Radisson Hotel Colombo,7559276-RO-RFN,Superior Room,27402,Room Only,true,24,5,false,,21769,10668,1,0,0,2026-08-20T05:22:55.462Z
4b46e583-4a54-4cab-bfce-10137fb09fe7,t5,t5,Light sleeper,lp67708,Supun Arcade Residency,481434-BI-RFN,One-Bedroom Apartment with 15% Discount on Food & Beverage,24663,Breakfast Included,true,121,5,false,,16775,6375,1,0,0,2026-08-20T05:23:04.334Z
f7fba6dd-f0d7-4973-8ebf-5b968059f63f,t5,t5,Light sleeper,lp6e625,Hotel Janaki,479119-BI-RFN,Deluxe Double Room,15319,Breakfast Included,true,14,2,false,,17657,6859,1,0,0,2026-08-20T05:23:05.092Z
bed498e3-89fd-496a-b4b4-39ce2daa06c9,t5,t5,Light sleeper,lp6e625,Hotel Janaki,479121-BI-RFN,Deluxe Room with Pool View,15319,Breakfast Included,true,14,2,false,,18524,9240,1,0,0,2026-08-20T05:23:11.741Z
56d6c3b9-022f-4f31-950f-eb23cf0a94f3,t5,t5,Light sleeper,lp6e625,Hotel Janaki,479121-BI-RFN,Deluxe Room with Pool View,15319,Breakfast Included,true,14,2,false,,17058,8217,1,0,0,2026-08-20T05:23:13.081Z
4b46e583-4a54-4cab-bfce-10137fb09fe7,t6,t6,Beach weekender,lp40d3f,Global Towers Hotel & Apartments,476927-RO-RFN,Double or Twin Room,16041,Room Only,true,27,3,false,,16805,7163,1,0,0,2026-08-20T05:23:22.513Z
f7fba6dd-f0d7-4973-8ebf-5b968059f63f,t6,t6,Beach weekender,lp7c172,Mirage Colombo,487132-BI-RFN,Standard Double Room,24581,Breakfast Included,true,27,5,false,,21380,10546,1,0,0,2026-08-20T05:23:26.843Z
bed498e3-89fd-496a-b4b4-39ce2daa06c9,t6,t6,Beach weekender,lp40d3f,Global Towers Hotel & Apartments,476927-RO-RFN,Double or Twin Room,16041,Room Only,true,27,3,false,,14926,5947,1,0,0,2026-08-20T05:23:27.046Z
56d6c3b9-022f-4f31-950f-eb23cf0a94f3,t6,t6,Beach weekender,lp40d3f,Global Towers Hotel & Apartments,476927-RO-RFN,Double or Twin Room,16041,Room Only,true,27,3,false,,21320,10384,1,0,0,2026-08-20T05:23:34.976Z
4b46e583-4a54-4cab-bfce-10137fb09fe7,t7,t7,Long-stay consultant,lp857b8,Zylan Colombo,1461137737-RO-RFN,Deluxe Triple Room,35761,Room Only,true,32,5,false,,20159,9671,1,0,0,2026-08-20T05:23:43.069Z
56d6c3b9-022f-4f31-950f-eb23cf0a94f3,t7,t7,Long-stay consultant,lp857b8,Zylan Colombo,1461137737-RO-RFN,Deluxe Triple Room,35761,Room Only,true,32,5,false,,15993,6374,1,0,0,2026-08-20T05:24:08.736Z
4b46e583-4a54-4cab-bfce-10137fb09fe7,t7,t7,Long-stay consultant,lp857b8,Zylan Colombo,1461137737-RO-RFN,Deluxe Triple Room,35761,Room Only,true,32,5,false,,20159,9671,1,0,0,2026-08-20T05:24:09.857Z
4b46e583-4a54-4cab-bfce-10137fb09fe7,t8,t8,Value-seeking couple,lp5f0e5,Paradise Road Tintagel Colombo,476937-RO-RFN,Executive Suite,96633,Room Only,true,32,2,false,,21511,11287,1,0,0,2026-08-20T05:24:31.917Z
f7fba6dd-f0d7-4973-8ebf-5b968059f63f,t8,t8,Value-seeking couple,lp6557c6e0,Granbell Hotel Colombo,4368098-RO-NRF,Superior Double City View,28807,Room Only,false,27,3,false,,27530,17748,1,0,0,2026-08-20T05:24:37.887Z
bed498e3-89fd-496a-b4b4-39ce2daa06c9,t8,t8,Value-seeking couple,lp6574b103,"Amari Colombo, Sri Lanka",844832-RO-RFN,Superior City View King,46259,Room Only,true,29,5,false,,30750,19668,1,0,0,2026-08-20T05:24:41.258Z
4b46e583-4a54-4cab-bfce-10137fb09fe7,t9,t9,Remote worker,lp40d3f,Global Towers Hotel & Apartments,476929-RO-RFN,Two-Bedroom Apartment with Sea View/City view,41030,Room Only,true,124,3,false,,18035,8308,1,0,0,2026-08-20T05:24:50.350Z
f7fba6dd-f0d7-4973-8ebf-5b968059f63f,t9,t9,Remote worker,lp7c172,Mirage Colombo,487132-BI-RFN,Standard Double Room,24581,Breakfast Included,true,27,5,false,,18718,8969,1,0,0,2026-08-20T05:24:56.988Z
56d6c3b9-022f-4f31-950f-eb23cf0a94f3,t8,t8,Value-seeking couple,lp656d40c7,Sheraton Colombo Hotel,5289360-RO-RFN,Deluxe Twin Room with City View with 15% spa discount per room + 15% F&B discount per room + Early check in an,56627,Room Only,true,36,5,false,,48585,38297,1,0,0,2026-08-20T05:24:59.452Z
bed498e3-89fd-496a-b4b4-39ce2daa06c9,t9,t9,Remote worker,lp7c172,Mirage Colombo,487132-BI-RFN,Standard Double Room,24581,Breakfast Included,true,27,5,false,,18001,8625,1,0,0,2026-08-20T05:24:59.825Z
4b46e583-4a54-4cab-bfce-10137fb09fe7,t10,t10,Business traveller,lpc0df6,Fern Colombo,4237595-RO-RFN,King Room,16245,Room Only,true,25,2,false,,17627,7415,1,0,0,2026-08-20T05:25:08.392Z
f7fba6dd-f0d7-4973-8ebf-5b968059f63f,t10,t10,Business traveller,lp857b8,Zylan Colombo,1461137737-RO-RFN,Deluxe Triple Room,35761,Room Only,true,32,5,false,,14944,5704,1,0,0,2026-08-20T05:25:12.274Z
56d6c3b9-022f-4f31-950f-eb23cf0a94f3,t9,t9,Remote worker,lp7c172,Mirage Colombo,487132-BI-RFN,Standard Double Room,24581,Breakfast Included,true,27,5,false,,14429,4560,1,0,0,2026-08-20T05:25:14.251Z
bed498e3-89fd-496a-b4b4-39ce2daa06c9,t10,t10,Business traveller,lp72a36,Best Western Elyon Colombo,1459894716-RO-RFN,"Deluxe Room, 2 Twin Beds, Non Smoking",19568,Room Only,true,,3,false,,16929,7584,1,0,0,2026-08-20T05:25:17.126Z
56d6c3b9-022f-4f31-950f-eb23cf0a94f3,t10,t10,Business traveller,lp857b8,Zylan Colombo,481438-RO-RFN,Executive Room with Jacuzzi - 10% off on Food & Beverage,34557,Room Only,true,60,5,false,,18776,8899,1,0,0,2026-08-20T05:25:33.578Z
c13d066f-d089-4a00-a587-018f09966f0e,t1,t1,Evening walker,lpb1537,Shangri-La Colombo,2416743-RO-NRF,Deluxe Lake View Twin,68781,Room Only,false,42,5,false,,18457,8182,1,0,0,2026-08-20T05:26:36.285Z
5e3fac24-6407-4be2-b7a7-b6924d54c89d,t1,t1,Evening walker,lp3e58e,The Kingsbury Colombo,479092-BI-RFN,Superior Room,37797,Breakfast Included,true,23,2,false,,19617,9610,1,0,0,2026-08-20T05:26:36.949Z
4b60cb4b-ad8c-441b-b1f1-bbd213f675a3,t1,t1,Evening walker,lp3e58e,The Kingsbury Colombo,479092-BI-RFN,Superior Room,37797,Breakfast Included,true,23,2,false,,20113,8261,1,0,0,2026-08-20T05:26:41.152Z
f4615d06-71ed-46bf-9b0f-e31f08fdea9f,t1,t1,Evening walker,lpb1537,Shangri-La Colombo,2416743-RO-NRF,Deluxe Lake View Twin,68781,Room Only,false,42,5,false,,21060,10440,1,0,0,2026-08-20T05:26:43.067Z
c13d066f-d089-4a00-a587-018f09966f0e,t2,t2,Business traveller,lp5f0e5,Paradise Road Tintagel Colombo,476937-RO-RFN,Executive Suite,96633,Room Only,true,32,2,false,,19435,9785,1,0,0,2026-08-20T05:26:56.945Z
5e3fac24-6407-4be2-b7a7-b6924d54c89d,t2,t2,Business traveller,lp857b8,Zylan Colombo,481438-RO-RFN,Executive Room with Jacuzzi - 10% off on Food & Beverage,34557,Room Only,true,60,5,false,,20902,10198,1,0,0,2026-08-20T05:26:58.564Z
4b60cb4b-ad8c-441b-b1f1-bbd213f675a3,t2,t2,Business traveller,lpc0df6,Fern Colombo,4237597-RO-RFN,Deluxe Twin Room,16245,Room Only,true,25,2,false,,17890,9037,1,0,0,2026-08-20T05:26:59.548Z
f4615d06-71ed-46bf-9b0f-e31f08fdea9f,t2,t2,Business traveller,lp857b8,Zylan Colombo,481438-RO-RFN,Executive Room with Jacuzzi - 10% off on Food & Beverage,34557,Room Only,true,60,5,false,,18123,8068,1,0,0,2026-08-20T05:27:01.628Z
4b60cb4b-ad8c-441b-b1f1-bbd213f675a3,t3,t3,Self-funded worker,lp3e58e,The Kingsbury Colombo,479092-BI-RFN,Superior Room,37797,Breakfast Included,true,23,2,false,,15015,5511,1,0,0,2026-08-20T05:27:15.430Z
c13d066f-d089-4a00-a587-018f09966f0e,t3,t3,Self-funded worker,lpb1537,Shangri-La Colombo,2416743-RO-NRF,Deluxe Lake View Twin,68781,Room Only,false,42,5,false,,18738,8491,1,0,0,2026-08-20T05:27:16.413Z
5e3fac24-6407-4be2-b7a7-b6924d54c89d,t3,t3,Self-funded worker,lp3e58e,The Kingsbury Colombo,479092-BI-RFN,Superior Room,37797,Breakfast Included,true,23,2,false,,17349,8288,1,0,0,2026-08-20T05:27:16.518Z
f4615d06-71ed-46bf-9b0f-e31f08fdea9f,t3,t3,Self-funded worker,lp71118,CityRest Fort,1459617182-RO-RFN,Standard Double Room,11502,Room Only,true,,2,false,,17623,7329,1,0,0,2026-08-20T05:27:19.942Z
5e3fac24-6407-4be2-b7a7-b6924d54c89d,t4,t4,Family on holiday,lp76eba,Radisson Hotel Colombo,7559276-BI-RFN,Superior Room,36248,Breakfast Included,true,24,5,false,,14408,6149,1,0,0,2026-08-20T05:27:31.310Z
4b60cb4b-ad8c-441b-b1f1-bbd213f675a3,t4,t4,Family on holiday,lp65589ffb,MaRadha Colombo,8208286-RO-RFN,Standard Double Room,35408,Room Only,true,27,2,false,,16653,6265,1,0,0,2026-08-20T05:27:32.441Z
c13d066f-d089-4a00-a587-018f09966f0e,t4,t4,Family on holiday,lp76eba,Radisson Hotel Colombo,7559276-BI-RFN,Superior Room,36248,Breakfast Included,true,24,5,false,,17969,6640,1,0,0,2026-08-20T05:27:34.965Z
f4615d06-71ed-46bf-9b0f-e31f08fdea9f,t4,t4,Family on holiday,lp65589ffb,MaRadha Colombo,8208286-RO-RFN,Standard Double Room,35408,Room Only,true,27,2,false,,17473,7491,1,0,0,2026-08-20T05:27:37.741Z
4b60cb4b-ad8c-441b-b1f1-bbd213f675a3,t5,t5,Light sleeper,lp72a36,Best Western Elyon Colombo,1459894716-RO-RFN,"Deluxe Room, 2 Twin Beds, Non Smoking",19568,Room Only,true,,3,false,,17033,6868,1,0,0,2026-08-20T05:27:49.823Z
5e3fac24-6407-4be2-b7a7-b6924d54c89d,t5,t5,Light sleeper,lp72a36,Best Western Elyon Colombo,513432-RO-RFN,Deluxe King Room,19568,Room Only,true,24,3,false,,19481,8694,1,0,0,2026-08-20T05:27:51.277Z
c13d066f-d089-4a00-a587-018f09966f0e,t5,t5,Light sleeper,lp6e625,Hotel Janaki,479119-BI-RFN,Deluxe Double Room,15319,Breakfast Included,true,14,2,false,,17240,6354,1,0,0,2026-08-20T05:27:52.840Z
f4615d06-71ed-46bf-9b0f-e31f08fdea9f,t5,t5,Light sleeper,lp72a36,Best Western Elyon Colombo,513432-RO-RFN,Deluxe King Room,19568,Room Only,true,24,3,false,,19392,9701,1,0,0,2026-08-20T05:27:57.472Z
4b60cb4b-ad8c-441b-b1f1-bbd213f675a3,t6,t6,Beach weekender,lp7c172,Mirage Colombo,487132-BI-RFN,Standard Double Room,24581,Breakfast Included,true,27,5,false,,18132,7989,1,0,0,2026-08-20T05:28:08.352Z
c13d066f-d089-4a00-a587-018f09966f0e,t6,t6,Beach weekender,lp7c172,Mirage Colombo,487132-RO-RFN,Standard Double Room,20482,Room Only,true,27,5,false,,16003,6926,1,0,0,2026-08-20T05:28:09.709Z
5e3fac24-6407-4be2-b7a7-b6924d54c89d,t6,t6,Beach weekender,lp40d3f,Global Towers Hotel & Apartments,476927-RO-RFN,Double or Twin Room,16041,Room Only,true,27,3,false,,21676,9769,1,0,0,2026-08-20T05:28:13.772Z
f4615d06-71ed-46bf-9b0f-e31f08fdea9f,t6,t6,Beach weekender,lp7c172,Mirage Colombo,487132-BI-RFN,Standard Double Room,24581,Breakfast Included,true,27,5,false,,16362,6985,1,0,0,2026-08-20T05:28:14.261Z
4b60cb4b-ad8c-441b-b1f1-bbd213f675a3,t7,t7,Long-stay consultant,lpc0df6,Fern Colombo,4237597-RO-RFN,Deluxe Twin Room,16245,Room Only,true,25,2,false,,17254,6649,1,0,0,2026-08-20T05:28:26.180Z
c13d066f-d089-4a00-a587-018f09966f0e,t7,t7,Long-stay consultant,lp857b8,Zylan Colombo,1461137737-RO-RFN,Deluxe Triple Room,35761,Room Only,true,32,5,false,,16977,7511,1,0,0,2026-08-20T05:28:27.209Z
f4615d06-71ed-46bf-9b0f-e31f08fdea9f,t7,t7,Long-stay consultant,lpc0df6,Fern Colombo,4237597-RO-RFN,Deluxe Twin Room,16245,Room Only,true,25,2,false,,17673,9312,1,0,0,2026-08-20T05:28:32.504Z
5e3fac24-6407-4be2-b7a7-b6924d54c89d,t7,t7,Long-stay consultant,lp857b8,Zylan Colombo,481438-RO-RFN,Executive Room with Jacuzzi - 10% off on Food & Beverage,34557,Room Only,true,60,5,false,,18702,7482,1,0,0,2026-08-20T05:28:32.823Z
c13d066f-d089-4a00-a587-018f09966f0e,t8,t8,Value-seeking couple,lp656d40c7,Sheraton Colombo Hotel,5289360-RO-RFN,Deluxe Twin Room with City View with 15% spa discount per room + 15% F&B discount per room + Early check in an,56627,Room Only,true,36,5,false,,16851,8906,1,0,0,2026-08-20T05:28:44.603Z
4b60cb4b-ad8c-441b-b1f1-bbd213f675a3,t8,t8,Value-seeking couple,lp656d3aa9,Sofia Colombo City Hotel,1459099171-RO-RFN,Deluxe Twin Room with Partial Sea View,23620,Room Only,true,21,3,false,,18747,10343,1,0,0,2026-08-20T05:28:45.603Z
5e3fac24-6407-4be2-b7a7-b6924d54c89d,t8,t8,Value-seeking couple,lp6574b103,"Amari Colombo, Sri Lanka",844831-RO-RFN,Superior City View Twin,42203,Room Only,true,29,5,false,,16070,5894,1,0,0,2026-08-20T05:28:49.211Z
f4615d06-71ed-46bf-9b0f-e31f08fdea9f,t8,t8,Value-seeking couple,lp656d40c7,Sheraton Colombo Hotel,5289360-RO-RFN,Deluxe Twin Room with City View with 15% spa discount per room + 15% F&B discount per room + Early check in an,56627,Room Only,true,36,5,false,,18972,8668,1,0,0,2026-08-20T05:28:52.065Z
4b60cb4b-ad8c-441b-b1f1-bbd213f675a3,t9,t9,Remote worker,lp40d3f,Global Towers Hotel & Apartments,476929-RO-RFN,Two-Bedroom Apartment with Sea View/City view,41030,Room Only,true,124,3,false,,17102,8414,1,0,0,2026-08-20T05:29:03.312Z
c13d066f-d089-4a00-a587-018f09966f0e,t9,t9,Remote worker,lp7c172,Mirage Colombo,487132-BI-RFN,Standard Double Room,24581,Breakfast Included,true,27,5,false,,18604,8278,1,0,0,2026-08-20T05:29:03.788Z
5e3fac24-6407-4be2-b7a7-b6924d54c89d,t9,t9,Remote worker,lp7c172,Mirage Colombo,487132-RO-RFN,Standard Double Room,20482,Room Only,true,27,5,false,,17295,7799,1,0,0,2026-08-20T05:29:06.814Z
f4615d06-71ed-46bf-9b0f-e31f08fdea9f,t9,t9,Remote worker,lp7c172,Mirage Colombo,487132-BI-RFN,Standard Double Room,24581,Breakfast Included,true,27,5,false,,19032,9252,1,0,0,2026-08-20T05:29:11.667Z
c13d066f-d089-4a00-a587-018f09966f0e,t10,t10,Business traveller,lp857b8,Zylan Colombo,481438-RO-RFN,Executive Room with Jacuzzi - 10% off on Food & Beverage,34557,Room Only,true,60,5,false,,18268,8456,1,0,0,2026-08-20T05:29:22.382Z
4b60cb4b-ad8c-441b-b1f1-bbd213f675a3,t10,t10,Business traveller,lp857b8,Zylan Colombo,1461137737-RO-RFN,Deluxe Triple Room,35761,Room Only,true,32,5,false,,19376,10549,1,0,0,2026-08-20T05:29:23.012Z
5e3fac24-6407-4be2-b7a7-b6924d54c89d,t10,t10,Business traveller,lpc0df6,Fern Colombo,4237595-RO-RFN,King Room,16245,Room Only,true,25,2,false,,18779,9272,1,0,0,2026-08-20T05:29:25.933Z
f4615d06-71ed-46bf-9b0f-e31f08fdea9f,t10,t10,Business traveller,lp72a36,Best Western Elyon Colombo,1459894716-RO-RFN,"Deluxe Room, 2 Twin Beds, Non Smoking",19568,Room Only,true,,3,false,,19178,10010,1,0,0,2026-08-20T05:29:31.187Z
c13d066f-d089-4a00-a587-018f09966f0e,t_attn,t_attn,Attention check,lpb1537,Shangri-La Colombo,2416733-RO-NRF,Deluxe Lake View King,68781,Room Only,false,42,5,true,true,18702,9340,1,0,0,2026-08-20T05:29:41.451Z
4b60cb4b-ad8c-441b-b1f1-bbd213f675a3,t_attn,t_attn,Attention check,lpb1537,Shangri-La Colombo,2416743-RO-NRF,Deluxe Lake View Twin,68781,Room Only,false,42,5,true,true,18852,8160,1,0,0,2026-08-20T05:29:42.218Z
5e3fac24-6407-4be2-b7a7-b6924d54c89d,t_attn,t_attn,Attention check,lpb1537,Shangri-La Colombo,2416733-RO-NRF,Deluxe Lake View King,68781,Room Only,false,42,5,true,true,17805,9359,1,0,0,2026-08-20T05:29:44.054Z
f4615d06-71ed-46bf-9b0f-e31f08fdea9f,t_attn,t_attn,Attention check,lpb1537,Shangri-La Colombo,2416733-RO-NRF,Deluxe Lake View King,68781,Room Only,false,42,5,true,true,19150,8814,1,0,0,2026-08-20T05:29:50.681Z
0ff0663d-5438-4bc0-9404-12765bb2ce12,t1,t1,Evening walker,lp6e625,Hotel Janaki,479119-BI-RFN,Deluxe Double Room,15319,Breakfast Included,true,14,2,false,,16372,7198,1,0,0,2026-08-20T05:30:20.053Z
6a17e9bd-70c1-4199-b8b0-511a1896f5ea,t1,t1,Evening walker,lpb1537,Shangri-La Colombo,2416743-RO-NRF,Deluxe Lake View Twin,68781,Room Only,false,42,5,false,,20988,9423,1,0,0,2026-08-20T05:30:24.233Z
c387cea5-a9b9-44cd-8d00-1f379aaa83fa,t1,t1,Evening walker,lp71118,CityRest Fort,1459617182-RO-RFN,Standard Double Room,11502,Room Only,true,,2,false,,15875,7012,1,0,0,2026-08-20T05:30:24.393Z
64b53ac1-d6cd-4b25-b596-f9adf939c565,t1,t1,Evening walker,lp3e58e,The Kingsbury Colombo,479092-BI-RFN,Superior Room,37797,Breakfast Included,true,23,2,false,,18213,7772,1,0,0,2026-08-20T05:30:25.371Z
0ff0663d-5438-4bc0-9404-12765bb2ce12,t2,t2,Business traveller,lpc0df6,Fern Colombo,4237595-RO-RFN,King Room,16245,Room Only,true,25,2,false,,15392,5631,1,0,0,2026-08-20T05:30:36.108Z
6a17e9bd-70c1-4199-b8b0-511a1896f5ea,t2,t2,Business traveller,lp857b8,Zylan Colombo,481438-RO-RFN,Executive Room with Jacuzzi - 10% off on Food & Beverage,34557,Room Only,true,60,5,false,,15800,6062,1,0,0,2026-08-20T05:30:40.682Z
c387cea5-a9b9-44cd-8d00-1f379aaa83fa,t2,t2,Business traveller,lp857b8,Zylan Colombo,481438-RO-RFN,Executive Room with Jacuzzi - 10% off on Food & Beverage,34557,Room Only,true,60,5,false,,19880,9378,1,0,0,2026-08-20T05:30:44.790Z
64b53ac1-d6cd-4b25-b596-f9adf939c565,t2,t2,Business traveller,lp72a36,Best Western Elyon Colombo,1459894716-RO-RFN,"Deluxe Room, 2 Twin Beds, Non Smoking",19568,Room Only,true,,3,false,,19820,9158,1,0,0,2026-08-20T05:30:46.001Z
0ff0663d-5438-4bc0-9404-12765bb2ce12,t3,t3,Self-funded worker,lp6f007,Clock Inn Colombo,1321691605-BI-RFN,Standard Double Room,13715,Breakfast Included,true,25,2,false,,19523,8502,1,0,0,2026-08-20T05:30:56.323Z
6a17e9bd-70c1-4199-b8b0-511a1896f5ea,t3,t3,Self-funded worker,lp65589ffb,MaRadha Colombo,8208286-RO-RFN,Standard Double Room,35408,Room Only,true,27,2,false,,19449,8749,1,0,0,2026-08-20T05:31:00.939Z
c387cea5-a9b9-44cd-8d00-1f379aaa83fa,t3,t3,Self-funded worker,lp81760,The Steuart by Citrus,1459938501-BI-NRF,"Premium Room, City View - Early check-in or late check-out subject to availability",25519,Breakfast Included,false,123,5,false,,17438,8036,1,0,0,2026-08-20T05:31:02.861Z
64b53ac1-d6cd-4b25-b596-f9adf939c565,t3,t3,Self-funded worker,lp81760,The Steuart by Citrus,1459938501-BI-NRF,"Premium Room, City View - Early check-in or late check-out subject to availability",25519,Breakfast Included,false,123,5,false,,20547,9593,1,0,0,2026-08-20T05:31:07.003Z
0ff0663d-5438-4bc0-9404-12765bb2ce12,t4,t4,Family on holiday,lp6f007,Clock Inn Colombo,1321691605-BI-RFN,Standard Double Room,13715,Breakfast Included,true,25,2,false,,17875,8546,1,0,0,2026-08-20T05:31:15.054Z
6a17e9bd-70c1-4199-b8b0-511a1896f5ea,t4,t4,Family on holiday,lp656d40c7,Sheraton Colombo Hotel,5289365-RO-RFN,Deluxe King Room with City View with 15% spa discount per room + 15% F&B discount per room + Early check in an,56627,Room Only,true,36,5,false,,16991,6090,1,0,0,2026-08-20T05:31:18.407Z
c387cea5-a9b9-44cd-8d00-1f379aaa83fa,t4,t4,Family on holiday,lp65589ffb,MaRadha Colombo,8208286-BI-RFN,Standard Double Room,42521,Breakfast Included,true,27,2,false,,18262,8316,1,0,0,2026-08-20T05:31:21.722Z
64b53ac1-d6cd-4b25-b596-f9adf939c565,t4,t4,Family on holiday,lp65589ffb,MaRadha Colombo,8208286-BI-RFN,Standard Double Room,42521,Breakfast Included,true,27,2,false,,20682,9618,1,0,0,2026-08-20T05:31:28.074Z
0ff0663d-5438-4bc0-9404-12765bb2ce12,t5,t5,Light sleeper,lp72a36,Best Western Elyon Colombo,513432-RO-RFN,Deluxe King Room,19568,Room Only,true,24,3,false,,17337,6917,1,0,0,2026-08-20T05:31:32.744Z
6a17e9bd-70c1-4199-b8b0-511a1896f5ea,t5,t5,Light sleeper,lp656d40c7,Sheraton Colombo Hotel,5289360-RO-RFN,Deluxe Twin Room with City View with 15% spa discount per room + 15% F&B discount per room + Early check in an,56627,Room Only,true,36,5,false,,19415,10458,1,0,0,2026-08-20T05:31:38.187Z
c387cea5-a9b9-44cd-8d00-1f379aaa83fa,t5,t5,Light sleeper,lp72a36,Best Western Elyon Colombo,1459894716-RO-RFN,"Deluxe Room, 2 Twin Beds, Non Smoking",19568,Room Only,true,,3,false,,19261,9863,1,0,0,2026-08-20T05:31:41.309Z
64b53ac1-d6cd-4b25-b596-f9adf939c565,t5,t5,Light sleeper,lp72a36,Best Western Elyon Colombo,1459894716-RO-RFN,"Deluxe Room, 2 Twin Beds, Non Smoking",19568,Room Only,true,,3,false,,17189,6215,1,0,0,2026-08-20T05:31:45.728Z
0ff0663d-5438-4bc0-9404-12765bb2ce12,t6,t6,Beach weekender,lp40d3f,Global Towers Hotel & Apartments,476927-RO-RFN,Double or Twin Room,16041,Room Only,true,27,3,false,,20952,9754,1,0,0,2026-08-20T05:31:54.108Z
6a17e9bd-70c1-4199-b8b0-511a1896f5ea,t6,t6,Beach weekender,lp7c172,Mirage Colombo,487132-RO-RFN,Standard Double Room,20482,Room Only,true,27,5,false,,18447,8838,1,0,0,2026-08-20T05:31:56.985Z
c387cea5-a9b9-44cd-8d00-1f379aaa83fa,t6,t6,Beach weekender,lp40d3f,Global Towers Hotel & Apartments,476927-RO-RFN,Double or Twin Room,16041,Room Only,true,27,3,false,,18252,7646,1,0,0,2026-08-20T05:31:59.934Z
64b53ac1-d6cd-4b25-b596-f9adf939c565,t6,t6,Beach weekender,lp67708,Supun Arcade Residency,481434-RO-RFN,One-Bedroom Apartment with 15% Discount on Food & Beverage,20768,Room Only,true,121,5,false,,20515,10085,1,0,0,2026-08-20T05:32:06.585Z
0ff0663d-5438-4bc0-9404-12765bb2ce12,t7,t7,Long-stay consultant,lp5f0e5,Paradise Road Tintagel Colombo,476937-RO-RFN,Executive Suite,96633,Room Only,true,32,2,false,,16770,8993,1,0,0,2026-08-20T05:32:11.611Z
6a17e9bd-70c1-4199-b8b0-511a1896f5ea,t7,t7,Long-stay consultant,lp5f0e5,Paradise Road Tintagel Colombo,476937-RO-RFN,Executive Suite,96633,Room Only,true,32,2,false,,15456,6545,1,0,0,2026-08-20T05:32:12.798Z
c387cea5-a9b9-44cd-8d00-1f379aaa83fa,t7,t7,Long-stay consultant,lp857b8,Zylan Colombo,1461137737-RO-RFN,Deluxe Triple Room,35761,Room Only,true,32,5,false,,18452,6430,1,0,0,2026-08-20T05:32:18.924Z
64b53ac1-d6cd-4b25-b596-f9adf939c565,t7,t7,Long-stay consultant,lp5f0e5,Paradise Road Tintagel Colombo,476937-RO-RFN,Executive Suite,96633,Room Only,true,32,2,false,,17944,8235,1,0,0,2026-08-20T05:32:24.992Z
0ff0663d-5438-4bc0-9404-12765bb2ce12,t8,t8,Value-seeking couple,lp6574b103,"Amari Colombo, Sri Lanka",844832-RO-RFN,Superior City View King,46259,Room Only,true,29,5,false,,17033,7525,1,0,0,2026-08-20T05:32:29.072Z
6a17e9bd-70c1-4199-b8b0-511a1896f5ea,t8,t8,Value-seeking couple,lp65589ffb,MaRadha Colombo,8208286-RO-RFN,Standard Double Room,35408,Room Only,true,27,2,false,,16690,6166,1,0,0,2026-08-20T05:32:29.934Z
c387cea5-a9b9-44cd-8d00-1f379aaa83fa,t8,t8,Value-seeking couple,lp5f0e5,Paradise Road Tintagel Colombo,476937-BI-RFN,Executive Suite,105766,Breakfast Included,true,32,2,false,,15786,6026,1,0,0,2026-08-20T05:32:35.076Z
64b53ac1-d6cd-4b25-b596-f9adf939c565,t8,t8,Value-seeking couple,lp6557c6e0,Granbell Hotel Colombo,1459818931-RO-NRF,Superior Twin Room with City View,29667,Room Only,false,0,3,false,,17801,8262,1,0,0,2026-08-20T05:32:43.152Z
0ff0663d-5438-4bc0-9404-12765bb2ce12,t9,t9,Remote worker,lp65589ffb,MaRadha Colombo,8208286-RO-RFN,Standard Double Room,35408,Room Only,true,27,2,false,,18930,9999,1,0,0,2026-08-20T05:32:48.361Z
6a17e9bd-70c1-4199-b8b0-511a1896f5ea,t9,t9,Remote worker,lp65589ffb,MaRadha Colombo,8208286-BI-RFN,Standard Double Room,42521,Breakfast Included,true,27,2,false,,21056,9942,1,0,0,2026-08-20T05:32:51.744Z
c387cea5-a9b9-44cd-8d00-1f379aaa83fa,t9,t9,Remote worker,lp40d3f,Global Towers Hotel & Apartments,476927-RO-RFN,Double or Twin Room,16041,Room Only,true,27,3,false,,18238,9666,1,0,0,2026-08-20T05:32:53.985Z
64b53ac1-d6cd-4b25-b596-f9adf939c565,t9,t9,Remote worker,lp7c172,Mirage Colombo,487132-BI-RFN,Standard Double Room,24581,Breakfast Included,true,27,5,false,,17431,7524,1,0,0,2026-08-20T05:33:01.158Z
0ff0663d-5438-4bc0-9404-12765bb2ce12,t10,t10,Business traveller,lp72a36,Best Western Elyon Colombo,513432-RO-RFN,Deluxe King Room,19568,Room Only,true,24,3,false,,18891,8964,1,0,0,2026-08-20T05:33:08.079Z
6a17e9bd-70c1-4199-b8b0-511a1896f5ea,t10,t10,Business traveller,lp65589ffb,MaRadha Colombo,8208286-RO-RFN,Standard Double Room,35408,Room Only,true,27,2,false,,17505,8127,1,0,0,2026-08-20T05:33:09.605Z
c387cea5-a9b9-44cd-8d00-1f379aaa83fa,t10,t10,Business traveller,lp857b8,Zylan Colombo,481438-RO-RFN,Executive Room with Jacuzzi - 10% off on Food & Beverage,34557,Room Only,true,60,5,false,,19832,8858,1,0,0,2026-08-20T05:33:14.393Z
64b53ac1-d6cd-4b25-b596-f9adf939c565,t10,t10,Business traveller,lp72a36,Best Western Elyon Colombo,513432-RO-RFN,Deluxe King Room,19568,Room Only,true,24,3,false,,19811,8984,1,0,0,2026-08-20T05:33:21.333Z
0ff0663d-5438-4bc0-9404-12765bb2ce12,t_attn,t_attn,Attention check,lpb1537,Shangri-La Colombo,2416733-RO-NRF,Deluxe Lake View King,68781,Room Only,false,42,5,true,true,15099,7007,1,0,0,2026-08-20T05:33:23.519Z
6a17e9bd-70c1-4199-b8b0-511a1896f5ea,t_attn,t_attn,Attention check,lpb1537,Shangri-La Colombo,2416733-RO-RFN,Deluxe Lake View King,73076,Room Only,true,42,5,true,true,17981,6991,1,0,0,2026-08-20T05:33:27.988Z
c387cea5-a9b9-44cd-8d00-1f379aaa83fa,t_attn,t_attn,Attention check,lpb1537,Shangri-La Colombo,2416733-RO-NRF,Deluxe Lake View King,68781,Room Only,false,42,5,true,true,17702,9165,1,0,0,2026-08-20T05:33:32.438Z
64b53ac1-d6cd-4b25-b596-f9adf939c565,t_attn,t_attn,Attention check,lp9855f,Fairway Colombo - Sri Lanka's First Hotel With Robot Technology,1459638294-BI-RFN,Superior Balcony Room,32800,Breakfast Included,true,31,5,true,false,16945,6664,1,0,0,2026-08-20T05:33:39.610Z