{
  "city": "Colombo",
  "k": 10,
  "n_queries": 10,
  "pool_size": 40,
  "overall": {
    "Filter": {
      "P@10": 0.74,
      "R@10": 0.6350543900543901,
      "nDCG@10": 0.7406473352251288,
      "MRR": 0.7474999999999999
    },
    "VectorRAG": {
      "P@10": 0.26999999999999996,
      "R@10": 0.2134052059052059,
      "nDCG@10": 0.2667743176735876,
      "MRR": 0.40428571428571425
    },
    "WeightedGraphRAG": {
      "P@10": 0.6300000000000001,
      "R@10": 0.6362432012432013,
      "nDCG@10": 0.759774041112564,
      "MRR": 1.0
    }
  },
  "by_category": {
    "accessibility": {
      "Filter": {
        "P@10": 0.1,
        "R@10": 0.1,
        "nDCG@10": 0.06362078819895171,
        "MRR": 0.1
      },
      "VectorRAG": {
        "P@10": 0.2,
        "R@10": 0.2,
        "nDCG@10": 0.33013764944712026,
        "MRR": 1.0
      },
      "WeightedGraphRAG": {
        "P@10": 1.0,
        "R@10": 1.0,
        "nDCG@10": 1.0,
        "MRR": 1.0
      }
    },
    "economic": {
      "Filter": {
        "P@10": 1.0,
        "R@10": 1.0,
        "nDCG@10": 1.0,
        "MRR": 1.0
      },
      "VectorRAG": {
        "P@10": 0.15,
        "R@10": 0.1875,
        "nDCG@10": 0.1320474720024558,
        "MRR": 0.1
      },
      "WeightedGraphRAG": {
        "P@10": 0.35,
        "R@10": 0.75,
        "nDCG@10": 0.6886921621021742,
        "MRR": 1.0
      }
    },
    "multi_dimensional": {
      "Filter": {
        "P@10": 0.575,
        "R@10": 0.5786616161616162,
        "nDCG@10": 0.5857131410130842,
        "MRR": 0.59375
      },
      "VectorRAG": {
        "P@10": 0.2,
        "R@10": 0.17373737373737375,
        "nDCG@10": 0.14878814780577573,
        "MRR": 0.12738095238095237
      },
      "WeightedGraphRAG": {
        "P@10": 0.6,
        "R@10": 0.6354797979797979,
        "nDCG@10": 0.7317250996309631,
        "MRR": 1.0
      }
    },
    "quality": {
      "Filter": {
        "P@10": 1.0,
        "R@10": 0.6452991452991452,
        "nDCG@10": 1.0,
        "MRR": 1.0
      },
      "VectorRAG": {
        "P@10": 0.46666666666666673,
        "R@10": 0.28803418803418807,
        "nDCG@10": 0.49278599735358064,
        "MRR": 0.7777777777777777
      },
      "WeightedGraphRAG": {
        "P@10": 0.7333333333333334,
        "R@10": 0.4401709401709401,
        "nDCG@10": 0.7644852294658134,
        "MRR": 1.0
      }
    }
  },
  "per_query": [
    {
      "id": "q01",
      "question": "cheap budget hotels in Colombo under 25000 LKR a night",
      "category": "economic",
      "gold": {
        "max_price": 25000
      },
      "n_relevant": 8,
      "scores": {
        "Filter": {
          "P@10": 1.0,
          "R@10": 1.0,
          "nDCG@10": 1.0,
          "MRR": 1.0
        },
        "VectorRAG": {
          "P@10": 0.3,
          "R@10": 0.375,
          "nDCG@10": 0.2641,
          "MRR": 0.2
        },
        "WeightedGraphRAG": {
          "P@10": 0.4,
          "R@10": 0.5,
          "nDCG@10": 0.6188,
          "MRR": 1.0
        }
      }
    },
    {
      "id": "q02",
      "question": "very affordable hotels under 18000 rupees",
      "category": "economic",
      "gold": {
        "max_price": 18000
      },
      "n_relevant": 3,
      "scores": {
        "Filter": {
          "P@10": 1.0,
          "R@10": 1.0,
          "nDCG@10": 1.0,
          "MRR": 1.0
        },
        "VectorRAG": {
          "P@10": 0.0,
          "R@10": 0.0,
          "nDCG@10": 0.0,
          "MRR": 0.0
        },
        "WeightedGraphRAG": {
          "P@10": 0.3,
          "R@10": 1.0,
          "nDCG@10": 0.7586,
          "MRR": 1.0
        }
      }
    },
    {
      "id": "q03",
      "question": "top-rated hotels in Colombo with a rating above 4.5",
      "category": "quality",
      "gold": {
        "min_rating": 4.5
      },
      "n_relevant": 20,
      "scores": {
        "Filter": {
          "P@10": 1.0,
          "R@10": 0.5,
          "nDCG@10": 1.0,
          "MRR": 1.0
        },
        "VectorRAG": {
          "P@10": 0.6,
          "R@10": 0.3,
          "nDCG@10": 0.4768,
          "MRR": 0.3333
        },
        "WeightedGraphRAG": {
          "P@10": 1.0,
          "R@10": 0.5,
          "nDCG@10": 1.0,
          "MRR": 1.0
        }
      }
    },
    {
      "id": "q04",
      "question": "luxury 5 star hotels in Colombo",
      "category": "quality",
      "gold": {
        "min_star": 5
      },
      "n_relevant": 15,
      "scores": {
        "Filter": {
          "P@10": 1.0,
          "R@10": 0.6667,
          "nDCG@10": 1.0,
          "MRR": 1.0
        },
        "VectorRAG": {
          "P@10": 0.5,
          "R@10": 0.3333,
          "nDCG@10": 0.6051,
          "MRR": 1.0
        },
        "WeightedGraphRAG": {
          "P@10": 1.0,
          "R@10": 0.6667,
          "nDCG@10": 1.0,
          "MRR": 1.0
        }
      }
    },
    {
      "id": "q05",
      "question": "hotels with quick easy access and low travel time from the city",
      "category": "accessibility",
      "gold": {
        "max_travel_time": 5.0
      },
      "n_relevant": 10,
      "scores": {
        "Filter": {
          "P@10": 0.1,
          "R@10": 0.1,
          "nDCG@10": 0.0636,
          "MRR": 0.1
        },
        "VectorRAG": {
          "P@10": 0.2,
          "R@10": 0.2,
          "nDCG@10": 0.3301,
          "MRR": 1.0
        },
        "WeightedGraphRAG": {
          "P@10": 1.0,
          "R@10": 1.0,
          "nDCG@10": 1.0,
          "MRR": 1.0
        }
      }
    },
    {
      "id": "q06",
      "question": "well rated hotels with good road access and stable ETA",
      "category": "multi_dimensional",
      "gold": {
        "min_rating": 4.3,
        "max_travel_time": 6.0
      },
      "n_relevant": 15,
      "scores": {
        "Filter": {
          "P@10": 0.4,
          "R@10": 0.2667,
          "nDCG@10": 0.3062,
          "MRR": 0.25
        },
        "VectorRAG": {
          "P@10": 0.3,
          "R@10": 0.2,
          "nDCG@10": 0.2064,
          "MRR": 0.1429
        },
        "WeightedGraphRAG": {
          "P@10": 0.9,
          "R@10": 0.6,
          "nDCG@10": 0.9364,
          "MRR": 1.0
        }
      }
    },
    {
      "id": "q07",
      "question": "budget friendly hotels that are also easy to reach quickly",
      "category": "multi_dimensional",
      "gold": {
        "max_price": 30000,
        "max_travel_time": 6.0
      },
      "n_relevant": 4,
      "scores": {
        "Filter": {
          "P@10": 0.1,
          "R@10": 0.25,
          "nDCG@10": 0.1232,
          "MRR": 0.125
        },
        "VectorRAG": {
          "P@10": 0.0,
          "R@10": 0.0,
          "nDCG@10": 0.0,
          "MRR": 0.0
        },
        "WeightedGraphRAG": {
          "P@10": 0.3,
          "R@10": 0.75,
          "nDCG@10": 0.6596,
          "MRR": 1.0
        }
      }
    },
    {
      "id": "q08",
      "question": "highly rated mid-range hotels under 45000 LKR",
      "category": "multi_dimensional",
      "gold": {
        "min_rating": 4.4,
        "max_price": 45000
      },
      "n_relevant": 11,
      "scores": {
        "Filter": {
          "P@10": 1.0,
          "R@10": 0.9091,
          "nDCG@10": 1.0,
          "MRR": 1.0
        },
        "VectorRAG": {
          "P@10": 0.3,
          "R@10": 0.2727,
          "nDCG@10": 0.2141,
          "MRR": 0.1667
        },
        "WeightedGraphRAG": {
          "P@10": 0.7,
          "R@10": 0.6364,
          "nDCG@10": 0.7001,
          "MRR": 1.0
        }
      }
    },
    {
      "id": "q09",
      "question": "premium high quality hotels rated 4.6 or higher",
      "category": "quality",
      "gold": {
        "min_rating": 4.6
      },
      "n_relevant": 13,
      "scores": {
        "Filter": {
          "P@10": 1.0,
          "R@10": 0.7692,
          "nDCG@10": 1.0,
          "MRR": 1.0
        },
        "VectorRAG": {
          "P@10": 0.3,
          "R@10": 0.2308,
          "nDCG@10": 0.3964,